Country Name,Country Code,Time,Time Code,Carbon dioxide (CO2) emissions (total) excluding LULUCF (% change from 1990) [EN.GHG.CO2.ZG.AR5],Carbon dioxide (CO2) emissions (total) excluding LULUCF (Mt CO2e) [EN.GHG.CO2.MT.CE.AR5],Carbon dioxide (CO2) emissions excluding LULUCF per capita (t CO2e/capita) [EN.GHG.CO2.PC.CE.AR5],Renewable energy consumption (% of total final energy consumption) [EG.FEC.RNEW.ZS],"Access to electricity, rural (% of rural population) [EG.ELC.ACCS.RU.ZS]","Access to electricity, urban (% of urban population) [EG.ELC.ACCS.UR.ZS]",Forest area (sq. km) [AG.LND.FRST.K2]
Afghanistan,AFG,2021,YR2021,171.3982616,7.9308,0.198267958,20,97.1,99.5,12084.4
Afghanistan,AFG,2022,YR2022,182.6603244,8.2599,0.20355189,20,81.7,95.9,12084.4
Afghanistan,AFG,2023,YR2023,197.970707,8.7073,0.210043425,..,..,..,..
Albania,ALB,2021,YR2021,-24.16403311,5.0393,1.792282583,41.9,100,100,7889
Albania,ALB,2022,YR2022,-30.63957863,4.609,1.659293031,..,100,100,7889
Albania,ALB,2023,YR2023,-30.89841986,4.5918,1.672194764,..,..,..,..
Algeria,DZA,2021,YR2021,149.0906924,179.7421,4.015587285,0.1,99.3,100,19583.333
Algeria,DZA,2022,YR2022,158.6560568,186.6444,4.104114245,..,99.3,100,19681.111
Algeria,DZA,2023,YR2023,149.9436663,180.3576,3.906869951,..,..,..,..
American Samoa,ASM,2021,YR2021,0,0.0001,0.002031488,0.4,..,..,171
American Samoa,ASM,2022,YR2022,0,0.0001,0.002068595,0.4,..,..,170.7
American Samoa,ASM,2023,YR2023,0,0.0001,0.002104333,..,..,..,..
Andorra,AND,2021,YR2021,..,..,..,18.4,100,100,160
Andorra,AND,2022,YR2022,..,..,..,18.7,100,100,160
Andorra,AND,2023,YR2023,..,..,..,..,..,..,..
Angola,AGO,2021,YR2021,124.9441264,25.2628,0.73156742,52.9,..,75,660523.133
Angola,AGO,2022,YR2022,143.555611,27.353,0.767587421,..,..,76.2,654972.511
Angola,AGO,2023,YR2023,151.3636728,28.2299,0.768162509,..,..,..,..
Antigua and Barbuda,ATG,2021,YR2021,86.43860721,0.3052,3.304854411,0.9,100,100,80.533
Antigua and Barbuda,ATG,2022,YR2022,87.23274282,0.3065,3.301378716,0.9,100,100,79.911
Antigua and Barbuda,ATG,2023,YR2023,97.37324374,0.3231,3.462428737,..,..,..,..
Argentina,ARG,2021,YR2021,90.30498784,190.662,4.20773344,9.2,100,100,284636.667
Argentina,ARG,2022,YR2022,93.11930818,193.4816,4.26096743,..,100,100,283552.222
Argentina,ARG,2023,YR2023,83.4342773,183.7784,4.035679689,..,..,..,..
Armenia,ARM,2021,YR2021,-63.86350403,7.5092,2.534922189,9.1,100,99.9,3282.6
Armenia,ARM,2022,YR2022,-64.921728,7.2893,2.454971036,..,100,100,3280.5
Armenia,ARM,2023,YR2023,-62.82452924,7.7251,2.582868033,..,..,..,..
Aruba,ABW,2021,YR2021,149.1786959,0.5006,4.648096565,8.8,100,100,4.2
Aruba,ABW,2022,YR2022,150.223992,0.5027,4.684558755,8.8,100,100,4.2
Aruba,ABW,2023,YR2023,163.8128422,0.53,4.936707682,..,..,..,..
Australia,AUS,2021,YR2021,38.5164431,384.6772,14.97648549,12.3,100,100,1340051
Australia,AUS,2022,YR2022,34.98807939,374.8785,14.41042324,..,100,100,1340051
Australia,AUS,2023,YR2023,34.53361626,373.6164,14.01467155,..,..,..,..
Austria,AUT,2021,YR2021,7.498460834,66.1753,7.389102276,36,100,100,38926.4
Austria,AUT,2022,YR2022,-0.545165393,61.2237,6.771146749,..,100,100,38954.5
Austria,AUT,2023,YR2023,-4.457815472,58.8151,6.44071828,..,..,..,..
Azerbaijan,AZE,2021,YR2021,-33.30054896,37.4346,3.692594511,1.3,100,100,11432.967
Azerbaijan,AZE,2022,YR2022,-29.75092785,39.4268,3.887571344,..,100,100,11548.256
Azerbaijan,AZE,2023,YR2023,-23.80092046,42.7662,4.211776334,..,..,..,..
"Bahamas, The",BHS,2021,YR2021,46.3910882,1.5901,4.011625413,1.1,100,100,5098.6
"Bahamas, The",BHS,2022,YR2022,47.00791751,1.5968,4.01672293,1.1,100,100,5098.6
"Bahamas, The",BHS,2023,YR2023,55.00828577,1.6837,4.215151212,..,..,..,..
Bahrain,BHR,2021,YR2021,210.7102668,37.2756,24.77829516,0,100,100,7.2
Bahrain,BHR,2022,YR2022,202.4873092,36.2891,23.80092255,..,100,100,7.4
Bahrain,BHR,2023,YR2023,211.9605898,37.4256,23.7312618,..,..,..,..
Bangladesh,BGD,2021,YR2021,690.2238988,116.6813,0.695944755,25,98.5,99.7,18834
Bangladesh,BGD,2022,YR2022,740.3173593,124.0779,0.732520444,..,99.3,100,18834
Bangladesh,BGD,2023,YR2023,745.1630818,124.7934,0.727798394,..,..,..,..
Barbados,BRB,2021,YR2021,23.00194932,0.7572,2.683707429,5.5,100,100,63
Barbados,BRB,2022,YR2022,23.42430149,0.7598,2.691291381,5.5,100,100,63
Barbados,BRB,2023,YR2023,29.33723197,0.7962,2.820044203,..,..,..,..
Belarus,BLR,2021,YR2021,-44.43588461,58.6377,6.303376965,8.2,100,100,87821
Belarus,BLR,2022,YR2022,-46.15205303,56.8266,6.158015039,..,100,100,87966
Belarus,BLR,2023,YR2023,-48.66400206,54.1757,5.902586732,..,..,..,..
Belgium,BEL,2021,YR2021,-16.88786498,96.251,8.307386506,11.7,100,100,6893
Belgium,BEL,2022,YR2022,-22.5106771,89.7393,7.68302111,..,100,100,6893
Belgium,BEL,2023,YR2023,-27.20221123,84.3061,7.152207908,..,..,..,..
Belize,BLZ,2021,YR2021,95.54140127,0.2456,0.621227988,26.6,97.1,98.4,12658.9
Belize,BLZ,2022,YR2022,108.3598726,0.2617,0.649810172,30.8,97.1,98.4,12547.3
Belize,BLZ,2023,YR2023,121.7356688,0.2785,0.677440855,..,..,..,..
Benin,BEN,2021,YR2021,1526.240242,6.4578,0.481443319,54.5,18,67,30851.5
Benin,BEN,2022,YR2022,1566.83455,6.619,0.481049422,..,45.5,71.1,30351.5
Benin,BEN,2023,YR2023,1521.22891,6.4379,0.456231627,..,..,..,..
Bermuda,BMU,2021,YR2021,31.12871287,0.3311,5.121581487,0.9,100,100,10
Bermuda,BMU,2022,YR2022,31.64356436,0.3324,5.133670018,0.9,100,100,10
Bermuda,BMU,2023,YR2023,38.81188119,0.3505,5.417478129,..,..,..,..
Bhutan,BTN,2021,YR2021,932.1743929,1.8703,2.411914753,81.8,100,100,27270.6
Bhutan,BTN,2022,YR2022,963.3002208,1.9267,2.467237109,82.5,100,100,27290.4
Bhutan,BTN,2023,YR2023,996.4128035,1.9867,2.526370671,..,..,..,..
Bolivia,BOL,2021,YR2021,231.3890239,21.8107,1.827095773,12.8,95.1,100,506207.733
Bolivia,BOL,2022,YR2022,245.4691868,22.7374,1.882678651,..,95.6,100,504164.444
Bolivia,BOL,2023,YR2023,261.7190349,23.8069,1.944347505,..,..,..,..
Bosnia and Herzegovina,BIH,2021,YR2021,-6.544961767,22.9648,7.077182798,36.6,100,100,21879.1
Bosnia and Herzegovina,BIH,2022,YR2022,-7.570880353,22.7127,7.087083695,..,100,100,21879.1
Bosnia and Herzegovina,BIH,2023,YR2023,-10.48463564,21.9967,6.90618394,..,..,..,..
Botswana,BWA,2021,YR2021,133.6994261,6.5964,2.746850745,27.4,25,93.1,151364
Botswana,BWA,2022,YR2022,158.0138879,7.2827,2.984845231,..,25,95.5,150181
Botswana,BWA,2023,YR2023,163.0447106,7.4247,2.99353612,..,..,..,..
Brazil,BRA,2021,YR2021,123.0073889,505.9915,2.414654212,46.5,97.3,99.8,4953913.667
Brazil,BRA,2022,YR2022,111.0735606,478.9143,2.277221548,..,97.3,100,4941960.222
Brazil,BRA,2023,YR2023,111.3335493,479.5042,2.271017071,..,..,..,..
British Virgin Islands,VGB,2021,YR2021,288.5245902,0.0711,1.880504642,1.3,100,100,36.2
British Virgin Islands,VGB,2022,YR2022,290.1639344,0.0714,1.86330541,1.3,100,100,36.2
British Virgin Islands,VGB,2023,YR2023,311.4754098,0.0753,1.93151212,..,..,..,..
Brunei Darussalam,BRN,2021,YR2021,126.655814,9.7462,21.57570713,0,100,100,3800
Brunei Darussalam,BRN,2022,YR2022,119.7325581,9.4485,20.7490612,..,100,100,3800
Brunei Darussalam,BRN,2023,YR2023,125.955814,9.7161,21.17032611,..,..,..,..
Bulgaria,BGR,2021,YR2021,-42.80544445,45.7855,6.657053048,20.4,99.5,99.9,39060
Bulgaria,BGR,2022,YR2022,-37.45568517,50.0681,7.536603664,..,99.6,100,39190
Bulgaria,BGR,2023,YR2023,-50.29168468,39.7926,6.172652978,..,..,..,..
Burkina Faso,BFA,2021,YR2021,1718.020227,5.9322,0.269703772,71.2,..,67.6,61664
Burkina Faso,BFA,2022,YR2022,1782.899173,6.1439,0.27295258,71.4,3.4,60.5,61164
Burkina Faso,BFA,2023,YR2023,1738.584125,5.9993,0.260547136,..,..,..,..
Burundi,BDI,2021,YR2021,342.8143713,0.8874,0.068443276,83.1,1.6,62.8,2796.4
Burundi,BDI,2022,YR2022,318.9620758,0.8396,0.063027842,83,1.7,64,2796.4
Burundi,BDI,2023,YR2023,321.3073852,0.8443,0.061675232,..,..,..,..
Cabo Verde,CPV,2021,YR2021,1748.603352,0.9927,1.921420539,22.6,96.9,94.9,460.2
Cabo Verde,CPV,2022,YR2022,1831.284916,1.0371,1.995416948,21.8,96.9,95.3,463.2
Cabo Verde,CPV,2023,YR2023,1773.929236,1.0063,1.926556149,..,..,..,..
Cambodia,KHM,2021,YR2021,3780.985427,16.7775,0.988405711,52.4,77.1,98.9,79126.8
Cambodia,KHM,2022,YR2022,3914.457553,17.3545,1.008881435,..,88,99,77569.9
Cambodia,KHM,2023,YR2023,4056.858663,17.9701,1.03134893,..,..,..,..
Cameroon,CMR,2021,YR2021,115.2100292,10.2313,0.380123049,79.2,24.8,94.7,202844.8
Cameroon,CMR,2022,YR2022,127.7297491,10.8265,0.391799288,..,25,94,202284.8
Cameroon,CMR,2023,YR2023,126.2384047,10.7556,0.379082883,..,..,..,..
Canada,CAN,2021,YR2021,27.50451614,561.6259,14.686922,23.8,100,100,3468911.133
Canada,CAN,2022,YR2022,30.61374838,575.3213,14.77491647,..,100,100,3468541.311
Canada,CAN,2023,YR2023,30.54352877,575.012,14.34025207,..,..,..,..
Cayman Islands,CYM,2021,YR2021,194,0.3381,4.82255948,0,100,100,126.6
Cayman Islands,CYM,2022,YR2022,195.2173913,0.3395,4.7422162,0,100,100,126.4
Cayman Islands,CYM,2023,YR2023,211.3043478,0.358,4.901558093,..,..,..,..
Central African Republic,CAF,2021,YR2021,94.08432977,0.3084,0.060327458,90.9,1.6,34.7,222730
Central African Republic,CAF,2022,YR2022,122.0264317,0.3528,0.06920308,90.9,1.6,34.7,222430
Central African Republic,CAF,2023,YR2023,131.843927,0.3684,0.071500368,..,..,..,..
Chad,TCD,2021,YR2021,832,2.1902,0.122849813,69.9,1.3,43.2,42013.333
Chad,TCD,2022,YR2022,966.8085106,2.507,0.135841619,70,1.3,46.3,40914.444
Chad,TCD,2023,YR2023,994.212766,2.5714,0.133101686,..,..,..,..
Channel Islands,CHI,2021,YR2021,..,..,..,..,100,100,10.2
Channel Islands,CHI,2022,YR2022,..,..,..,..,100,100,..
Channel Islands,CHI,2023,YR2023,..,..,..,..,..,..,..
Chile,CHL,2021,YR2021,168.1547377,89.0743,4.578164622,24.2,100,100,183336.2
Chile,CHL,2022,YR2022,167.4644389,88.845,4.543795654,..,100,100,184565.266
Chile,CHL,2023,YR2023,152.8763453,83.9992,4.272847297,..,..,..,..
China,CHN,2021,YR2021,422.7900552,12621.6147,8.936542171,15.2,100,100,2218577.5
China,CHN,2022,YR2022,418.8638989,12526.8263,8.870590614,..,100,100,2237373.2
China,CHN,2023,YR2023,449.217162,13259.639,9.399266327,..,..,..,..
Colombia,COL,2021,YR2021,64.93791458,87.9477,1.718125396,29.7,100,100,589426.267
Colombia,COL,2022,YR2022,72.0884743,91.7605,1.773562939,..,100,100,587433.389
Colombia,COL,2023,YR2023,89.15882277,100.8627,1.927761453,..,..,..,..
Comoros,COM,2021,YR2021,765.9033079,0.3403,0.415926197,41.2,82.9,100,324.8
Comoros,COM,2022,YR2022,707.1246819,0.3172,0.380250016,39.3,82.9,100,320.4
Comoros,COM,2023,YR2023,708.3969466,0.3177,0.37359461,..,..,..,..
"Congo, Dem. Rep.",COD,2021,YR2021,4.187937789,3.5103,0.035404315,96.3,1,43.8,1250538.633
"Congo, Dem. Rep.",COD,2022,YR2022,15.51703669,3.892,0.038008938,..,1,45.3,1239524.911
"Congo, Dem. Rep.",COD,2023,YR2023,12.77157782,3.7995,0.035915584,..,..,..,..
"Congo, Rep.",COG,2021,YR2021,194.351017,7.0188,1.191205365,71.4,12.4,67,219310
"Congo, Rep.",COG,2022,YR2022,223.7408262,7.7196,1.279116317,..,12.4,67.5,219160
"Congo, Rep.",COG,2023,YR2023,204.08052,7.2508,1.172721149,..,..,..,..
Costa Rica,CRI,2021,YR2021,175.0960615,8.0185,1.584687553,34.2,100,99.8,30512.4
Costa Rica,CRI,2022,YR2022,177.54906,8.09,1.591966571,..,100,100,30676.1
Costa Rica,CRI,2023,YR2023,194.1299575,8.5733,1.679220061,..,..,..,..
Cote d'Ivoire,CIV,2021,YR2021,388.3213889,14.5134,0.489660232,58.2,45.2,94.9,27238.267
Cote d'Ivoire,CIV,2022,YR2022,396.7295851,14.7633,0.485714724,..,45.3,95,26109.389
Cote d'Ivoire,CIV,2023,YR2023,384.926483,14.4125,0.462448181,..,..,..,..
Croatia,HRV,2021,YR2021,-28.96018666,17.7201,4.568235833,34.1,100,100,19416.1
Croatia,HRV,2022,YR2022,-30.073084,17.4425,4.523891099,..,100,100,19441.1
Croatia,HRV,2023,YR2023,-30.01695805,17.4565,4.522777241,..,..,..,..
Cuba,CUB,2021,YR2021,-45.29725507,21.1483,1.901454824,20.9,100,100,32420
Cuba,CUB,2022,YR2022,-46.07505354,20.8476,1.88498547,..,100,100,32420
Cuba,CUB,2023,YR2023,-42.92092167,22.067,2.002462629,..,..,..,..
Curacao,CUW,2021,YR2021,..,..,..,2.8,100,100,0.7
Curacao,CUW,2022,YR2022,..,..,..,..,100,100,0.7
Curacao,CUW,2023,YR2023,..,..,..,..,..,..,..
Cyprus,CYP,2021,YR2021,48.84553196,6.9042,5.241139323,15.6,100,100,1725.1
Cyprus,CYP,2022,YR2022,54.90568072,7.1853,5.396921968,..,100,100,1724.9
Cyprus,CYP,2023,YR2023,54.86256333,7.1833,5.340838796,..,..,..,..
Czechia,CZE,2021,YR2021,-40.08888647,99.1481,9.437488268,17.2,100,100,26789
Czechia,CZE,2022,YR2022,-39.91703526,99.4325,9.317035288,..,100,100,26807.1
Czechia,CZE,2023,YR2023,-45.30684263,90.5128,8.33141109,..,..,..,..
Denmark,DNK,2021,YR2021,-43.9287758,29.3959,5.019163414,39.5,100,100,6293.8
Denmark,DNK,2022,YR2022,-46.32148171,28.1415,4.767291819,..,100,100,6303.2
Denmark,DNK,2023,YR2023,-48.93201846,26.7729,4.50195327,..,..,..,..
Djibouti,DJI,2021,YR2021,-18.53678586,0.7928,0.707069266,26.6,36.6,73.5,58.733
Djibouti,DJI,2022,YR2022,-23.08877928,0.7485,0.658255767,26.9,36.6,72.8,59.644
Djibouti,DJI,2023,YR2023,-23.01685162,0.7492,0.649814735,..,..,..,..
Dominica,DMA,2021,YR2021,254.4600939,0.0755,1.123478468,8.8,100,100,478.7
Dominica,DMA,2022,YR2022,255.8685446,0.0758,1.134289049,8.9,100,100,478.7
Dominica,DMA,2023,YR2023,275.1173709,0.0799,1.201323109,..,..,..,..
Dominican Republic,DOM,2021,YR2021,268.6661944,29.6662,2.666990067,14.8,94.8,98.8,21521.9
Dominican Republic,DOM,2022,YR2022,268.3927972,29.6442,2.639560335,..,95,98.8,21602.8
Dominican Republic,DOM,2023,YR2023,289.6009643,31.3508,2.766751991,..,..,..,..
Ecuador,ECU,2021,YR2021,127.2380811,39.8896,2.255885976,18.9,100,100,124335.6
Ecuador,ECU,2022,YR2022,140.7426185,42.2602,2.370985425,..,100,100,123692.9
Ecuador,ECU,2023,YR2023,158.220017,45.3282,2.521022845,..,..,..,..
"Egypt, Arab Rep.",EGY,2021,YR2021,172.933381,249.7365,2.250750128,6.1,100,100,449.8
"Egypt, Arab Rep.",EGY,2022,YR2022,170.1183267,247.1607,2.19467715,..,100,100,449.8
"Egypt, Arab Rep.",EGY,2023,YR2023,172.4911995,249.3319,2.176891076,..,..,..,..
El Salvador,SLV,2021,YR2021,190.4512148,7.5314,1.203910239,21.9,94.1,99.2,5793.8
El Salvador,SLV,2022,YR2022,205.3605862,7.918,1.260763983,..,100,100,5748.8
El Salvador,SLV,2023,YR2023,223.1623602,8.3796,1.328066458,..,..,..,..
Equatorial Guinea,GNQ,2021,YR2021,6029.676512,4.3582,2.477959229,5.2,1.4,90.3,24400.6
Equatorial Guinea,GNQ,2022,YR2022,5752.601969,4.1612,2.307233809,4.2,1.4,89.8,24317
Equatorial Guinea,GNQ,2023,YR2023,5211.954993,3.7768,2.044221831,..,..,..,..
Eritrea,ERI,2021,YR2021,116.3426488,0.7122,0.212585402,80.7,35.7,75.7,10521
Eritrea,ERI,2022,YR2022,102.7339004,0.6674,0.19575022,..,36,75.5,10489.4
Eritrea,ERI,2023,YR2023,103.0680437,0.6685,0.192629647,..,..,..,..
Estonia,EST,2021,YR2021,-68.8241596,12.3095,9.248782056,38,100,100,24384
Estonia,EST,2022,YR2022,-68.11830585,12.5882,9.332611726,..,100,100,24384
Estonia,EST,2023,YR2023,-71.03542945,11.4364,8.345994924,..,..,..,..
Eswatini,SWZ,2021,YR2021,12.74208145,1.2458,1.032493973,65.4,79.1,94.6,4987.7
Eswatini,SWZ,2022,YR2022,22.40723982,1.3526,1.109673587,64.7,81.6,86.1,4999.8
Eswatini,SWZ,2023,YR2023,25.80995475,1.3902,1.129779132,..,..,..,..
Ethiopia,ETH,2021,YR2021,690.316088,17.2771,0.141454886,90.6,42.8,94.3,169955
Ethiopia,ETH,2022,YR2022,656.5573396,16.5391,0.131907278,..,43,94,169225
Ethiopia,ETH,2023,YR2023,664.269704,16.7077,0.12982734,..,..,..,..
Faroe Islands,FRO,2021,YR2021,31.25,0.0021,0.03938854,5.1,100,100,0.8
Faroe Islands,FRO,2022,YR2022,31.25,0.0021,0.038923488,7.9,100,99.9,0.8
Faroe Islands,FRO,2023,YR2023,31.25,0.0021,0.03854484,..,..,..,..
Fiji,FJI,2021,YR2021,99.81280788,2.0281,2.212365729,29.7,86.8,96,11467
Fiji,FJI,2022,YR2022,110.6995074,2.1386,2.326026569,28.4,86.8,97.6,11533.8
Fiji,FJI,2023,YR2023,117.7832512,2.2105,2.391940659,..,..,..,..
Finland,FIN,2021,YR2021,-29.85530447,39.4364,7.117177226,50.2,100,100,224090
Finland,FIN,2022,YR2022,-35.69417394,36.1537,6.507021284,..,100,100,224090
Finland,FIN,2023,YR2023,-42.60398602,32.2689,5.778906576,..,..,..,..
France,FRA,2021,YR2021,-17.09109408,319.4248,4.708307266,16.2,100,100,173364
France,FRA,2022,YR2022,-19.41851471,310.4579,4.56119638,..,100,100,174198
France,FRA,2023,YR2023,-26.69399801,282.4275,4.135860205,..,..,..,..
French Polynesia,PYF,2021,YR2021,35.25272663,1.1533,4.121990622,7.4,100,100,1494.6
French Polynesia,PYF,2022,YR2022,42.75829717,1.2173,4.341638788,7,100,100,1494.6
French Polynesia,PYF,2023,YR2023,47.64864548,1.259,4.478546376,..,..,..,..
Gabon,GAB,2021,YR2021,-16.74579897,5.1377,2.161674777,91.3,26.8,98.7,235187.2
Gabon,GAB,2022,YR2022,-12.57636402,5.395,2.219482324,..,29,98.5,235068.4
Gabon,GAB,2023,YR2023,-20.16172157,4.9269,1.982824296,..,..,..,..
"Gambia, The",GMB,2021,YR2021,388.5527392,0.5975,0.231947857,48.6,31.2,82.6,2369.333
"Gambia, The",GMB,2022,YR2022,410.3025348,0.6241,0.236718036,47.7,31.2,82.8,2312.011
"Gambia, The",GMB,2023,YR2023,395.3393295,0.6058,0.224549594,..,..,..,..
Georgia,GEO,2021,YR2021,-64.77888217,12.1472,3.275405071,25.2,100,99.9,28224
Georgia,GEO,2022,YR2022,-63.36768305,12.6339,3.403068874,..,100,100,28224
Georgia,GEO,2023,YR2023,-62.70166201,12.8636,3.462160909,..,..,..,..
Germany,DEU,2021,YR2021,-33.09153436,677.8039,8.147065538,17.6,100,100,114190
Germany,DEU,2022,YR2022,-34.89820061,659.5018,7.870139121,..,100,100,114190
Germany,DEU,2023,YR2023,-42.45484544,582.9506,6.999887128,..,..,..,..
Ghana,GHA,2021,YR2021,698.7703609,25.0095,0.769081388,39,74,95.2,79929.333
Ghana,GHA,2022,YR2022,691.7183009,24.7887,0.747792885,..,71.6,95,80001.611
Ghana,GHA,2023,YR2023,671.7598211,24.1638,0.715161048,..,..,..,..
Gibraltar,GIB,2021,YR2021,349.7218359,0.6467,17.54571599,0,100,100,0
Gibraltar,GIB,2022,YR2022,369.4019471,0.675,17.94783164,..,100,100,..
Gibraltar,GIB,2023,YR2023,378.8595271,0.6886,17.8991968,..,..,..,..
Greece,GRC,2021,YR2021,-30.42763876,54.1984,5.127953308,21.5,100,100,39018
Greece,GRC,2022,YR2022,-29.4855601,54.9323,5.263286487,..,100,100,39018
Greece,GRC,2023,YR2023,-33.66811207,51.674,4.965985584,..,..,..,..
Greenland,GRL,2021,YR2021,49754.54545,0.5484,9.679981643,11.6,100,100,2.2
Greenland,GRL,2022,YR2022,52245.45455,0.5758,10.16219269,11.7,100,100,2.2
Greenland,GRL,2023,YR2023,52827.27273,0.5822,10.23828365,..,..,..,..
Grenada,GRD,2021,YR2021,165.3543307,0.1348,1.155217332,10.2,..,..,177
Grenada,GRD,2022,YR2022,166.3385827,0.1353,1.157270791,10,..,..,177
Grenada,GRD,2023,YR2023,180.9055118,0.1427,1.218814325,..,..,..,..
Guam,GUM,2021,YR2021,100,0.0004,0.002443046,4.5,100,100,280
Guam,GUM,2022,YR2022,100,0.0004,0.002421601,6.7,100,100,280
Guam,GUM,2023,YR2023,100,0.0004,0.002402316,..,..,..,..
Guatemala,GTM,2021,YR2021,417.1601563,20.2432,1.150270049,62.1,98.1,97.6,35162
Guatemala,GTM,2022,YR2022,410.3671154,19.9773,1.119309596,..,98.2,97.7,35046
Guatemala,GTM,2023,YR2023,445.4206372,21.3494,1.177908459,..,..,..,..
Guinea,GIN,2021,YR2021,288.4306261,3.673,0.267896613,66.8,21.3,89.8,61490
Guinea,GIN,2022,YR2022,302.7918782,3.8088,0.270989888,66.6,21.3,91,61090
Guinea,GIN,2023,YR2023,292.9145516,3.7154,0.257915952,..,..,..,..
Guinea-Bissau,GNB,2021,YR2021,102.3117961,0.3413,0.165772879,87.4,15.8,60.5,19715.7
Guinea-Bissau,GNB,2022,YR2022,111.3218731,0.3565,0.16931612,87.4,15.8,61,19631.3
Guinea-Bissau,GNB,2023,YR2023,105.0978068,0.346,0.160680692,..,..,..,..
Guyana,GUY,2021,YR2021,178.5890773,3.2698,4.009653187,13.2,91.2,97.5,184061.333
Guyana,GUY,2022,YR2022,183.0535912,3.3222,4.043391425,12.1,91.6,98,183969.311
Guyana,GUY,2023,YR2023,181.5199796,3.3042,3.998533314,..,..,..,..
Haiti,HTI,2021,YR2021,198.7383914,3.4098,0.299773548,76.7,..,81.8,3441.9
Haiti,HTI,2022,YR2022,197.1876643,3.3921,0.294872756,..,..,83,3410.8
Haiti,HTI,2023,YR2023,209.8387945,3.5365,0.303890956,..,..,..,..
Honduras,HND,2021,YR2021,319.5728782,9.8822,0.96038077,45.9,85.7,100,63383.1
Honduras,HND,2022,YR2022,338.5173863,10.3284,0.987053358,..,86.8,100,63173.6
Honduras,HND,2023,YR2023,364.7306076,10.9458,1.028271791,..,..,..,..
"Hong Kong SAR, China",HKG,2021,YR2021,0.086460759,35.0751,4.73150234,0.4,100,100,..
"Hong Kong SAR, China",HKG,2022,YR2022,-6.899454413,32.6269,4.44139067,..,100,100,..
"Hong Kong SAR, China",HKG,2023,YR2023,-1.061498425,34.6728,4.600894362,..,..,..,..
Hungary,HUN,2021,YR2021,-30.51336332,50.2535,5.175495791,15.3,100,100,20515.567
Hungary,HUN,2022,YR2022,-34.18075776,47.6012,4.93564281,..,100,100,20500.989
Hungary,HUN,2023,YR2023,-39.40191728,43.8252,4.568843849,..,..,..,..
Iceland,ISL,2021,YR2021,37.79732673,3.2268,8.662085257,82.4,100,100,520
Iceland,ISL,2022,YR2022,38.79233036,3.2501,8.508048366,..,100,100,526.6
Iceland,ISL,2023,YR2023,31.79314173,3.0862,7.845958678,..,..,..,..
India,IND,2021,YR2021,324.2612254,2548.4833,1.802062141,34.9,99.3,100,724264
India,IND,2022,YR2022,356.2807637,2740.8206,1.92281182,..,99.3,100,726928
India,IND,2023,YR2023,391.9667354,2955.1817,2.054964313,..,..,..,..
Indonesia,IDN,2021,YR2021,282.8250036,619.3274,2.237793601,20.2,98.2,99.9,915276.633
Indonesia,IDN,2022,YR2022,305.9071,656.6692,2.355083578,..,98.2,100,909221.311
Indonesia,IDN,2023,YR2023,316.9510478,674.5359,2.398861052,..,..,..,..
"Iran, Islamic Rep.",IRN,2021,YR2021,254.2989362,738.5829,8.349769095,0.9,100,100,107656.3
"Iran, Islamic Rep.",IRN,2022,YR2022,264.8383504,760.5537,8.495505229,..,100,100,107758.167
"Iran, Islamic Rep.",IRN,2023,YR2023,273.5922216,778.8023,8.595225843,..,..,..,..
Iraq,IRQ,2021,YR2021,151.7670404,174.8366,4.059245049,1.1,100,100,8250
Iraq,IRQ,2022,YR2022,174.2869774,190.4753,4.322053972,..,100,100,8250
Iraq,IRQ,2023,YR2023,177.7903859,192.9082,4.279806325,..,..,..,..
Ireland,IRL,2021,YR2021,9.417560396,35.3817,7.029713318,12.7,100,100,7860.2
Ireland,IRL,2022,YR2022,7.4133175,34.7336,6.723890276,..,100,100,7900.2
Ireland,IRL,2023,YR2023,0.452122067,32.4826,6.12001658,..,..,..,..
Isle of Man,IMN,2021,YR2021,..,..,..,3.2,100,100,34.6
Isle of Man,IMN,2022,YR2022,..,..,..,2.7,100,100,34.6
Isle of Man,IMN,2023,YR2023,..,..,..,..,..,..,..
Israel,ISR,2021,YR2021,73.43782826,61.0907,6.51884457,6.2,100,100,1400
Israel,ISR,2022,YR2022,78.44415928,62.8541,6.576416427,..,100,100,..
Israel,ISR,2023,YR2023,73.90427954,61.255,6.278314167,..,..,..,..
Italy,ITA,2021,YR2021,-21.60803195,334.2766,5.652945429,17.5,100,100,96199.4
Italy,ITA,2022,YR2022,-21.96233311,332.7658,5.638792112,..,100,100,96737.5
Italy,ITA,2023,YR2023,-28.35879629,305.4902,5.178372693,..,..,..,..
Jamaica,JAM,2021,YR2021,-16.0121043,6.4391,2.269140799,10.5,100,100,6007.733
Jamaica,JAM,2022,YR2022,-16.92644815,6.369,2.243281778,..,100,100,6046.611
Jamaica,JAM,2023,YR2023,-10.46082408,6.8647,2.417330038,..,..,..,..
Japan,JPN,2021,YR2021,-7.019235211,1084.9216,8.632303061,8.8,100,100,249350
Japan,JPN,2022,YR2022,-13.44204784,1009.9787,8.071758552,..,100,100,249350
Japan,JPN,2023,YR2023,-19.03158978,944.7586,7.587407788,..,..,..,..
Jordan,JOR,2021,YR2021,121.5128287,22.309,2.015930086,11.5,98.8,100,975
Jordan,JOR,2022,YR2022,121.778934,22.3358,1.984299763,..,98.9,100,975
Jordan,JOR,2023,YR2023,134.1230439,23.579,2.061243199,..,..,..,..
Kazakhstan,KAZ,2021,YR2021,-1.51327271,244.8643,12.40220947,2,100,100,34839.192
Kazakhstan,KAZ,2022,YR2022,-3.38109302,240.2204,11.99027143,..,100,100,35131.589
Kazakhstan,KAZ,2023,YR2023,-3.523193607,239.8671,11.79861648,..,..,..,..
Kenya,KEN,2021,YR2021,232.335246,21.4878,0.403760555,67.7,68.2,97.5,36110.9
Kenya,KEN,2022,YR2022,230.8164623,21.3896,0.394260456,..,65.6,98,36110.9
Kenya,KEN,2023,YR2023,236.1383918,21.7337,0.392737469,..,..,..,..
Kiribati,KIR,2021,YR2021,431.547619,0.0893,0.695607469,42.2,..,88.3,11.8
Kiribati,KIR,2022,YR2022,460.7142857,0.0942,0.722010593,41.9,..,86,11.8
Kiribati,KIR,2023,YR2023,479.7619048,0.0974,0.734927941,..,..,..,..
"Korea, Dem. People's Rep.",PRK,2021,YR2021,-56.59855491,57.2745,2.183338445,14.7,..,..,60088.6
"Korea, Dem. People's Rep.",PRK,2022,YR2022,-54.93848724,59.4652,2.258557107,..,..,..,59876.3
"Korea, Dem. People's Rep.",PRK,2023,YR2023,-51.29409803,64.2745,2.432962513,..,..,..,..
"Korea, Rep.",KOR,2021,YR2021,131.9060045,631.0712,12.19001004,3.6,100,100,62770
"Korea, Rep.",KOR,2022,YR2022,116.0111743,587.8176,11.37581528,..,100,100,62670
"Korea, Rep.",KOR,2023,YR2023,110.7628626,573.5357,11.09082679,..,..,..,..
Kosovo,XKX,2021,YR2021,..,..,..,..,..,..,..
Kosovo,XKX,2022,YR2022,..,..,..,..,..,..,..
Kosovo,XKX,2023,YR2023,..,..,..,..,..,..,..
Kuwait,KWT,2021,YR2021,227.5284193,106.1441,24.34014811,0.1,100,100,62.5
Kuwait,KWT,2022,YR2022,237.5668053,109.3973,23.83568831,..,100,100,62.5
Kuwait,KWT,2023,YR2023,244.4670386,111.6335,23.00099723,..,..,..,..
Kyrgyz Republic,KGZ,2021,YR2021,-55.59435091,10.505,1.533302662,27.6,99.6,99.8,13336.2
Kyrgyz Republic,KGZ,2022,YR2022,-56.41440764,10.311,1.478233051,..,99.6,100,13518.6
Kyrgyz Republic,KGZ,2023,YR2023,-55.76766187,10.464,1.473854713,..,..,..,..
Lao PDR,LAO,2021,YR2021,9145.574534,23.8166,3.195489075,51.5,100,100,165610
Lao PDR,LAO,2022,YR2022,9430.628882,24.5509,3.247900154,49.2,100,100,165265
Lao PDR,LAO,2023,YR2023,10001.24224,26.0208,3.394758482,..,..,..,..
Latvia,LVA,2021,YR2021,-62.14197968,7.4271,3.941172413,44,100,100,34146.6
Latvia,LVA,2022,YR2022,-66.0628087,6.6579,3.542598821,..,100,100,34185.3
Latvia,LVA,2023,YR2023,-66.60719838,6.5511,3.489369862,..,..,..,..
Lebanon,LBN,2021,YR2021,182.2456974,16.8591,2.948363116,6.8,100,100,1439.3
Lebanon,LBN,2022,YR2022,182.4482689,16.8712,2.936936601,..,100,100,1445.3
Lebanon,LBN,2023,YR2023,190.164401,17.3321,3.00201282,..,..,..,..
Lesotho,LSO,2021,YR2021,626.2189512,0.7894,0.349053876,33.6,37.7,80.6,345.2
Lesotho,LSO,2022,YR2022,683.624655,0.8518,0.372597994,34.9,37.7,83.6,345.2
Lesotho,LSO,2023,YR2023,708.0036799,0.8783,0.379974319,..,..,..,..
Liberia,LBR,2021,YR2021,331.6253002,1.6173,0.307511062,93.2,8.1,49.5,75871.8
Liberia,LBR,2022,YR2022,348.3586869,1.68,0.312657376,92.8,14.9,53.7,75569.2
Liberia,LBR,2023,YR2023,336.8561516,1.6369,0.29799577,..,..,..,..
Libya,LBY,2021,YR2021,71.58508787,56.004,7.849001601,3.1,..,100,2170
Libya,LBY,2022,YR2022,74.77940636,57.0466,7.897029336,..,..,100,2170
Libya,LBY,2023,YR2023,87.68413442,61.2586,8.385088874,..,..,..,..
Liechtenstein,LIE,2021,YR2021,..,..,..,53.6,100,100,67
Liechtenstein,LIE,2022,YR2022,..,..,..,56.9,100,100,67
Liechtenstein,LIE,2023,YR2023,..,..,..,..,..,..,..
Lithuania,LTU,2021,YR2021,-59.20197712,14.329,5.115967037,33.2,100,100,22026.667
Lithuania,LTU,2022,YR2022,-62.55858185,13.1501,4.64398887,..,100,100,22038.889
Lithuania,LTU,2023,YR2023,-62.65965867,13.1146,4.567024831,..,..,..,..
Luxembourg,LUX,2021,YR2021,-30.49823015,8.3252,13.00682432,20.5,100,100,887
Luxembourg,LUX,2022,YR2022,-39.36585855,7.263,11.12075737,..,100,100,887
Luxembourg,LUX,2023,YR2023,-41.49886462,7.0075,10.51498282,..,..,..,..
"Macao SAR, China",MAC,2021,YR2021,194.9400379,2.8037,4.107985348,13.6,100,100,..
"Macao SAR, China",MAC,2022,YR2022,207.2059752,2.9203,4.311678724,11,100,100,..
"Macao SAR, China",MAC,2023,YR2023,216.8945929,3.0124,4.437831467,..,..,..,..
Madagascar,MDG,2021,YR2021,349.6695307,4.0821,0.137485723,83.6,10.9,72.6,124165.967
Madagascar,MDG,2022,YR2022,339.5131086,3.9899,0.13108604,83.1,10.9,71.6,124033.789
Madagascar,MDG,2023,YR2023,351.5421899,4.0991,0.131398543,..,..,..,..
Malawi,MWI,2021,YR2021,305.3837641,6.2271,0.310621034,71.1,5.6,54.2,21997
Malawi,MWI,2022,YR2022,287.2013541,5.9478,0.289167128,62.9,5.6,54,21577
Malawi,MWI,2023,YR2023,319.7448083,6.4477,0.305513303,..,..,..,..
Malaysia,MYS,2021,YR2021,301.9018259,258.9144,7.552400286,7.5,100,100,190638.9
Malaysia,MYS,2022,YR2022,325.850055,274.3424,7.907148055,..,100,100,190137.4
Malaysia,MYS,2023,YR2023,339.7910351,283.3235,8.065851403,..,..,..,..
Maldives,MDV,2021,YR2021,2667.016807,2.6342,5.103515617,1.4,100,100,8.2
Maldives,MDV,2022,YR2022,2821.008403,2.7808,5.305796919,1.2,100,100,8.2
Maldives,MDV,2023,YR2023,2921.323529,2.8763,5.468313327,..,..,..,..
Mali,MLI,2021,YR2021,1971.123666,6.5986,0.294729959,71.2,18.3,96.9,132960
Mali,MLI,2022,YR2022,2048.493409,6.8451,0.296676063,71.1,18.3,99.7,132960
Mali,MLI,2023,YR2023,1990.615191,6.6607,0.280224848,..,..,..,..
Malta,MLT,2021,YR2021,-29.91213713,1.6273,3.138258482,8.6,100,100,4.6
Malta,MLT,2022,YR2022,-24.21827892,1.7595,3.310373633,..,100,100,4.6
Malta,MLT,2023,YR2023,-27.44422431,1.6846,3.047687278,..,..,..,..
Marshall Islands,MHL,2021,YR2021,..,0,0,12.1,100,96,94
Marshall Islands,MHL,2022,YR2022,..,0,0,12.2,100,96.1,94
Marshall Islands,MHL,2023,YR2023,..,0,0,..,..,..,..
Mauritania,MRT,2021,YR2021,550.2620025,4.5915,0.969719574,22.1,..,89.7,3073.667
Mauritania,MRT,2022,YR2022,576.9012888,4.7796,0.980302676,19.6,..,91.6,3018.889
Mauritania,MRT,2023,YR2023,558.5894349,4.6503,0.925904356,..,..,..,..
Mauritius,MUS,2021,YR2021,236.7254026,3.9939,3.153907263,8.6,99.8,99.3,388.1
Mauritius,MUS,2022,YR2022,241.3793103,4.0491,3.207149494,..,100,99,388.5
Mauritius,MUS,2023,YR2023,255.2482927,4.2136,3.341366379,..,..,..,..
Mexico,MEX,2021,YR2021,56.35022863,452.8786,3.547866593,13,100,99.9,655643.167
Mexico,MEX,2022,YR2022,60.86101986,465.9444,3.622837319,..,100,99.8,654365.489
Mexico,MEX,2023,YR2023,68.16259949,487.0939,3.754391898,..,..,..,..
"Micronesia, Fed. Sts.",FSM,2021,YR2021,..,0,0,2.1,79.4,97.6,644.5
"Micronesia, Fed. Sts.",FSM,2022,YR2022,..,0,0,2,79.4,98.6,644.8
"Micronesia, Fed. Sts.",FSM,2023,YR2023,..,0,0,..,..,..,..
Moldova,MDA,2021,YR2021,-69.68011214,9.647,3.716375126,21.4,100,100,3865
Moldova,MDA,2022,YR2022,-70.27695538,9.4571,3.739973915,..,100,100,3865
Moldova,MDA,2023,YR2023,-68.796319,9.9282,4.039494129,..,..,..,..
Monaco,MCO,2021,YR2021,..,..,..,..,100,100,0
Monaco,MCO,2022,YR2022,..,..,..,..,100,100,0
Monaco,MCO,2023,YR2023,..,..,..,..,..,..,..
Mongolia,MNG,2021,YR2021,88.99359589,24.8485,7.343499399,3,100,100,141716.7
Mongolia,MNG,2022,YR2022,96.91887616,25.8905,7.540011672,..,100,100,141705.6
Mongolia,MNG,2023,YR2023,113.8540288,28.1171,8.076968928,..,..,..,..
Montenegro,MNE,2021,YR2021,..,..,..,39.6,99.4,100,8270
Montenegro,MNE,2022,YR2022,..,..,..,..,100,100,8270
Montenegro,MNE,2023,YR2023,..,..,..,..,..,..,..
Morocco,MAR,2021,YR2021,225.6923474,73.1264,1.978825712,10.9,100,100,57529.567
Morocco,MAR,2022,YR2022,213.0902434,70.2969,1.883168032,..,100,100,57633.789
Morocco,MAR,2023,YR2023,211.1354587,69.858,1.852382916,..,..,..,..
Mozambique,MOZ,2021,YR2021,699.5609882,9.2885,0.292940538,76.9,3.8,77.4,364976.047
Mozambique,MOZ,2022,YR2022,763.2349143,10.0282,0.307083674,..,5,79.4,362673.196
Mozambique,MOZ,2023,YR2023,738.4350521,9.7401,0.289580903,..,..,..,..
Myanmar,MMR,2021,YR2021,618.0353759,31.8262,0.596140244,62.9,62.8,93.6,282541.8
Myanmar,MMR,2022,YR2022,630.8117498,32.3925,0.602575076,..,62.8,93.9,279644.7
Myanmar,MMR,2023,YR2023,652.829167,33.3684,0.616406039,..,..,..,..
Namibia,NAM,2021,YR2021,217.3180323,3.9541,1.406878659,30,33.2,74.7,65678.9
Namibia,NAM,2022,YR2022,241.4493219,4.2548,1.472421342,..,33.2,74.8,64968.8
Namibia,NAM,2023,YR2023,250.2608137,4.3646,1.47298686,..,..,..,..
Nauru,NRU,2021,YR2021,..,0,0,1.6,100,100,0
Nauru,NRU,2022,YR2022,..,0,0,1.9,100,100,0
Nauru,NRU,2023,YR2023,..,0,0,..,..,..,..
Nepal,NPL,2021,YR2021,1424.496922,16.5911,0.562887002,73.7,..,94.2,59620.3
Nepal,NPL,2022,YR2022,1482.458881,17.2219,0.579560737,..,93.7,97.7,59620.3
Nepal,NPL,2023,YR2023,1547.872829,17.9338,0.603941173,..,..,..,..
Netherlands,NLD,2021,YR2021,-11.25509565,146.3147,8.345082577,12.2,100,100,3704.367
Netherlands,NLD,2022,YR2022,-19.34869119,132.9707,7.512052156,..,100,100,3713.689
Netherlands,NLD,2023,YR2023,-25.47383987,122.8721,6.873149625,..,..,..,..
New Caledonia,NCL,2021,YR2021,254.7381073,5.6077,19.66137707,8.3,100,100,8379.2
New Caledonia,NCL,2022,YR2022,272.0774291,5.8818,20.48529724,9.6,100,100,8378.2
New Caledonia,NCL,2023,YR2023,292.7505061,6.2086,21.41856694,..,..,..,..
New Zealand,NZL,2021,YR2021,41.75884244,35.2696,6.900318901,28.9,100,100,99085.267
New Zealand,NZL,2022,YR2022,39.07114148,34.6009,6.761686078,..,100,100,99318.856
New Zealand,NZL,2023,YR2023,43.87098071,35.7951,6.853228925,..,..,..,..
Nicaragua,NIC,2021,YR2021,163.5794297,5.1767,0.779067235,50.4,66.3,100,33075.3
Nicaragua,NIC,2022,YR2022,175.1578411,5.4041,0.802908603,..,66.3,100,32075.3
Nicaragua,NIC,2023,YR2023,191.51222,5.7253,0.839042308,..,..,..,..
Niger,NER,2021,YR2021,359.3925759,2.8588,0.116675523,79.6,9.1,65.9,10672.8
Niger,NER,2022,YR2022,366.8166479,2.905,0.114767822,..,7.7,66.1,10548.6
Niger,NER,2023,YR2023,353.6236542,2.8229,0.10790957,..,..,..,..
Nigeria,NGA,2021,YR2021,74.39276875,130.9817,0.599378245,80.3,26.3,89.2,214636.5
Nigeria,NGA,2022,YR2022,73.22763566,130.1066,0.583043144,..,27,89,213003.5
Nigeria,NGA,2023,YR2023,70.3452261,127.9417,0.561436048,..,..,..,..
North Macedonia,MKD,2021,YR2021,-31.6008186,7.6538,4.166208521,19.5,100,100,10014.9
North Macedonia,MKD,2022,YR2022,-25.07529111,8.384,4.577138764,..,100,100,10014.9
North Macedonia,MKD,2023,YR2023,-21.68205257,8.7637,4.794629219,..,..,..,..
Northern Mariana Islands,MNP,2021,YR2021,..,0,0,0.5,100,100,243.6
Northern Mariana Islands,MNP,2022,YR2022,..,0,0,0.5,100,100,243.6
Northern Mariana Islands,MNP,2023,YR2023,..,0,0,..,..,..,..
Norway,NOR,2021,YR2021,24.20665629,45.1013,8.33924398,61.4,100,100,121878
Norway,NOR,2022,YR2022,22.7046528,44.5559,8.164717442,..,100,100,121956
Norway,NOR,2023,YR2023,21.35329028,44.0652,7.983413273,..,..,..,..
Oman,OMN,2021,YR2021,436.7123705,88.0745,19.57026716,0.1,100,100,24.333
Oman,OMN,2022,YR2022,454.3595369,90.9704,19.23172381,..,100,100,24.111
Oman,OMN,2023,YR2023,467.3016453,93.0942,18.43716387,..,..,..,..
Pakistan,PAK,2021,YR2021,260.7671478,236.7437,0.988583071,41.6,91.9,99.9,36845.6
Pakistan,PAK,2022,YR2022,233.2406819,218.6802,0.897331151,..,93,100,36432.2
Pakistan,PAK,2023,YR2023,205.5517713,200.5101,0.810127105,..,..,..,..
Palau,PLW,2021,YR2021,-38.35521128,1.329,74.7342968,0.9,100,100,414.9
Palau,PLW,2022,YR2022,-35.15005334,1.3981,78.72627963,0.9,100,99.9,415.7
Palau,PLW,2023,YR2023,-33.22510321,1.4396,81.2094545,..,..,..,..
Panama,PAN,2021,YR2021,299.9705688,10.872,2.501953213,28,..,99.8,42024.233
Panama,PAN,2022,YR2022,341.3987197,11.9981,2.726361937,..,100,99,41910.111
Panama,PAN,2023,YR2023,441.5532338,14.7205,3.301479178,..,..,..,..
Papua New Guinea,PNG,2021,YR2021,156.7344111,5.5583,0.555114125,54.5,14,65.2,358222.3
Papua New Guinea,PNG,2022,YR2022,168.4803695,5.8126,0.569685752,54.6,14.2,65.1,357887
Papua New Guinea,PNG,2023,YR2023,174.9099307,5.9518,0.572859393,..,..,..,..
Paraguay,PRY,2021,YR2021,310.7977992,8.9595,1.340403358,58.8,100,100,158229.267
Paraguay,PRY,2022,YR2022,274.9977075,8.1787,1.209783825,..,100,100,155435.889
Paraguay,PRY,2023,YR2023,278.4456671,8.2539,1.205979533,..,..,..,..
Peru,PER,2021,YR2021,155.5760798,53.2687,1.606613873,30.6,83.6,98.9,721575.333
Peru,PER,2022,YR2022,173.5325727,57.0113,1.703078538,..,85.1,99,719847.011
Peru,PER,2023,YR2023,180.2116818,58.4034,1.72558237,..,..,..,..
Philippines,PHL,2021,YR2021,241.9390372,145.5867,1.287227915,28,96.5,98.6,72234.8
Philippines,PHL,2022,YR2022,253.8046542,150.6387,1.321805599,..,91.1,98,72583.7
Philippines,PHL,2023,YR2023,278.8173371,161.2883,1.403835119,..,..,..,..
Poland,POL,2021,YR2021,-12.83237315,323.8497,8.75705916,15.2,100,100,94950
Poland,POL,2022,YR2022,-14.59747549,317.2919,8.616969824,..,100,100,95070
Poland,POL,2023,YR2023,-22.77595167,286.9068,7.820318898,..,..,..,..
Portugal,PRT,2021,YR2021,-11.07409905,39.1627,3.779515416,32.3,100,100,33120
Portugal,PRT,2022,YR2022,-10.31115108,39.4987,3.785455552,..,100,100,33120
Portugal,PRT,2023,YR2023,-17.86660672,36.1713,3.419427587,..,..,..,..
Puerto Rico,PRI,2021,YR2021,-33.4663596,12.6539,3.878360606,2.6,100,100,4968.2
Puerto Rico,PRI,2022,YR2022,-33.57414769,12.6334,3.923278469,2.5,100,100,4973.1
Puerto Rico,PRI,2023,YR2023,-27.35977033,13.8153,4.309616866,..,..,..,..
Qatar,QAT,2021,YR2021,594.6695247,117.966,47.09390757,0,100,100,0
Qatar,QAT,2022,YR2022,599.1673341,118.7298,44.6800608,..,100,100,0
Qatar,QAT,2023,YR2023,653.2146559,127.9079,48.15751467,..,..,..,..
Romania,ROU,2021,YR2021,-57.17242584,80.4074,4.204955125,23.6,100,100,69290.5
Romania,ROU,2022,YR2022,-59.52964312,75.9818,3.988859596,..,100,100,69290.5
Romania,ROU,2023,YR2023,-62.30385817,70.7733,3.713286182,..,..,..,..
Russian Federation,RUS,2021,YR2021,-19.63386326,1957.9274,13.52657132,3.5,100,99.2,8153116
Russian Federation,RUS,2022,YR2022,-16.87487111,2025.1436,14.0403956,..,100,99.1,8153116
Russian Federation,RUS,2023,YR2023,-15.05411247,2069.502,14.38891528,..,..,..,..
Rwanda,RWA,2021,YR2021,204.142547,1.6813,0.125890473,79.4,38.2,98,2770
Rwanda,RWA,2022,YR2022,193.4515195,1.6222,0.118833524,79.9,38.2,98,2780
Rwanda,RWA,2023,YR2023,197.7568741,1.646,0.117955027,..,..,..,..
Samoa,WSM,2021,YR2021,247.1682848,0.4291,2.007213056,36,97.9,100,1611.9
Samoa,WSM,2022,YR2022,266.4239482,0.4529,2.103957521,35.9,97.9,100,1607.1
Samoa,WSM,2023,YR2023,278.9644013,0.4684,2.16188274,..,..,..,..
San Marino,SMR,2021,YR2021,..,..,..,..,100,100,10
San Marino,SMR,2022,YR2022,..,..,..,..,100,100,10
San Marino,SMR,2023,YR2023,..,..,..,..,..,..,..
Sao Tome and Principe,STP,2021,YR2021,363.6363636,0.1785,0.804195332,40.8,73.7,80,512.8
Sao Tome and Principe,STP,2022,YR2022,432.2077922,0.2049,0.905415258,42.5,73.7,80,506.6
Sao Tome and Principe,STP,2023,YR2023,456.1038961,0.2141,0.927357702,..,..,..,..
Saudi Arabia,SAU,2021,YR2021,236.1149687,584.5083,18.98716957,0.1,100,100,9770
Saudi Arabia,SAU,2022,YR2022,248.0466218,605.2576,18.81129406,..,100,100,9770
Saudi Arabia,SAU,2023,YR2023,258.1995074,622.9136,18.72619444,..,..,..,..
Senegal,SEN,2021,YR2021,416.8893775,12.2234,0.709801661,35.4,43.4,93.9,80281.6
Senegal,SEN,2022,YR2022,422.564276,12.3576,0.700103557,..,43.4,96.6,79881.6
Senegal,SEN,2023,YR2023,408.4531461,12.0239,0.665128001,..,..,..,..
Serbia,SRB,2021,YR2021,..,..,..,27.2,100,100,27229.4
Serbia,SRB,2022,YR2022,..,..,..,..,100,100,27233.233
Serbia,SRB,2023,YR2023,..,..,..,..,..,..,..
Seychelles,SYC,2021,YR2021,331.2735494,1.1446,11.53156421,1.7,100,100,337
Seychelles,SYC,2022,YR2022,353.089676,1.2025,10.03103155,1.9,100,100,337
Seychelles,SYC,2023,YR2023,366.2019593,1.2373,10.33037496,..,..,..,..
Sierra Leone,SLE,2021,YR2021,68.13360773,1.0621,0.131210898,71.1,4.9,57,25151.5
Sierra Leone,SLE,2022,YR2022,74.5923698,1.1029,0.133251869,71.6,5,55.3,24954.2
Sierra Leone,SLE,2023,YR2023,70.15988602,1.0749,0.127049049,..,..,..,..
Singapore,SGP,2021,YR2021,75.96419386,55.6895,10.21157533,1.1,100,100,153.9
Singapore,SGP,2022,YR2022,76.17810808,55.7572,9.89125109,..,100,100,152.1
Singapore,SGP,2023,YR2023,80.32083973,57.0683,9.643746975,..,..,..,..
Sint Maarten (Dutch part),SXM,2021,YR2021,..,..,..,0,100,100,3.7
Sint Maarten (Dutch part),SXM,2022,YR2022,..,..,..,0,100,100,3.7
Sint Maarten (Dutch part),SXM,2023,YR2023,..,..,..,..,..,..,..
Slovak Republic,SVK,2021,YR2021,-39.5986151,36.6184,6.722368198,17.9,100,100,19259
Slovak Republic,SVK,2022,YR2022,-41.35498333,35.5536,6.545512387,..,100,100,19259
Slovak Republic,SVK,2023,YR2023,-42.49642475,34.8616,6.424040953,..,..,..,..
Slovenia,SVN,2021,YR2021,-8.18788364,13.7608,6.527649106,23.4,100,100,12357.933
Slovenia,SVN,2022,YR2022,-12.38390713,13.1319,6.217531945,..,100,100,12337.611
Slovenia,SVN,2023,YR2023,-19.42554043,12.0765,5.695223822,..,..,..,..
Solomon Islands,SLB,2021,YR2021,140.2629931,0.3837,0.503153066,49.1,75.4,79.2,25222.4
Solomon Islands,SLB,2022,YR2022,153.6005009,0.405,0.518522122,50.1,75.4,79,25215.1
Solomon Islands,SLB,2023,YR2023,162.2417032,0.4188,0.523496728,..,..,..,..
Somalia,SOM,2021,YR2021,47.61828899,0.9266,0.053649289,95.4,30.6,70.6,59032.5
Somalia,SOM,2022,YR2022,37.99585789,0.8662,0.048657736,95.4,30.64,76.7,58265
Somalia,SOM,2023,YR2023,38.31448144,0.8682,0.047291149,..,..,..,..
South Africa,ZAF,2021,YR2021,36.37569181,428.5332,6.967724602,9.7,93.4,87.4,170136.9
South Africa,ZAF,2022,YR2022,30.28912907,409.4074,6.563286881,..,93.4,87.1,169772.9
South Africa,ZAF,2023,YR2023,26.45932166,397.373,6.286315669,..,..,..,..
South Sudan,SSD,2021,YR2021,..,..,..,32.4,5.7,15.6,71570
South Sudan,SSD,2022,YR2022,..,..,..,..,1.7,15,71570
South Sudan,SSD,2023,YR2023,..,..,..,..,..,..,..
Spain,ESP,2021,YR2021,2.488325996,237.5869,5.010712253,19,100,100,185764.6
Spain,ESP,2022,YR2022,1.575672347,235.4712,4.93039163,..,100,100,185807.5
Spain,ESP,2023,YR2023,-6.279395303,217.2617,4.493714413,..,..,..,..
Sri Lanka,LKA,2021,YR2021,436.2636585,22.7231,1.025595775,48.8,100,100,21098.6
Sri Lanka,LKA,2022,YR2022,371.5313997,19.9802,0.900779947,..,100,100,21067
Sri Lanka,LKA,2023,YR2023,384.2234442,20.518,0.931070472,..,..,..,..
St. Kitts and Nevis,KNA,2021,YR2021,442.0289855,0.1122,2.399332806,1.6,100,100,110
St. Kitts and Nevis,KNA,2022,YR2022,444.4444444,0.1127,2.412811236,1.5,100,100,110
St. Kitts and Nevis,KNA,2023,YR2023,473.9130435,0.1188,2.540741691,..,..,..,..
St. Lucia,LCA,2021,YR2021,295.480226,0.28,1.568434143,9.7,100,100,207.7
St. Lucia,LCA,2022,YR2022,297.1751412,0.2812,1.572874075,9.7,100,100,207.7
St. Lucia,LCA,2023,YR2023,318.9265537,0.2966,1.654349221,..,..,..,..
St. Martin (French part),MAF,2021,YR2021,..,..,..,..,100,100,12.4
St. Martin (French part),MAF,2022,YR2022,..,..,..,..,100,100,12.4
St. Martin (French part),MAF,2023,YR2023,..,..,..,..,..,..,..
St. Vincent and the Grenadines,VCT,2021,YR2021,211.6438356,0.091,0.884861096,5,100,99.8,285.4
St. Vincent and the Grenadines,VCT,2022,YR2022,212.6712329,0.0913,0.89469455,5.1,100,100,285.4
St. Vincent and the Grenadines,VCT,2023,YR2023,229.7945205,0.0963,0.950425866,..,..,..,..
Sudan,SDN,2021,YR2021,315.071779,23.0149,0.478809503,61,49.4,84.2,181873.9
Sudan,SDN,2022,YR2022,286.0012985,21.403,0.433405221,..,49.4,84,180152.3
Sudan,SDN,2023,YR2023,283.66217,21.2733,0.425102189,..,..,..,..
Suriname,SUR,2021,YR2021,137.6252962,2.6077,4.220289499,14.5,97.5,99.5,151840.433
Suriname,SUR,2022,YR2022,131.3832695,2.5392,4.074689809,..,98,100,151718.011
Suriname,SUR,2023,YR2023,139.5297977,2.6286,4.179771851,..,..,..,..
Sweden,SWE,2021,YR2021,-30.20498811,39.8808,3.828871319,57.9,100,100,279800
Sweden,SWE,2022,YR2022,-36.63167069,36.2086,3.452732308,..,100,100,279800
Sweden,SWE,2023,YR2023,-38.06044463,35.3922,3.358967078,..,..,..,..
Switzerland,CHE,2021,YR2021,-16.13564088,37.5792,4.317192419,27.7,100,100,12725.5
Switzerland,CHE,2022,YR2022,-23.20088374,34.4133,3.920810638,..,100,100,12759.9
Switzerland,CHE,2023,YR2023,-23.62847164,34.2217,3.850285995,..,..,..,..
Syrian Arab Republic,SYR,2021,YR2021,-23.13731313,25.3673,1.172846125,1.1,74.5,100,5220.8
Syrian Arab Republic,SYR,2022,YR2022,-23.36274444,25.2929,1.126021957,..,75,100,5220.8
Syrian Arab Republic,SYR,2023,YR2023,-22.44768721,25.5949,1.084776815,..,..,..,..
Tajikistan,TJK,2021,YR2021,-23.89144972,9.3784,0.940953804,34.9,99.8,98.9,4248
Tajikistan,TJK,2022,YR2022,-25.47068753,9.1838,0.901944585,..,100,99,4258
Tajikistan,TJK,2023,YR2023,-24.46114393,9.3082,0.895897986,..,..,..,..
Tanzania,TZA,2021,YR2021,826.0402169,19.2959,0.30711083,78.3,23.3,77.3,452760
Tanzania,TZA,2022,YR2022,810.9516725,18.9815,0.293323534,..,36,74.7,448070
Tanzania,TZA,2023,YR2023,829.7643615,19.3735,0.290816515,..,..,..,..
Thailand,THA,2021,YR2021,180.4928868,267.4912,3.729278541,19,100,99.8,198370
Thailand,THA,2022,YR2022,189.2777936,275.8689,3.845649053,..,100,100,198010
Thailand,THA,2023,YR2023,187.4858307,274.16,3.82358005,..,..,..,..
Timor-Leste,TLS,2021,YR2021,39064.70588,0.6658,0.493134411,12.1,100,100,9197
Timor-Leste,TLS,2022,YR2022,41788.23529,0.7121,0.520048638,11.4,100,100,9183
Timor-Leste,TLS,2023,YR2023,41247.05882,0.7029,0.507770793,..,..,..,..
Togo,TGO,2021,YR2021,225.957334,2.46,0.277077606,75.1,24.7,96.3,12063.1
Togo,TGO,2022,YR2022,235.245793,2.5301,0.278346857,..,25,96.5,12033.5
Togo,TGO,2023,YR2023,230.2769312,2.4926,0.267896573,..,..,..,..
Tonga,TON,2021,YR2021,124.6376812,0.2015,1.910133662,1.8,100,100,89.5
Tonga,TON,2022,YR2022,137.1237458,0.2127,2.024904324,2.3,100,100,89.5
Tonga,TON,2023,YR2023,145.2619844,0.22,2.103310802,..,..,..,..
Trinidad and Tobago,TTO,2021,YR2021,126.2201523,28.6587,20.95611301,0.5,100,100,2277.7
Trinidad and Tobago,TTO,2022,YR2022,120.4159924,27.9234,20.4446462,..,100,100,2273.5
Trinidad and Tobago,TTO,2023,YR2023,114.8336425,27.2162,19.90201169,..,..,..,..
Tunisia,TUN,2021,YR2021,109.9448299,31.0141,2.574078596,11.6,99.7,100,7042.6
Tunisia,TUN,2022,YR2022,106.1797258,30.4579,2.513166153,..,99.7,100,7057.9
Tunisia,TUN,2023,YR2023,113.2171264,31.4975,2.58167109,..,..,..,..
Turkiye,TUR,2021,YR2021,196.8951569,460.6554,5.474391947,12,100,100,223763.6
Turkiye,TUR,2022,YR2022,179.5516945,433.7457,5.104096776,..,100,100,225323.6
Turkiye,TUR,2023,YR2023,182.4970224,438.3156,5.136954501,..,..,..,..
Turkmenistan,TKM,2021,YR2021,42.8852492,65.2897,9.206049653,0.1,100,100,41270
Turkmenistan,TKM,2022,YR2022,45.79505316,66.6193,9.214041728,..,100,100,41270
Turkmenistan,TKM,2023,YR2023,44.41280874,65.9877,8.960317135,..,..,..,..
Turks and Caicos Islands,TCA,2021,YR2021,1848,0.0974,2.152819221,0.8,100,100,105.2
Turks and Caicos Islands,TCA,2022,YR2022,1856,0.0978,2.133182106,0.8,100,100,105.2
Turks and Caicos Islands,TCA,2023,YR2023,1962,0.1031,2.231698342,..,..,..,..
Tuvalu,TUV,2021,YR2021,..,0,0,5,99.1,100,10
Tuvalu,TUV,2022,YR2022,..,0,0,5.2,99.1,100,10
Tuvalu,TUV,2023,YR2023,..,0,0,..,..,..,..
Uganda,UGA,2021,YR2021,812.5993736,7.5764,0.165023884,91,35.9,72.3,22966.433
Uganda,UGA,2022,YR2022,769.7904119,7.221,0.152622807,90.9,35.9,72,22553.911
Uganda,UGA,2023,YR2023,769.3567815,7.2174,0.148333419,..,..,..,..
Ukraine,UKR,2021,YR2021,-75.29677178,194.0549,4.380606267,8.9,100,100,96960
Ukraine,UKR,2022,YR2022,-82.38985,138.3356,3.370030661,..,100,100,97020
Ukraine,UKR,2023,YR2023,-82.66197964,136.1979,3.609532557,..,..,..,..
United Arab Emirates,ARE,2021,YR2021,253.8997954,201.3251,21.02578633,1,100,100,3173
United Arab Emirates,ARE,2022,YR2022,263.6987674,206.8995,20.5359774,..,100,100,3173
United Arab Emirates,ARE,2023,YR2023,262.1022859,205.9913,19.64862576,..,..,..,..
United Kingdom,GBR,2021,YR2021,-41.70243273,339.4953,5.065106391,12.2,100,100,31986.667
United Kingdom,GBR,2022,YR2022,-43.76899419,327.4607,4.830445044,..,100,99.9,32069
United Kingdom,GBR,2023,YR2023,-48.12332467,302.1033,4.419945867,..,..,..,..
United States,USA,2021,YR2021,-4.587387502,4755.1838,14.32073016,10.9,100,100,3097950
United States,USA,2022,YR2022,-3.956408455,4786.6306,14.36255989,..,100,100,3097950
United States,USA,2023,YR2023,-6.055027574,4682.0394,13.97978851,..,..,..,..
Uruguay,URY,2021,YR2021,116.6950207,8.5341,2.512471682,57.8,100,100,20520
Uruguay,URY,2022,YR2022,121.1715715,8.7104,2.568747709,..,100,100,20730
Uruguay,URY,2023,YR2023,123.8859406,8.8173,2.602446636,..,..,..,..
Uzbekistan,UZB,2021,YR2021,4.568044338,133.6938,3.904187212,1,99.8,100,37155
Uzbekistan,UZB,2022,YR2022,8.648968271,138.9114,3.975831561,..,100,100,37413.4
Uzbekistan,UZB,2023,YR2023,7.857984223,137.9001,3.867915196,..,..,..,..
Vanuatu,VUT,2021,YR2021,156.6829268,0.2631,0.860174977,24.6,60.7,97,4423
Vanuatu,VUT,2022,YR2022,171.0243902,0.2778,0.887409518,25,60.7,97,4423
Vanuatu,VUT,2023,YR2023,180.2926829,0.2873,0.896666448,..,..,..,..
"Venezuela, RB",VEN,2021,YR2021,-30.61181317,71.1775,2.520643763,33.7,99.9,100,461733.6
"Venezuela, RB",VEN,2022,YR2022,-24.10997605,77.847,2.759258253,..,100,100,461267.8
"Venezuela, RB",VEN,2023,YR2023,-17.53131985,84.5953,2.989143013,..,..,..,..
Viet Nam,VNM,2021,YR2021,1557.982842,341.1051,3.447766333,24.2,100,100,147189.9
Viet Nam,VNM,2022,YR2022,1479.219384,324.9007,3.259415781,..,100,100,147948.9
Viet Nam,VNM,2023,YR2023,1712.761562,372.9485,3.71639615,..,..,..,..
Virgin Islands (U.S.),VIR,2021,YR2021,0,0.0002,0.001889109,5.9,100,100,200.6
Virgin Islands (U.S.),VIR,2022,YR2022,0,0.0002,0.001897299,5.9,100,100,202.1
Virgin Islands (U.S.),VIR,2023,YR2023,0,0.0002,0.001906269,..,..,..,..
West Bank and Gaza,PSE,2021,YR2021,..,..,..,15.4,100,100,101.4
West Bank and Gaza,PSE,2022,YR2022,..,..,..,15.4,100,100,..
West Bank and Gaza,PSE,2023,YR2023,..,..,..,..,..,..,..
"Yemen, Rep.",YEM,2021,YR2021,62.48505058,11.5483,0.310937762,3.7,63.4,93.1,5490
"Yemen, Rep.",YEM,2022,YR2022,57.45219704,11.1906,0.292772318,..,65,96.1,5490
"Yemen, Rep.",YEM,2023,YR2023,53.34655917,10.8988,0.276683903,..,..,..,..
Zambia,ZMB,2021,YR2021,156.4266843,7.7646,0.39608017,83,14.5,85.7,446258.133
Zambia,ZMB,2022,YR2022,157.8269485,7.807,0.387387685,..,14.5,87,444376.011
Zambia,ZMB,2023,YR2023,166.1492734,8.059,0.388873461,..,..,..,..
Zimbabwe,ZWE,2021,YR2021,-38.97706319,10.6233,0.672479507,82.4,31.6,85.3,173985.1
Zimbabwe,ZWE,2022,YR2022,-37.02574,10.963,0.682242939,..,33.7,89,173524.4
Zimbabwe,ZWE,2023,YR2023,-32.53890296,11.7441,0.718697015,..,..,..,..
Africa Eastern and Southern,AFE,2021,YR2021,56.55771144,606.3945,0.863532874,..,32.80913843,75.48312427,4446875.546
Africa Eastern and Southern,AFE,2022,YR2022,54.38475822,588.4335,0.816361437,..,33.76078154,75.84780915,4414514.929
Africa Eastern and Southern,AFE,2023,YR2023,..,579.8655,0.784640732,..,..,..,..
Africa Western and Central,AFW,2021,YR2021,137.4481104,249.1554,0.512748783,..,25.90441599,86.68244341,1784915.233
Africa Western and Central,AFW,2022,YR2022,138.6041216,251.4104,0.505462163,..,25.35726706,86.79538605,1777267.144
Africa Western and Central,AFW,2023,YR2023,..,245.6408,0.482217276,..,..,..,..
Arab World,ARB,2021,YR2021,204.5930322,2005.5031,4.400698103,..,82.25547549,97.56872095,365652.433
Arab World,ARB,2022,YR2022,213.05459,2053.4305,4.403588402,..,82.36449612,97.89345094,363226.944
Arab World,ARB,2023,YR2023,..,2089.4414,4.384960472,..,..,..,..
Caribbean small states,CSS,2021,YR2021,187.5101951,9.4691,3.043152273,..,95.98809886,99.24746392,355061.599
Caribbean small states,CSS,2022,YR2022,192.1291948,9.4825,3.028096714,..,96.19387095,99.47544232,354734.933
Caribbean small states,CSS,2023,YR2023,..,9.7486,3.092443394,..,..,..,..
Central Europe and the Baltics,CEB,2021,YR2021,-33.89775686,701.6091,6.9709477,..,99.97803266,99.99171556,382195.367
Central Europe and the Baltics,CEB,2022,YR2022,-34.83782566,688.8997,6.869117705,..,99.98313506,100,382504.489
Central Europe and the Baltics,CEB,2023,YR2023,..,627.3074,6.262061601,..,..,..,..
Early-demographic dividend,EAR,2021,YR2021,174.5549048,7833.4948,2.285748055,..,92.35129,99.01524033,7567416.765
Early-demographic dividend,EAR,2022,YR2022,187.4985136,8100.7567,2.33747514,..,92.37872768,99.06211726,7544188.721
Early-demographic dividend,EAR,2023,YR2023,..,8389.5306,2.392967338,..,..,..,..
East Asia & Pacific,EAS,2021,YR2021,253.2104034,16665.5463,7.086725215,..,96.83615161,99.81387498,6648558.5
East Asia & Pacific,EAS,2022,YR2022,254.3353964,16495.532,7.000126407,..,96.55688912,99.81105863,6656359.867
East Asia & Pacific,EAS,2023,YR2023,..,17247.0863,7.304712613,..,..,..,..
East Asia & Pacific (excluding high income),EAP,2021,YR2021,394.2476197,14418.2017,6.773708083,..,96.74835021,99.78370201,4882365.033
East Asia & Pacific (excluding high income),EAP,2022,YR2022,396.1200874,14379.0057,6.739441567,..,96.46023981,99.78095146,4890035.111
East Asia & Pacific (excluding high income),EAP,2023,YR2023,..,15206.0032,7.113827257,..,..,..,..
East Asia & Pacific (IDA & IBRD countries),TEA,2021,YR2021,415.0784635,14362.2562,6.831522536,..,96.74836243,99.78370663,4822691.333
East Asia & Pacific (IDA & IBRD countries),TEA,2022,YR2022,417.0531535,14320.9386,6.795996207,..,96.46025299,99.78095492,4830574.511
East Asia & Pacific (IDA & IBRD countries),TEA,2023,YR2023,..,15143.1683,7.172984446,..,..,..,..
Euro area,EMU,2021,YR2021,-23.51611195,2165.034,6.237590775,..,100,100,1057336.967
Euro area,EMU,2022,YR2022,-23.91706497,2102.1807,6.029881974,..,100,100,1058884.789
Euro area,EMU,2023,YR2023,..,1918.0922,5.485422829,..,..,..,..
Europe & Central Asia,ECS,2021,YR2021,-24.16976286,6496.1299,7.096531532,..,99.97012387,99.86424191,10576022.16
Europe & Central Asia,ECS,2022,YR2022,-24.92202121,6389.8899,6.976682283,..,99.99046915,99.84273737,10580649.26
Europe & Central Asia,ECS,2023,YR2023,..,6165.4863,6.734344744,..,..,..,..
Europe & Central Asia (excluding high income),ECA,2021,YR2021,-25.29108205,1279.4751,5.266539568,..,99.92593604,99.97529428,661479.959
Europe & Central Asia (excluding high income),ECA,2022,YR2022,-26.4829713,1198.6666,4.957587325,..,99.98044746,99.98218195,664105.178
Europe & Central Asia (excluding high income),ECA,2023,YR2023,..,1200.8516,5.000413033,..,..,..,..
Europe & Central Asia (IDA & IBRD countries),TEC,2021,YR2021,-22.04729593,3705.1652,8.151259027,..,99.95103768,99.70446997,9037312.559
Europe & Central Asia (IDA & IBRD countries),TEC,2022,YR2022,-23.05411237,3684.5945,8.144722784,..,99.98435193,99.67414425,9040212.778
Europe & Central Asia (IDA & IBRD countries),TEC,2023,YR2023,..,3685.2828,8.188976388,..,..,..,..
European Union,EUU,2021,YR2021,-25.57838199,2833.7549,6.345683732,..,99.99254881,99.99844341,1594035.834
European Union,EUU,2022,YR2022,-26.09476204,2756.9063,6.155908035,..,99.99428407,100,1595846.578
European Union,EUU,2023,YR2023,..,2512.068,5.597249055,..,..,..,..
Fragile and conflict affected situations,FCS,2021,YR2021,-26.2222343,832.932,0.832001432,..,37.7428499,85.41214213,4685468.513
Fragile and conflict affected situations,FCS,2022,YR2022,-28.01163156,801.6112,0.785642823,..,36.02956269,85.51843539,4660193.751
Fragile and conflict affected situations,FCS,2023,YR2023,..,812.4632,0.780926259,..,..,..,..
Heavily indebted poor countries (HIPC),HPC,2021,YR2021,334.5305433,261.9283,0.300745512,..,31.15433406,78.37920413,5223933.112
Heavily indebted poor countries (HIPC),HPC,2022,YR2022,346.3184145,264.4816,0.295871728,..,30.78216959,78.59021168,5190636.817
Heavily indebted poor countries (HIPC),HPC,2023,YR2023,..,265.2912,0.289207424,..,..,..,..
High income,HIC,2021,YR2021,-2.397848453,14137.1313,10.37240963,..,99.97674883,99.91967979,18705414.83
High income,HIC,2022,YR2022,-1.818864659,14060.6136,10.26932282,..,99.97828179,99.90374984,18707012.46
High income,HIC,2023,YR2023,..,13682.1238,9.940306782,..,..,..,..
IBRD only,IBD,2021,YR2021,147.1400703,24044.2778,4.9085527,..,99.21808688,99.47144894,23907479.23
IBRD only,IBD,2022,YR2022,149.3658604,24197.2817,4.916735084,..,99.07106202,99.47619131,23895345.23
IBRD only,IBD,2023,YR2023,..,25278.8521,5.111656399,..,..,..,..
IDA & IBRD total,IBT,2021,YR2021,146.3380819,25124.5192,3.742536928,..,83.36556164,97.00168866,30460406.37
IDA & IBRD total,IBT,2022,YR2022,148.4578012,25272.8208,3.730222318,..,82.90132835,97.00645447,30409639.96
IDA & IBRD total,IBT,2023,YR2023,..,26339.8032,3.851705456,..,..,..,..
IDA blend,IDB,2021,YR2021,74.51643242,564.7057,0.926420476,..,63.47529816,93.84766629,1470870.233
IDA blend,IDB,2022,YR2022,70.85748461,553.0344,0.889836821,..,64.06716624,93.83231465,1467410.111
IDA blend,IDB,2023,YR2023,..,532.6204,0.841116498,..,..,..,..
IDA only,IDX,2021,YR2021,240.5043282,515.5357,0.427748784,..,47.34467011,83.09032687,5082056.912
IDA only,IDX,2022,YR2022,247.4736946,522.5047,0.424029078,..,48.25555203,83.45088535,5046884.617
IDA only,IDX,2023,YR2023,..,528.3307,0.41933902,..,..,..,..
IDA total,IDA,2021,YR2021,129.0451549,1080.2414,0.595244292,..,52.47884532,87.1717423,6552927.145
IDA total,IDA,2022,YR2022,128.8777171,1075.5391,0.580199913,..,53.10510375,87.37338152,6514294.728
IDA total,IDA,2023,YR2023,..,1060.9511,0.560417752,..,..,..,..
Late-demographic dividend,LTE,2021,YR2021,162.9460507,17804.0571,7.697677874,..,99.89436596,99.90882531,17607552.06
Late-demographic dividend,LTE,2022,YR2022,161.6276526,17754.5933,7.663443774,..,99.89412796,99.93384585,17614584.18
Late-demographic dividend,LTE,2023,YR2023,..,18580.4575,8.010825128,..,..,..,..
Latin America & Caribbean,LCN,2021,YR2021,79.20902487,1704.3707,2.626106212,..,96.5270885,99.55501698,9295696.966
Latin America & Caribbean,LCN,2022,YR2022,82.38123207,1710.7105,2.620237459,..,96.7965723,99.62639746,9271597.187
Latin America & Caribbean,LCN,2023,YR2023,..,1749.803,2.661728486,..,..,..,..
Latin America & Caribbean (excluding high income),LAC,2021,YR2021,87.0717226,1476.3583,2.515329826,..,96.32895264,99.50758915,8390933.967
Latin America & Caribbean (excluding high income),LAC,2022,YR2022,90.45768736,1475.6436,2.497997619,..,96.57158964,99.59213634,8366065.688
Latin America & Caribbean (excluding high income),LAC,2023,YR2023,..,1509.3466,2.536738002,..,..,..,..
Latin America & the Caribbean (IDA & IBRD countries),TLA,2021,YR2021,86.51011565,1667.971,2.631439327,..,96.43712514,99.54428056,9252720.566
Latin America & the Caribbean (IDA & IBRD countries),TLA,2022,YR2022,89.83870354,1674.6211,2.625465378,..,96.71490201,99.6175186,9228614.587
Latin America & the Caribbean (IDA & IBRD countries),TLA,2023,YR2023,..,1711.1704,2.663723365,..,..,..,..
Least developed countries: UN classification,LDC,2021,YR2021,431.4131454,410.0622,0.373357605,..,43.72714766,80.18192323,5286044.412
Least developed countries: UN classification,LDC,2022,YR2022,442.9374346,421.3394,0.375002439,..,44.98705545,80.67115247,5247489.517
Least developed countries: UN classification,LDC,2023,YR2023,..,426.774,0.371320512,..,..,..,..
Low & middle income,LMY,2021,YR2021,215.7197204,22562.0173,3.481357391,..,83.01105867,96.86002598,21282225.27
Low & middle income,LMY,2022,YR2022,219.089252,22644.78,3.460590475,..,82.53692088,96.87178388,21230107.06
Low & middle income,LMY,2023,YR2023,..,23715.1458,3.5891445,..,..,..,..
Low income,LIC,2021,YR2021,1.86647181,201.2712,0.292822242,..,31.59658251,73.5838145,2971258.246
Low income,LIC,2022,YR2022,4.03344734,202.2724,0.286567891,..,29.70003205,74.13894107,2950829.662
Low income,LIC,2023,YR2023,..,207.3662,0.286029043,..,..,..,..
Lower middle income,LMC,2021,YR2021,257.7572722,4399.9702,1.467028303,..,87.29537654,96.84662754,5458336.566
Lower middle income,LMC,2022,YR2022,271.9957541,4574.466,1.506661652,..,87.72574799,96.86475055,5436381.788
Lower middle income,LMC,2023,YR2023,..,4838.7796,1.573784926,..,..,..,..
Middle East & North Africa,MEA,2021,YR2021,203.8586465,2777.9307,5.749292018,..,93.42949763,99.61731553,230408.466
Middle East & North Africa,MEA,2022,YR2022,211.2411343,2851.2318,5.783119108,..,93.61414816,99.74743455,229233.122
Middle East & North Africa,MEA,2023,YR2023,..,2904.0738,5.77183601,..,..,..,..
Middle East & North Africa (excluding high income),MNA,2021,YR2021,176.2198996,1579.9191,3.761194173,..,93.12413589,99.53637959,215966.833
Middle East & North Africa (excluding high income),MNA,2022,YR2022,182.7691997,1619.0745,3.790096723,..,93.31255891,99.69280669,216191.511
Middle East & North Africa (excluding high income),MNA,2023,YR2023,..,1642.1681,3.775512095,..,..,..,..
Middle East & North Africa (IDA & IBRD countries),TMN,2021,YR2021,176.2198996,1579.9191,3.761194173,..,93.07527157,99.52960467,215865.433
Middle East & North Africa (IDA & IBRD countries),TMN,2022,YR2022,182.7691997,1619.0745,3.790096723,..,93.26488189,99.68829084,216191.511
Middle East & North Africa (IDA & IBRD countries),TMN,2023,YR2023,..,1642.1681,3.775512095,..,..,..,..
Middle income,MIC,2021,YR2021,221.7286093,22360.7461,3.859652473,..,91.3531995,98.5354098,18310967.03
Middle income,MIC,2022,YR2022,225.1319306,22442.5076,3.844361273,..,91.54432277,98.54917808,18279277.4
Middle income,MIC,2023,YR2023,..,23507.7796,3.996235033,..,..,..,..
North America,NAC,2021,YR2021,-1.72392588,5317.1408,14.35693454,..,100,100,6566871.133
North America,NAC,2022,YR2022,0.211723071,5362.2843,14.4040862,..,100,100,6566501.311
North America,NAC,2023,YR2023,..,5257.4019,14.01684704,..,..,..,..
Not classified,INX,2021,YR2021,..,..,..,..,..,..,..
Not classified,INX,2022,YR2022,..,..,..,..,..,..,..
Not classified,INX,2023,YR2023,..,..,..,..,..,..,..
OECD members,OED,2021,YR2021,-1.428726791,11719.1275,8.543074925,..,100,99.98998234,11633848.74
OECD members,OED,2022,YR2022,-0.188866052,11534.6164,8.367470381,..,100,99.97628342,11633751.99
OECD members,OED,2023,YR2023,..,11123.511,8.027223164,..,..,..,..
Other small states,OSS,2021,YR2021,27.07457284,84.9485,6.345437684,..,91.90555652,96.34028142,82266.033
Other small states,OSS,2022,YR2022,26.883502,84.8522,6.254423499,..,92.32940712,95.96192832,82284.244
Other small states,OSS,2023,YR2023,..,85.2265,6.192938409,..,..,..,..
Pacific island small states,PSS,2021,YR2021,13.28509234,4.7238,1.799204949,..,80.42302557,92.80367992,43989
Pacific island small states,PSS,2022,YR2022,15.8168865,4.9793,1.87470186,..,80.31834775,93.35945302,44044.8
Pacific island small states,PSS,2023,YR2023,..,5.142,1.912075751,..,..,..,..
Post-demographic dividend,PST,2021,YR2021,-11.23317119,10597.2184,9.487085216,..,99.99593402,99.99942807,10066505.53
Post-demographic dividend,PST,2022,YR2022,-10.87924358,10373.6647,9.282408079,..,99.99686496,99.99376214,10068278.86
Post-demographic dividend,PST,2023,YR2023,..,9957.3304,8.896541004,..,..,..,..
Pre-demographic dividend,PRE,2021,YR2021,157.4969427,531.8256,0.524433948,..,29.77758669,80.15894152,5205284.746
Pre-demographic dividend,PRE,2022,YR2022,165.9513579,550.3403,0.529081603,..,29.38458958,80.3376885,5168737.062
Pre-demographic dividend,PRE,2023,YR2023,..,550.5341,0.516089913,..,..,..,..
Small states,SST,2021,YR2021,35.68518688,99.1414,5.184016659,..,90.64289682,96.38281955,481316.632
Small states,SST,2022,YR2022,35.90120782,99.314,5.131365096,..,90.93046044,96.16985852,481063.977
Small states,SST,2023,YR2023,..,100.1171,5.107102802,..,..,..,..
South Asia,SAS,2021,YR2021,320.5039538,2953.6578,1.542973417,..,98.27675257,99.8969875,900025.7
South Asia,SAS,2022,YR2022,342.1958395,3133.7482,1.62178022,..,98.01128431,99.91488378,902264.5
South Asia,SAS,2023,YR2023,..,3332.5073,1.707629657,..,..,..,..
South Asia (IDA & IBRD),TSA,2021,YR2021,320.5039538,2953.6578,1.542973417,..,98.27675257,99.8969875,900025.7
South Asia (IDA & IBRD),TSA,2022,YR2022,342.1958395,3133.7482,1.62178022,..,98.01128431,99.91488378,902264.5
South Asia (IDA & IBRD),TSA,2023,YR2023,..,3332.5073,1.707629657,..,..,..,..
Sub-Saharan Africa,SSF,2021,YR2021,73.8310475,855.5499,0.720071267,..,30.40220843,80.73928306,6231790.779
Sub-Saharan Africa,SSF,2022,YR2022,72.36896136,839.8439,0.68942094,..,30.72216767,80.97477648,6191782.073
Sub-Saharan Africa,SSF,2023,YR2023,..,825.5063,0.661241389,..,..,..,..
Sub-Saharan Africa (excluding high income),SSA,2021,YR2021,73.70782713,854.4053,0.719167997,..,30.39786247,80.73707713,6231453.779
Sub-Saharan Africa (excluding high income),SSA,2022,YR2022,72.24085778,838.6414,0.688501571,..,30.71718827,80.97222369,6191445.073
Sub-Saharan Africa (excluding high income),SSA,2023,YR2023,..,824.269,0.660313646,..,..,..,..
Sub-Saharan Africa (IDA & IBRD countries),TSS,2021,YR2021,73.8310475,855.5499,0.720071267,..,30.40220843,80.73928306,6231790.779
Sub-Saharan Africa (IDA & IBRD countries),TSS,2022,YR2022,72.36896136,839.8439,0.68942094,..,30.72216767,80.97477648,6191782.073
Sub-Saharan Africa (IDA & IBRD countries),TSS,2023,YR2023,..,825.5063,0.661241389,..,..,..,..
Upper middle income,UMC,2021,YR2021,214.1398529,17960.7759,6.427829752,..,99.14634292,99.61171442,12852630.46
Upper middle income,UMC,2022,YR2022,215.2609525,17868.0416,6.377770115,..,99.15648746,99.63499295,12842895.61
Upper middle income,UMC,2023,YR2023,..,18669,6.648815089,..,..,..,..
World,WLD,2021,YR2021,69.13585386,38121.01498,4.671025051,..,84.33774357,97.63828761,40449373.7
World,WLD,2022,YR2022,70.6678628,38246.62406,4.632056966,..,83.88561502,97.6357259,40398387.32
World,WLD,2023,YR2023,..,39023.93704,4.678102317,..,..,..,..
,,,,,,,,,,
,,,,,,,,,,
,,,,,,,,,,
Data from database: World Development Indicators,,,,,,,,,,
Last Updated: 01/28/2025,,,,,,,,,,
