Country,Time,Access to clean fuels and technologies for cooking (% of population),Access to electricity (% of population),"Access to electricity, rural (% of rural population)","Access to electricity, urban (% of urban population)",Electric power consumption (kWh per capita),"Labor force, female (% of total labor force)","Labor force, total","Educational attainment, at least Bachelor's or equivalent, population 25+, male (%) (cumulative)","Educational attainment, at least completed lower secondary, population 25+, female (%) (cumulative)","Educational attainment, at least completed lower secondary, population 25+, male (%) (cumulative)","Educational attainment, at least completed post-secondary, population 25+, female (%) (cumulative)","Educational attainment, at least completed post-secondary, population 25+, male (%) (cumulative)","Educational attainment, at least completed primary, population 25+ years, female (%) (cumulative)","Educational attainment, at least completed primary, population 25+ years, male (%) (cumulative)","Educational attainment, at least Bachelor's or equivalent, population 25+, female (%) (cumulative)"
Albania,2021,83.6,100.0,100.0,100.0,2509.89982451685,45.0351457227794,1367734.0,16.8917694091797,90.1680679321289,93.6057586669922,15.200548827648149,16.925593495368968,97.5423355102539,98.1187286376953,19.4729270935059
Albania,2022,84.6,100.0,100.0,100.0,2507.48013906524,44.9838115488655,1389262.0,18.2386665344238,90.4998779296875,93.8575210571289,44.2094383239746,42.4827480316162,97.3871002197266,98.3405456542969,21.3606376647949
Albania,2023,41.0,100.0,100.0,100.0,2792.95367053278,44.9944538998128,1376643.0,11.60308074951175,73.9286823272705,89.25854110717775,17.21603870391845,16.51443338394165,88.9579544067383,97.0598449707031,12.3668231964111
Argentina,2021,99.9,100.0,100.0,100.0,2942.91077511635,42.4041313742487,20993886.0,25.14011669158935,94.4972267150879,95.85797119140625,42.23133277893065,39.54106521606445,97.6081886291504,98.72143173217775,28.560231208801248
Argentina,2022,99.9,100.0,100.0,100.0,2833.11909750338,42.9402622703507,21566906.0,32.07914924621585,91.28768539428711,92.47015380859375,48.44225883483885,41.6000518798828,98.226749420166,98.60044479370114,39.0877857208252
Argentina,2023,99.95,100.0,100.0,100.0,9887.38765808867,43.2479806527258,22069879.0,25.9704971313477,96.16034698486331,96.29983139038085,45.6666145324707,35.224497795104995,98.9306335449219,99.47602462768555,34.744553565979004
Armenia,2021,98.0,100.0,100.0,99.9,2262.09364345272,50.9312878898809,1495617.0,27.7017383575439,98.9809951782227,99.3359527587891,56.8300971984863,50.9187088012695,99.7414169311523,99.8019409179688,29.2583923339844
Armenia,2022,97.9,100.0,100.0,100.0,2403.67775831874,50.3422841326494,1480203.0,27.8967914581299,99.1247024536133,99.2666320800781,55.4669418334961,50.2793502807617,99.7779769897461,99.6971969604492,28.6064758300781
Armenia,2023,41.0,100.0,100.0,100.0,3804.00457586802,50.3047810326312,1492711.0,11.60308074951175,73.9286823272705,89.25854110717775,17.21603870391845,16.51443338394165,88.9579544067383,97.0598449707031,12.3668231964111
Australia,2021,100.0,100.0,100.0,100.0,9848.54749458564,47.1749288751872,13821829.0,32.9900016784668,94.5199966430664,94.5800018310547,56.4599990844727,48.1100006103516,99.6800384521484,100.0,38.7999992370605
Australia,2022,100.0,100.0,100.0,100.0,9933.15278973003,47.4388189017502,14188083.0,33.5400009155273,95.0299987792969,95.0199966430664,58.439998626709,49.1100006103516,99.4609680175781,99.5923080444336,40.0200004577637
Australia,2023,100.0,100.0,100.0,100.0,9829.34510394034,47.4234908813432,14593816.0,32.4765777587891,92.3012619018555,93.4535980224609,55.6810340881348,47.4710121154785,99.4464263916016,99.5395355224609,38.907341003418
Austria,2021,100.0,100.0,100.0,100.0,8381.61025757953,46.7129957870693,4650207.0,16.5626392364502,98.5450592041016,99.0268936157227,32.3056716918945,34.1247978210449,99.9999694824219,99.9999694824219,16.6453037261963
Austria,2022,100.0,100.0,100.0,100.0,8260.47675415134,46.7976239861348,4715124.0,10.41277098655701,98.6379013061523,98.4232788085938,34.7421760559082,34.7317581176758,100.0,100.0,9.690834283828739
Austria,2023,92.65,100.0,100.0,100.0,7772.32343246828,46.9103936029029,4762160.0,30.1311836242676,98.7511596679688,98.6837692260742,36.107967376709,36.0802230834961,100.0,100.0,38.1059112548828
Bangladesh,2021,26.4,99.0,98.5,99.7,574.118203146015,35.7881798220608,72755656.0,12.789999961853,45.3600006103516,52.0999984741211,13.5799999237061,22.2700004577637,57.0699996948242,64.25,6.92000007629395
Bangladesh,2022,28.0,99.4,99.2,100.0,602.674747324137,36.5470471565248,74651451.0,10.084264755249,43.232349395752,47.9946060180664,36.277259826660156,37.653730392456055,61.7735824584961,66.9404983520508,5.0764307975769
Bangladesh,2023,55.85,99.5,99.6,99.5,1827.426831717758,36.6680753844261,75834921.0,13.5530648231506,62.7150363922119,71.3472480773926,31.09500026702885,35.91500091552735,72.419677734375,81.2779960632324,10.514810085296615
Barbados,2021,100.0,100.0,100.0,100.0,2955.5365363178053,50.0043904383008,148049.0,11.30118799209595,56.5073585510254,56.6772575378418,6.318285703659075,8.5139398574829,73.2227020263672,75.991886138916,9.24321126937866
Barbados,2022,100.0,100.0,100.0,100.0,176.69034321965,49.6552005549435,147042.0,10.270139694213865,46.170189857482896,56.84068870544435,6.8716084957122945,12.49203729629515,71.83098030090329,83.8852767944336,6.009158492088315
Barbados,2023,99.85,100.0,100.0,100.0,176.69034321965,49.9773073666384,147625.0,10.270139694213865,46.170189857482896,56.84068870544435,6.8716084957122945,12.49203729629515,71.83098030090329,83.8852767944336,6.009158492088315
Belgium,2021,100.0,100.0,100.0,100.0,7680.00193333532,46.6328440425,5217415.0,36.651912689209,87.8339614868164,90.726936340332,42.4268569946289,39.0090293884277,96.453498840332,97.2008895874023,40.3261184692383
Belgium,2022,100.0,100.0,100.0,100.0,7282.40331295413,46.8267617902964,5320795.0,37.4228248596191,88.3022537231445,90.955207824707,43.1228790283203,39.7613945007324,96.2443695068359,97.0625991821289,41.2547912597656
Belgium,2023,99.95,100.0,100.0,100.0,6756.77796580304,46.7787908614179,5367441.0,25.9704971313477,96.16034698486331,96.29983139038085,45.6666145324707,35.224497795104995,98.9306335449219,99.47602462768555,34.744553565979004
Bolivia,2021,88.3,98.6,95.1,100.0,833.601399304369,45.7917932047678,6426918.0,16.2212467193604,58.4099998474121,69.5199966430664,27.6095085144043,27.1238498687744,64.0800018310547,75.1699981689453,16.356761932373
Bolivia,2022,89.1,99.9,95.6,100.0,859.308409911805,45.9980896785561,6569575.0,16.194803237915,56.266300201416,66.4788360595703,30.0802001953125,28.9136924743652,69.5967788696289,81.6292343139648,17.5617389678955
Bolivia,2023,44.849999999999994,99.8,99.6,99.9,474.5892677663912,46.0812854419781,6702504.0,17.4798278808594,57.3912811279297,67.7566680908203,19.979273319244385,30.1847171783447,69.9913635253906,82.5701675415039,18.251895904541
Bosnia and Herzegovina,2021,40.9,100.0,100.0,100.0,3835.85723720279,41.781557149456,1370363.0,11.3161611557007,61.6673622131348,82.3170852661133,19.2820777893066,17.8988666534424,85.3159103393555,95.8196868896484,12.0636463165283
Bosnia and Herzegovina,2022,41.1,100.0,100.0,100.0,3772.15191453325,41.8930401136452,1355798.0,11.8900003433228,86.1900024414062,96.1999969482422,15.1499996185303,15.1300001144409,92.5999984741211,98.3000030517578,12.6700000762939
Bosnia and Herzegovina,2023,31.799999999999997,100.0,100.0,100.0,364.560952408552,42.4571473743846,1366194.0,10.8658266067505,63.0877456665039,82.0562591552734,20.1759243011475,18.240665435791,86.7958679199219,96.2983932495117,11.6607990264893
Botswana,2021,65.4,73.7,25.0,93.1,1455.7925845357,46.2925139863245,1036012.0,9.36865234375,69.9438781738281,72.5497207641602,29.1568965911865,30.3034534454346,90.0067291259766,88.1280517578125,8.30223751068115
Botswana,2022,66.0,75.9,25.0,95.5,1522.19852354121,46.6250638214801,1065472.0,9.25415325164795,69.2225341796875,70.92333984375,29.2117595672607,30.71120262146,89.7554168701172,89.1276550292969,9.74098491668701
Botswana,2023,98.95,76.0,25.0,97.7,3786.92178431091,46.7765184777595,1146757.0,10.0491437911987,71.3804473876953,72.5911178588867,29.4269771575928,32.0718688964844,90.8038482666016,88.981689453125,9.29792785644531
Brazil,2021,96.5,99.5,97.3,99.8,2723.96659104663,43.0075756040014,104085430.0,36.5941982269287,67.4000015258789,64.9700012207031,50.36471366882325,50.987607955932646,86.5699996948242,85.4499969482422,34.78612327575685
Brazil,2022,96.5,100.0,97.3,100.0,2787.76089640442,43.4208190589127,106610573.0,33.4499998092651,67.870002746582,65.0199966430664,69.68542861938475,67.99619293212895,86.4300003051758,85.120002746582,36.8650007247925
Brazil,2023,100.0,99.8,99.0,99.9,2916.48609397384,43.3245861425663,106356432.0,22.7405090332031,69.9547119140625,67.5517501831055,43.9763126373291,40.83862400054935,86.1259841918945,84.0486679077148,25.8198652267456
Bulgaria,2021,72.5,99.8,99.5,99.9,5261.46440772794,46.1755006342007,3252125.0,22.2995719909668,95.1631698608398,96.7388916015625,30.1665000915527,22.6712970733643,98.9873733520508,99.3213653564453,29.8617286682129
Bulgaria,2022,63.25,100.0,99.6,100.0,5387.96542212904,46.5604115763303,3217289.0,22.1036491394043,95.7140884399414,97.1052017211914,30.5550937652588,22.5017166137695,99.0603713989258,99.2939758300781,30.2848815917969
Bulgaria,2023,36.3,100.0,100.0,100.0,429.98326378350055,46.7902525629092,3131695.0,5.7214431762695295,30.0810422897339,36.292398452758746,10.783491611480704,8.873751640319824,47.9072380065918,58.509677886962905,4.258466839790345
Burkina Faso,2021,15.8,19.0,100.0,67.6,129.709864992171,44.462168837473,6176046.0,3.9516499042511,7.78822994232178,16.0786800384521,44.3553409576416,43.0216541290283,16.136360168457,27.6204204559326,1.17656004428864
Burkina Faso,2022,17.2,19.5,3.4,60.5,131.191746177691,44.3312480834503,6091676.0,3.08928656578064,10.0773801803589,16.5051612854004,1.2442010641098,3.54773354530334,18.5023212432861,32.9421081542969,1.12409460544586
Burkina Faso,2023,83.0,21.7,62.5,97.75,3229.5874670254,44.3404027633015,6287117.0,3.28579998016357,7.32211780548096,12.996654510498,3.0525643825531,7.01173877716064,14.5982427597046,23.6655311584473,1.44820284843445
Cambodia,2021,47.2,82.5,77.1,98.9,725.390524089204,48.2283721430601,9341945.0,6.1717700958252,16.44873046875,29.0128993988037,4.16995286941528,7.72569990158081,35.2416610717773,52.8918418884277,3.23664999008179
Cambodia,2022,53.5,92.3,88.0,99.0,813.232441120437,48.0629233888112,9572466.0,11.109017133712795,56.36000061035155,61.43499755859375,18.743927478790283,21.2688384056091,70.7050018310547,77.36000061035155,9.666329383850076
Cambodia,2023,54.05,95.0,93.4,99.5,2920.94086874386,48.025143580142,9740379.0,11.095795392990095,56.87314987182615,61.70941734313965,19.979273319244385,22.1637597084045,90.2050018310547,90.21500015258789,10.268817901611325
Canada,2021,100.0,100.0,100.0,100.0,14782.8716127233,47.0485134191502,21005652.0,27.6700000762939,95.6152420043945,96.2860412597656,62.9199981689453,61.4599990844727,95.6152420043945,96.2860412597656,30.8999996185303
Canada,2022,100.0,100.0,100.0,100.0,14591.314180806,47.3471242301123,21456376.0,30.7867393493652,95.9839477539062,96.2347412109375,68.6005935668945,65.8976440429688,95.9839477539062,96.2347412109375,33.855339050293
Canada,2023,100.0,100.0,100.0,100.0,14148.3211494028,47.3398738770956,22197237.0,31.2949733734131,96.0787582397461,96.529296875,69.2165908813477,66.8202056884766,96.0787582397461,96.529296875,34.4267082214355
Chile,2021,100.0,100.0,100.0,100.0,4306.7208858565,40.920646423243,9171143.0,20.3219699859619,85.0017929077148,88.0690612792969,27.8540439605713,28.0212020874023,90.967399597168,92.8306655883789,18.9309692382812
Chile,2022,100.0,100.0,100.0,100.0,4422.38228375379,42.0657679545945,9670728.0,21.0626277923584,83.1999969482422,86.1100006103516,28.1240940093994,28.6751441955566,89.7600021362305,91.4800033569336,19.5457077026367
Chile,2023,72.3,100.0,100.0,100.0,4240.07831593276,42.7080676987401,9991796.0,22.1902008056641,85.9587631225586,88.4657974243164,30.2899608612061,29.9828987121582,91.4278717041016,93.0600357055664,20.9349632263184
China,2021,85.9,100.0,100.0,100.0,5847.80226004701,45.114320356218,781187865.0,35.0832862854004,96.0371398925781,95.69854736328125,50.4369297027588,46.48879241943355,98.22519302368164,98.084342956543,37.563419342041
China,2022,87.8,100.0,100.0,100.0,6112.13553560996,45.0507108837416,770113477.0,35.0832862854004,96.0371398925781,95.69854736328125,50.4369297027588,46.48879241943355,98.22519302368164,98.084342956543,37.563419342041
China,2023,86.85,100.0,100.0,100.0,5979.968897828485,45.0819446527757,774607590.0,35.0832862854004,96.0371398925781,95.69854736328125,50.4369297027588,46.48879241943355,98.22519302368164,98.084342956543,37.563419342041
Colombia,2021,93.1,100.0,100.0,100.0,1569.1710661367,41.0345266672094,25915910.0,20.69229888916015,59.2900009155273,56.6599998474121,27.98906898498535,28.34817314147945,81.7099990844727,80.3499984741211,19.23833847045895
Colombia,2022,93.6,100.0,100.0,100.0,1548.65063830136,41.1994721378583,25830229.0,15.8202447891235,61.2900009155273,58.8600006103516,28.1619262695312,24.6931610107422,82.3499984741211,80.8499984741211,16.5422592163086
Colombia,2023,68.5,98.7,94.8,100.0,2715.188536430423,41.5531535933636,26490194.0,15.9245853424072,62.1794776916504,59.7525825500488,28.6159324645996,25.2227935791016,82.8813934326172,81.5824127197266,16.9652328491211
"Congo, Dem. Rep.",2021,4.3,20.8,1.0,43.8,133.667602188594,48.1367974074203,35154175.0,22.710737228393548,80.41400527954104,79.10364341735834,39.2819786071777,30.3893747329712,96.14031219482419,95.62964248657225,29.980331420898402
"Congo, Dem. Rep.",2022,4.3,21.5,1.0,45.3,130.667931495784,48.3032581586622,36183996.0,16.1005449295044,60.21364784240725,63.9579849243164,24.05582904815675,24.14102268218995,90.85228729248044,91.55692672729495,17.81696224212645
"Congo, Dem. Rep.",2023,82.2,22.1,1.0,55.6,5073.923909769635,48.4121572363674,37296766.0,16.1005449295044,70.7091979980469,80.138427734375,24.05582904815675,24.14102268218995,98.0966758728027,99.34882736206055,17.81696224212645
Costa Rica,2021,96.2,100.0,100.0,99.8,2111.26982909841,41.4550240016251,2490873.0,16.1005449295044,50.189998626709,48.0800018310547,24.05582904815675,24.14102268218995,83.75,83.7600021362305,17.81696224212645
Costa Rica,2022,96.4,100.0,100.0,100.0,2125.2458545407,41.6819368958279,2504874.0,11.818356990814225,51.2799987792969,48.7799987792969,19.9728775024414,17.1105937957764,83.7799987792969,84.0199966430664,11.921278476715095
Costa Rica,2023,72.5,100.0,100.0,100.0,2067.75992674603,39.5460198659567,2340587.0,32.4850654602051,52.1040725708008,52.9080810546875,20.8385334014893,18.2981643676758,85.8396224975586,86.4324188232422,35.311605453491204
Cote d'Ivoire,2021,40.3,71.1,45.2,94.9,308.099910201629,42.7302232194757,11440310.0,6.69000005722046,20.0100002288818,32.6800003051758,6.76000022888184,12.3900003433228,25.7800006866455,38.9900016784668,3.07999992370605
Cote d'Ivoire,2022,42.6,72.0,45.3,95.0,323.704535370651,42.950064628661,11882499.0,6.70274448394775,17.9306621551514,33.9326934814453,4.91649055480957,10.1925811767578,36.8502960205078,53.1010208129883,3.06490612030029
Cote d'Ivoire,2023,54.6,72.4,48.0,93.9,7916.00260756483,43.0860814631414,12216126.0,30.45497608184815,68.02253150939944,70.24092292785645,21.54980850219725,18.74494981765745,95.70024871826169,95.79863739013675,30.487122535705602
Croatia,2021,100.0,100.0,100.0,100.0,4506.59593331341,46.0777956544586,1724158.0,16.9339694976807,93.0956039428711,97.1693420410156,24.4859180450439,21.0686283111572,98.8520202636719,99.5971450805664,20.7776508331299
Croatia,2022,100.0,100.0,100.0,100.0,4475.52041281852,46.6235086140876,1740579.0,16.84619140625,93.5088195800781,97.4888687133789,24.6147575378418,20.6884708404541,99.0373687744141,99.5650177001953,21.03955078125
Croatia,2023,72.5,100.0,100.0,100.0,8706.68710837352,47.1955355395009,1731721.0,32.4850654602051,92.32552719116211,93.7608871459961,38.1617431640625,36.09045124053955,98.2858428955078,98.67112731933595,35.311605453491204
Cyprus,2021,100.0,100.0,100.0,100.0,3716.66784330783,44.6115472185408,735675.0,32.0868949890137,82.9875640869141,86.3962631225586,45.0436592102051,40.224536895752,96.096794128418,97.9654235839844,31.5051383972168
Cyprus,2022,100.0,100.0,100.0,100.0,3848.66716239663,45.1110155759119,755975.0,33.120246887207,84.1147155761719,87.7553024291992,45.5157012939453,41.2710800170898,96.4546127319336,98.4479675292969,33.2054138183594
Cyprus,2023,51.9,100.0,100.0,100.0,25596.3632029491,45.8560199111408,766606.0,5.81373929977417,38.2258062362671,40.68674278259275,13.784299135208125,15.232646703720091,61.66516304016115,64.6327133178711,4.583794116973875
Czechia,2021,100.0,100.0,100.0,100.0,6690.60779160256,44.2875704230524,5242069.0,22.1672801971436,99.86962890625,99.8209838867188,60.0756683349609,53.9228401184082,99.8981781005859,99.8424377441406,23.4922466278076
Czechia,2022,100.0,100.0,100.0,100.0,6362.84194009099,44.5102091513833,5369986.0,20.9231128692627,98.9953002929688,99.3919219970703,23.555025100708,22.094482421875,99.0271682739258,99.4170913696289,21.0210075378418
Czechia,2023,72.3,100.0,100.0,100.0,5987.64253672804,44.961420801193,5536144.0,12.998526573181149,44.5427083969116,53.63329124450685,17.621643304824804,17.4349846839905,60.206071853637695,71.8872947692871,11.811809778213505
Denmark,2021,100.0,100.0,100.0,100.0,6160.08959261076,46.926476353051,3079023.0,28.028263092041,90.3643493652344,92.3938293457031,40.9418563842773,33.0449676513672,98.4768218994141,99.3467864990234,36.720703125
Denmark,2022,100.0,100.0,100.0,100.0,5870.02927476145,47.422413469915,3147518.0,27.4220237731934,90.9987258911133,92.4892196655273,42.1445960998535,32.6030693054199,98.5132064819336,99.3477935791016,37.8423385620117
Denmark,2023,86.75,100.0,100.0,100.0,5929.08770745081,47.4749172110428,3189737.0,12.50040435791015,77.54509735107425,80.1345138549805,20.08851623535155,19.91672039031985,89.7884635925293,92.2619438171387,13.4618191719055
Dominican Republic,2021,92.4,98.1,94.8,98.8,1714.48205578904,40.977308174364,5099149.0,9.1821174621582,67.5100021362305,64.2300033569336,16.3688220977783,9.32167625427246,74.7699966430664,73.6900024414062,16.2368927001953
Dominican Republic,2022,92.8,98.1,94.5,98.8,1716.80675546229,40.4954283080281,5169749.0,13.0046367645264,67.0899963378906,64.7300033569336,21.8664379119873,13.0046367645264,74.9400024414062,73.5800018310547,21.7484226226807
Dominican Republic,2023,100.0,99.6,98.2,100.0,5181.132741949345,41.4195355812785,5323558.0,14.1213474273682,62.3327674865723,58.6597557067871,22.8200836181641,23.89823055267335,68.7390213012695,66.1941833496094,22.7450523376465
El Salvador,2021,92.9,97.9,94.1,99.2,1070.6894837448,41.1724379863454,2739437.0,29.499432563781752,44.5499992370605,50.5800018310547,22.445556640625,24.9879684448242,59.3699989318848,66.1100006103516,36.7264461517334
El Salvador,2022,93.8,100.0,100.0,100.0,1109.9754646221,41.254651042229,2806629.0,18.683862686157212,46.1100006103516,52.2000007629395,23.5008087158203,26.257417678833,60.8300018310547,67.5999984741211,17.596501111984267
El Salvador,2023,51.9,98.3,96.6,99.4,917.682994355652,41.4810072960322,2854017.0,7.38000011444092,46.439998626709,52.75,13.784299135208125,15.232646703720091,61.2799987792969,68.6800003051758,7.17999982833862
Estonia,2021,100.0,100.0,100.0,100.0,6644.21623343642,48.7800056882821,703200.0,26.1854763031006,98.7935333251953,99.1004333496094,55.4591331481934,38.1158103942871,99.8661193847656,99.7669143676758,36.5166091918945
Estonia,2022,100.0,100.0,100.0,100.0,6464.07283295276,49.2223042303986,735699.0,26.5803070068359,98.7294769287109,98.6773529052734,57.6844253540039,39.1564102172852,99.9087219238281,99.8532104492188,37.9452514648438
Estonia,2023,54.05,100.0,100.0,100.0,5749.16477290142,49.5386635672625,755414.0,11.109017133712795,45.08516883850095,51.81906509399415,18.743927478790283,21.2688384056091,80.6897888183594,86.32179641723636,9.666329383850076
Fiji,2021,54.0,92.1,86.8,96.0,2955.5365363178053,34.1278206295214,375714.0,10.7870397567749,66.0850296020508,61.269401550293,6.318285703659075,8.5139398574829,91.4405822753906,90.9204788208008,9.27676963806152
Fiji,2022,56.1,92.0,86.8,97.6,2955.5365363178053,34.1377104871349,381496.0,11.30118799209595,56.5073585510254,56.6772575378418,6.318285703659075,8.5139398574829,73.2227020263672,75.991886138916,9.24321126937866
Fiji,2023,99.85,99.3,98.3,100.0,2955.5365363178053,34.1776130374588,384983.0,11.30118799209595,56.5073585510254,56.6772575378418,6.318285703659075,8.5139398574829,73.2227020263672,75.991886138916,9.24321126937866
Finland,2021,100.0,100.0,100.0,100.0,15646.5861772306,47.6190425169066,2799945.0,25.5287227630615,89.533576965332,89.6693954467773,43.3006172180176,34.1927490234375,99.9518203735352,99.9171981811523,30.7561550140381
Finland,2022,100.0,100.0,100.0,100.0,14749.7185978813,48.2149419948379,2846126.0,26.3623390197754,91.5996780395508,91.6049041748047,43.7371673583984,35.049503326416,99.9628982543945,99.9635696411133,31.1477546691895
Finland,2023,100.0,100.0,100.0,100.0,14352.4852025758,48.5290609440681,2863035.0,20.1813769340515,90.28678894042966,92.34469604492185,31.88530826568605,26.37637424468995,99.35591125488284,99.5335998535156,23.2266778945923
France,2021,100.0,100.0,100.0,100.0,6942.44523564921,48.4182420961172,31181921.0,22.7441635131836,89.2709808349609,92.3115081787109,37.3554992675781,34.4482879638672,100.0,100.0,23.1135864257812
France,2022,100.0,100.0,100.0,100.0,6677.39513463708,48.3939653638397,31537676.0,22.3946876525879,85.4513473510742,89.4875183105469,36.3566551208496,33.8793907165527,95.3553695678711,96.8025894165039,22.7038650512695
France,2023,100.0,100.0,100.0,100.0,6456.64409937944,48.5065304788837,31618891.0,23.9088401794434,90.5102844238281,92.8295288085938,39.0496368408203,35.6301803588867,100.0,100.0,24.7607326507568
Georgia,2021,90.9,100.0,100.0,99.9,3604.85464904641,47.7425465749264,1774721.0,33.4094123840332,98.0827102661133,98.7290191650391,55.4708709716797,48.9546508789062,99.4456024169922,99.5731201171875,34.8414726257324
Georgia,2022,92.2,100.0,100.0,100.0,3682.96097887624,47.7040839846388,1843861.0,32.8199996948242,98.2200012207031,98.6900024414062,57.9300003051758,49.4500007629395,99.2300033569336,99.5,35.0099983215332
Georgia,2023,100.0,100.0,100.0,100.0,3782.66750285223,47.7394296064502,1850617.0,33.1935043334961,98.2348785400391,98.7013473510742,57.8974723815918,48.8034286499023,99.3691177368164,99.6016082763672,35.6545333862305
Germany,2021,100.0,100.0,100.0,100.0,6582.54587433797,46.4180323865489,43283278.0,33.4534606933594,93.1566390991211,93.9384689331055,37.3850593566895,41.559196472168,98.6864624023438,99.3337097167969,24.8310642242432
Germany,2022,100.0,100.0,100.0,100.0,6285.24659632329,46.4924273526033,43953915.0,33.3114166259766,93.5915908813477,94.3460388183594,38.3714904785156,42.1183280944824,98.6710815429688,99.3392486572266,25.3061943054199
Germany,2023,100.0,100.0,100.0,100.0,6045.29298751201,46.551906407095,43815458.0,33.382438659668,93.3741149902344,94.14225387573245,37.87827491760255,41.838762283325195,98.6787719726563,99.33647918701175,25.06862926483155
Greece,2021,100.0,100.0,100.0,100.0,4997.1582541623,44.7207604950818,4573547.0,29.085132598877,72.2298202514648,79.2744293212891,36.1804122924805,36.448543548584,95.9393463134766,97.9271926879883,27.3331069946289
Greece,2022,100.0,100.0,100.0,100.0,4827.78285698736,44.5980913157269,4659964.0,29.5211448669434,73.8031158447266,80.3933029174805,36.8578643798828,36.2710723876953,96.4578399658203,98.248046875,28.3811092376709
Greece,2023,94.05,100.0,100.0,100.0,4534.19835572963,44.8472025218397,4660090.0,21.24059104919435,60.115859985351605,66.61289596557614,26.939391136169448,23.66519165039065,82.13695526123045,88.89608383178711,28.59047985076905
Guatemala,2021,45.0,97.9,98.1,97.6,784.094234500942,33.1894370163203,6800730.0,32.4850654602051,32.9715232849121,29.3028564453125,33.497759819030804,33.9038848876953,48.5837097167969,58.5747566223145,35.311605453491204
Guatemala,2022,46.2,99.1,98.1,97.7,669.883594558613,34.2589418462758,7234412.0,6.92779016494751,30.2276496887207,36.698558807373,23.461957931518548,15.911696434020978,47.637321472168,58.9688415527344,4.68416023254395
Guatemala,2023,36.3,100.0,100.0,100.0,187.2544861520405,34.1923810732606,7406030.0,4.51509618759155,29.9344348907471,35.8862380981445,13.532299518585205,10.715231895446795,48.1771545410156,58.0505142211914,3.83277344703674
Honduras,2021,49.4,94.1,85.7,100.0,780.475801605792,39.6571539326702,4395792.0,17.168292760848995,57.623354911804206,34.892276763916,4.17710208892822,4.37380313873291,61.932975769043,61.4457244873047,22.52655279636383
Honduras,2022,50.1,94.4,86.8,100.0,757.081126374635,37.9880179599849,4588868.0,18.683862686157212,37.9296455383301,34.2619361877441,4.42104053497314,4.17713403701782,64.4768600463867,63.3841171264648,17.596501111984267
Honduras,2023,70.5,95.6,88.8,100.0,917.682994355652,34.5981278822418,4213517.0,6.77588510513306,30.0116138458252,28.6234855651855,4.06778955459595,4.20787572860718,62.0503273010254,60.5854263305664,5.208324909210205
Hungary,2021,100.0,100.0,100.0,100.0,4719.10549768272,46.4925550424846,4912251.0,23.6860294342041,98.0978240966797,98.9972076416016,33.3396110534668,30.0965156555176,99.5860061645508,99.6969757080078,27.7006206512451
Hungary,2022,100.0,100.0,100.0,100.0,4680.96591412799,46.6359875339445,4938210.0,23.9416580200195,98.2849807739258,99.1145858764648,32.8752708435059,29.9732608795166,99.6695404052734,99.7351455688477,28.0614147186279
Hungary,2023,100.0,100.0,100.0,100.0,4601.66222798432,46.8412470850527,4967071.0,29.3031387329102,73.0164680480957,79.8338661193848,36.51913833618165,36.35980796813965,96.19859313964845,98.08761978149414,27.8571081161499
Iceland,2021,100.0,100.0,100.0,100.0,51135.5095028455,45.9563416102738,222546.0,28.4871559143066,99.8702087402344,99.8419494628906,47.5507850646973,43.5365676879883,99.8702087402344,99.8419494628906,40.1043319702148
Iceland,2022,100.0,100.0,100.0,100.0,51258.7597479601,46.2567132809909,232189.0,26.9119701385498,99.8759155273438,99.5827331542969,50.3665313720703,41.2423667907715,99.8759155273438,99.5827331542969,41.94775390625
Iceland,2023,75.05,100.0,100.0,100.0,50082.7509412761,45.9807994820094,240931.0,18.683862686157212,61.022180557251005,61.00861930847165,24.968370914459218,22.72410702705381,80.46573638916016,80.91604232788086,17.596501111984267
Indonesia,2021,87.2,99.2,98.2,99.9,1028.37477325366,39.6300377739763,135672770.0,9.42133045196533,53.6630058288574,60.4325675964355,12.7075433731079,11.6570901870728,82.3444213867188,87.5258026123047,9.54952239990234
Indonesia,2022,89.1,100.0,98.2,100.0,1257.23679274733,39.3159431716515,139637843.0,9.29591655731201,53.7340621948242,59.6842193603516,12.7986068725586,11.4243383407593,80.4424362182617,86.0196762084961,9.66471767425537
Indonesia,2023,87.4,99.4,98.6,100.0,1953.9881933565398,39.3298545821011,141349381.0,9.12527942657471,53.4761962890625,59.865291595459,24.6081027984619,22.68202924728395,81.1035995483398,86.5573501586914,9.52848529815674
Ireland,2021,100.0,100.0,100.0,100.0,6167.09489299375,46.3698521586657,2568091.0,36.2288970947266,90.1366958618164,89.5482711791992,62.0939750671387,56.9747886657715,98.5882720947266,99.2185897827148,39.1772079467773
Ireland,2022,100.0,100.0,100.0,100.0,6125.9848616838,46.7037141878101,2684840.0,35.8504524230957,90.3994903564453,89.8707504272461,62.438060760498,57.7087020874023,98.7630996704102,99.2401504516602,38.6128883361816
Ireland,2023,100.0,100.0,100.0,100.0,6057.7285402065,46.8500211645315,2799495.0,36.03967475891115,90.26809310913086,89.70951080322266,62.266017913818345,57.3417453765869,98.6756858825684,99.2293701171875,38.89504814147945
Israel,2021,100.0,100.0,100.0,100.0,6809.86832276928,47.9767338247108,4275735.0,33.7175941467285,90.4493942260742,92.6890487670898,52.1569938659668,44.957332611084,95.2164077758789,97.4428939819336,40.4751586914062
Israel,2022,100.0,100.0,100.0,100.0,6842.79361757782,47.9982592488041,4467037.0,34.1323280334473,90.7246170043945,92.7145004272461,53.3553161621094,45.3978424072266,95.46875,97.5426788330078,41.732250213623
Israel,2023,92.65,100.0,100.0,100.0,6622.90142057684,48.3719145475615,4586645.0,30.1311836242676,75.3423824310303,77.70490646362305,29.99739837646485,28.387365341186552,85.6083526611328,89.44016647338864,38.1059112548828
Italy,2021,100.0,100.0,100.0,100.0,5290.22854904133,42.4567789364276,25032297.0,14.694278717041,79.2322387695312,85.9351348876953,19.3520317077637,15.7796039581299,96.7913513183594,98.3558959960938,17.7843914031982
Italy,2022,100.0,100.0,100.0,100.0,5215.69012140866,42.5871899007398,25351560.0,14.7746381759644,79.7553558349609,86.1860198974609,19.5974864959717,15.9528474807739,96.9105377197266,98.4543991088867,18.0897102355957
Italy,2023,99.7,100.0,100.0,100.0,5049.79576131089,42.730486349025,25810867.0,22.7405090332031,89.21637344360349,92.40033721923825,47.06060600280765,44.46249103546145,98.3956756591797,99.1779479980469,25.8198652267456
Japan,2021,100.0,100.0,100.0,100.0,7959.55856479318,44.3721839870396,68671337.0,33.382438659668,93.3741149902344,94.14225387573245,37.87827491760255,41.838762283325195,98.6787719726563,99.33647918701175,25.06862926483155
Japan,2022,100.0,100.0,100.0,100.0,7803.26941727044,44.6509599869779,68929060.0,33.382438659668,93.3741149902344,94.14225387573245,37.87827491760255,41.838762283325195,98.6787719726563,99.33647918701175,25.06862926483155
Japan,2023,100.0,100.0,100.0,100.0,7044.258006796865,44.9326623132591,69197135.0,33.382438659668,93.3741149902344,94.14225387573245,37.87827491760255,41.838762283325195,98.6787719726563,99.33647918701175,25.06862926483155
Kazakhstan,2021,93.3,100.0,100.0,100.0,5321.52110230336,48.9693422783938,10012975.0,23.813843727111802,98.19140243530275,99.0558967590332,33.10744094848635,30.0348882675171,99.6277732849121,99.71606063842775,27.881017684936502
Kazakhstan,2022,93.1,100.0,100.0,100.0,5271.52788457214,48.8099909687564,10127066.0,29.3031387329102,64.6815586090088,73.5566520690918,36.51913833618165,36.35980796813965,82.6189193725586,88.46402359008789,27.8571081161499
Kazakhstan,2023,100.0,100.0,100.0,100.0,4993.437722913815,48.8272366007844,10221158.0,21.24059104919435,64.93843269348145,69.62588882446289,27.7995557785034,24.5373125076294,88.09864807128905,93.5237236022949,28.59047985076905
Kenya,2021,26.4,76.5,68.2,97.5,184.426039295693,47.019158752771,22012863.0,7.08959150314331,67.5824508666992,78.748291015625,5.19816112518311,8.42582702636719,81.7079086303711,90.9925689697266,4.4461841583252
Kenya,2022,30.0,76.0,65.0,98.0,189.355465367737,47.0898610735261,22574747.0,7.84363985061646,60.4714317321777,70.1211471557617,26.3418312072754,18.7170448303223,74.5982131958008,83.5402984619141,4.57471990585327
Kenya,2023,59.599999999999994,76.2,67.9,96.0,190.082933008388,47.2066908867942,23184849.0,5.80234384536743,48.75844287872315,57.31726455688475,13.532299518585205,10.715231895446795,64.94253158569335,74.521541595459,4.13947880268097
"Korea, Rep.",2021,100.0,100.0,100.0,100.0,11397.3392731969,43.1330825839844,28560792.0,39.6169204711914,83.6950988769531,93.483642578125,41.4524078369141,52.5475425720215,95.5400314331055,99.0732421875,28.9895114898682
"Korea, Rep.",2022,100.0,100.0,100.0,100.0,11492.9257726667,43.3764310357427,29201402.0,39.6483955383301,84.0698394775391,93.7335357666016,42.2894287109375,52.8652153015137,95.8029098510742,99.1590423583984,29.55224609375
"Korea, Rep.",2023,100.0,100.0,100.0,100.0,11307.6655429113,43.8227480936206,29587631.0,40.9601020812988,85.0460433959961,94.2079696655273,57.0605163574219,48.29050636291505,96.2300415039062,99.3080444335938,30.4571380615234
Kosovo,2021,81.25,100.0,100.0,100.0,1701.26803929628,37.818658605964,987059.5,8.476552724838255,23.56539916992185,39.2175359725952,4.4053850173950195,9.86609268188476,65.29464912414551,82.1287155151367,3.7350789308547947
Kosovo,2022,81.25,100.0,100.0,100.0,1701.26803929628,37.818658605964,987059.5,8.476552724838255,23.56539916992185,39.2175359725952,4.4053850173950195,9.86609268188476,65.29464912414551,82.1287155151367,3.7350789308547947
Kosovo,2023,46.15,100.0,100.0,100.0,768.1797950515686,37.818658605964,987059.5,3.59993290901184,39.8169984817505,46.21181201934815,2.742725133895875,4.36656332015991,85.90654373168945,92.43223571777341,2.36430525779724
Kyrgyz Republic,2021,77.3,99.7,99.6,99.8,1975.4134443714,41.6410966807095,2981360.0,8.476552724838255,23.56539916992185,39.2175359725952,4.4053850173950195,9.86609268188476,65.29464912414551,82.1287155151367,3.7350789308547947
Kyrgyz Republic,2022,77.0,99.7,99.6,100.0,1971.4074947749,41.6921467351248,3059581.0,3.59993290901184,59.566169738769545,68.86331939697271,2.742725133895875,4.36656332015991,94.51876831054685,98.09600830078125,2.36430525779724
Kyrgyz Republic,2023,80.75,100.0,100.0,100.0,3636.35434593532,41.7478012088916,3128651.0,18.7775220870972,63.3712100982666,77.2213249206543,23.0027942657471,21.72255325317385,92.44070816040035,97.2187919616699,20.42113780975345
Latvia,2021,100.0,100.0,100.0,100.0,3838.17372339466,49.3888152775149,950940.0,25.5066566467285,96.9889755249023,98.8349456787109,53.2173919677734,41.2630653381348,97.8791427612305,99.3867034912109,35.9120864868164
Latvia,2022,100.0,100.0,100.0,100.0,3696.42590147937,49.6663436561673,962817.0,25.5605030059814,97.2051773071289,98.7597427368164,55.2850189208984,42.1236228942871,98.0880508422852,99.3624267578125,37.0257530212402
Latvia,2023,54.05,100.0,100.0,100.0,3628.86795618513,49.6514008196484,965292.0,11.095795392990095,45.08516883850095,51.81906509399415,19.979273319244385,22.1637597084045,100.0,100.0,10.268817901611325
Lebanon,2021,41.0,100.0,100.0,100.0,1750.05010386277,31.6648669852665,1896632.0,11.60308074951175,73.9286823272705,89.25854110717775,17.21603870391845,16.51443338394165,88.9579544067383,97.0598449707031,12.3668231964111
Lebanon,2022,83.0,100.0,100.0,100.0,680.652360897549,31.5174557333536,1916906.0,17.261993885040276,81.69862365722655,81.79750442504886,44.2931089401245,45.42488765716555,93.82292556762695,93.18216705322266,23.393662929534905
Lebanon,2023,100.0,100.0,100.0,100.0,1215.3512323801594,31.4675450729925,1938966.0,33.00675201416015,98.2274398803711,98.6956748962402,57.9137363433838,49.1267147064209,99.299560546875,99.5508041381836,35.33226585388185
Lesotho,2021,41.1,50.4,37.7,80.6,2955.5365363178053,44.393847265284,830525.0,6.702869415283205,37.588769912719755,41.39147758483885,12.257474184036274,9.950604438781749,60.852138519287095,52.683511734008746,5.072596371173859
Lesotho,2022,41.5,50.0,37.7,83.6,2955.5365363178053,44.0584883800652,860547.0,6.702869415283205,37.588769912719755,41.39147758483885,12.257474184036274,9.950604438781749,60.852138519287095,52.683511734008746,5.072596371173859
Lesotho,2023,70.75,57.3,45.2,85.0,2955.5365363178053,44.0619607555944,873908.0,6.702869415283205,37.588769912719755,41.39147758483885,12.257474184036274,9.950604438781749,60.852138519287095,52.683511734008746,5.072596371173859
Lithuania,2021,100.0,100.0,100.0,100.0,4711.44539189864,49.5036417606558,1481289.0,35.8072776794434,96.6284790039062,98.1472320556641,65.7919921875,55.3560829162598,99.292106628418,99.4771270751953,43.7648849487305
Lithuania,2022,100.0,100.0,100.0,100.0,4416.1702815931,49.6387596786237,1509383.0,35.6640205383301,96.9497680664062,98.0971374511719,68.0251770019531,56.3919639587402,99.2609405517578,99.2947158813477,46.1547927856445
Lithuania,2023,54.6,100.0,100.0,100.0,4202.90536411076,49.3343153399276,1536989.0,30.45497608184815,81.4432601928711,86.2624168395996,36.5217218399048,38.322819709777804,98.0486068725586,98.8983192443848,30.487122535705602
Luxembourg,2021,100.0,100.0,100.0,100.0,12151.9098090191,46.1085500959751,330815.0,42.6705589294434,89.4878845214844,90.7828826904297,46.1569862365723,49.5096054077148,97.5843124389648,98.0208892822266,40.7614822387695
Luxembourg,2022,100.0,100.0,100.0,100.0,11629.0998510189,46.5781000794471,334814.0,43.4346580505371,90.0731735229492,91.3365325927734,47.0335731506348,51.3443222045898,97.8478012084961,98.516471862793,41.2124710083008
Luxembourg,2023,72.5,100.0,100.0,100.0,11168.4648050058,46.3360857598146,345150.0,32.4850654602051,61.229703903198256,60.0428695678711,33.497759819030804,33.9038848876953,73.08401107788086,78.29782295227055,35.311605453491204
Madagascar,2021,1.45,35.1,10.9,72.6,80.2934672339167,48.7553079858448,15102009.0,3.41530990600586,15.9009799957275,21.2205009460449,22.45862102508545,19.97718048095705,38.9394683837891,43.7580108642578,2.49875998497009
Madagascar,2022,1.5,36.1,10.9,71.6,81.3148068743768,48.6756937106911,15576306.0,15.59478282928468,54.255230903625446,55.51262855529785,45.13165283203125,41.0003719329834,68.0002555847168,69.5493812561035,19.800155520439148
Madagascar,2023,56.05,39.4,14.6,75.6,1554.945505326706,48.6886290440054,16036576.0,24.2559518814087,80.46019744873044,83.01070404052734,50.825748443603544,48.44591903686525,95.36258697509766,95.8122901916504,29.215210914611802
Malawi,2021,1.5,14.2,5.6,54.2,2152.8111981032,49.2614272440293,7724019.0,2.72000002861023,59.566169738769545,68.86331939697271,2.742725133895875,4.36656332015991,94.51876831054685,98.09600830078125,1.799999952316285
Malawi,2022,1.4,14.0,5.6,54.0,2152.8111981032,49.1389774599378,8039685.0,2.72000002861023,38.056895256042495,45.89305496215825,11.04313945770265,9.2465305328369,68.06118392944336,73.1974506378174,1.799999952316285
Malawi,2023,50.2,15.6,6.1,57.8,2152.8111981032,49.1082405548294,8334815.0,11.96499991416933,38.056895256042495,45.89305496215825,39.4581880569458,34.70588493347165,68.06118392944336,73.1974506378174,12.845000028610237
Malaysia,2021,86.0,100.0,100.0,100.0,4860.27830199398,36.9557837173773,17243512.0,16.0446376800537,86.7094039916992,86.8067855834961,28.5272617340088,28.8884868621826,96.4194107055664,96.9665451049805,16.9167175292969
Malaysia,2022,84.1,100.0,100.0,100.0,4986.12312555985,37.1623683233973,17583325.0,14.4300003051758,79.0299987792969,82.0599975585938,25.0499992370605,26.2099990844727,93.5199966430664,96.0100021362305,14.6999998092651
Malaysia,2023,79.55,100.0,100.0,100.0,3377.354766623612,37.2065920489056,17923168.0,21.68068170547485,77.3146324157715,76.257360458374,35.51881313323975,27.91668224334715,92.8570251464844,91.7574462890625,28.996079444885247
Maldives,2021,99.7,100.0,100.0,100.0,2955.5365363178053,22.8934938290416,262520.0,11.30118799209595,56.5073585510254,56.6772575378418,6.318285703659075,8.5139398574829,73.2227020263672,75.991886138916,9.24321126937866
Maldives,2022,99.7,100.0,100.0,100.0,176.69034321965,22.7627691008865,265328.0,10.270139694213865,46.170189857482896,56.84068870544435,6.8716084957122945,12.49203729629515,71.83098030090329,83.8852767944336,6.009158492088315
Maldives,2023,99.85,100.0,100.0,100.0,176.69034321965,22.9725625189835,266679.0,10.270139694213865,46.170189857482896,56.84068870544435,6.8716084957122945,12.49203729629515,71.83098030090329,83.8852767944336,6.009158492088315
Malta,2021,100.0,100.0,100.0,100.0,4936.97641050959,40.8432651384787,282426.0,21.6781253814697,84.4356307983398,89.7946090698242,33.2437400817871,35.7639579772949,99.0891571044922,99.4957122802734,23.434549331665
Malta,2022,100.0,100.0,100.0,100.0,5170.16581030308,41.865538553692,293824.0,22.0376853942871,85.0283660888672,90.3839645385742,32.9480056762695,36.0108451843262,98.9538345336914,99.2371368408203,23.2504024505615
Malta,2023,53.45,100.0,100.0,100.0,2792.95367053278,41.5847517010589,305398.0,10.285157203674324,65.44494819641115,76.62021255493164,24.24691867828365,24.3050346374512,87.53566360473636,92.47367095947266,10.902315616607655
Mauritius,2021,99.0,99.6,99.8,99.3,2211.89670339737,38.4005052488563,565266.0,0.0,58.7585487365723,66.4005279541016,0.0,0.0,93.4451675415039,97.4571151733398,0.0
Mauritius,2022,99.0,100.0,100.0,99.0,2334.2149014315,38.1142986069909,598345.0,11.96499991416933,60.3737907409668,71.3261108398438,39.4581880569458,34.70588493347165,95.5923690795898,98.7349014282227,12.845000028610237
Mauritius,2023,49.525,100.0,100.0,100.0,1168.0195070371283,38.3041446184426,595664.0,10.83765506744383,56.915490150451646,59.92025184631345,45.13165283203125,41.0003719329834,69.25473403930665,71.60400390625,12.359379649162294
Mexico,2021,85.7,100.0,100.0,99.9,2650.73959396575,38.8956181944697,56864048.0,9.21059799194336,66.4350738525391,65.3687438964844,24.6081027984619,22.68202924728395,83.7100982666016,85.5228271484375,9.596601486206055
Mexico,2022,85.7,100.0,100.0,99.8,2351.59528868272,39.4612258716186,58544385.0,22.148159027099602,65.3199996948242,67.0400009155273,36.124940872192354,33.9070854187012,82.4400024414062,84.3300018310547,27.0073823928833
Mexico,2023,99.65,99.7,99.1,100.0,2412.61431663365,40.0692793435583,60144623.0,39.42346000671385,67.9045639038086,67.0553359985352,59.16120529174805,64.0637722015381,85.0688781738281,86.4555130004883,35.909756660461454
Moldova,2021,97.4,100.0,100.0,100.0,2401.17820687115,53.7330026227091,1503026.0,18.4899997711182,97.3899993896484,98.5199966430664,22.0862789154053,18.4930610656738,99.5999984741211,99.5299987792969,22.0900001525879
Moldova,2022,97.6,100.0,100.0,100.0,2255.74554684034,54.4569274068774,1464574.0,18.2600002288818,97.9300003051758,98.620002746582,22.215461730957,18.2587242126465,99.5699996948242,99.4499969482422,22.2199993133545
Moldova,2023,56.7,100.0,100.0,100.0,1614.007566627956,54.6708431910393,1389353.0,18.3649120330811,97.9607391357422,98.6896514892578,48.978164672851605,45.96883773803715,99.5803909301758,99.4703140258789,23.1295890808105
Mongolia,2021,52.9,100.0,100.0,100.0,2427.49075653249,44.0636570761922,1366321.0,27.7742557525635,92.6094818115234,89.8047561645508,68.0478439331055,63.7420196533203,97.0610427856445,95.3407516479492,37.1015510559082
Mongolia,2022,54.2,100.0,100.0,100.0,2545.61487913499,44.4524910953134,1420881.0,26.1017665863037,92.1286468505859,89.8496017456055,64.3526763916016,58.7878570556641,96.8059997558594,95.6307144165039,36.4625854492188
Mongolia,2023,83.0,100.0,100.0,100.0,3229.5874670254,44.5818995398377,1433842.0,25.2698345184326,94.1747131347656,92.6716690063477,59.3744583129883,60.1385726928711,97.8904342651367,97.2366790771484,37.0463409423828
Morocco,2021,98.0,100.0,100.0,100.0,950.467605491107,22.7575490518184,12266110.0,17.8078937530518,80.71964836120605,78.9211673736572,26.19876575469975,23.89823055267335,84.2985038757324,82.9579010009766,25.02170848846435
Morocco,2022,97.9,100.0,100.0,100.0,978.27258674367,22.0255512657148,12170356.0,17.8078937530518,80.71964836120605,78.9211673736572,26.19876575469975,23.89823055267335,84.2985038757324,82.9579010009766,25.02170848846435
Morocco,2023,97.95,100.0,100.0,100.0,2763.8085271657383,22.1869709286409,12350059.0,17.8078937530518,80.71964836120605,78.9211673736572,26.19876575469975,23.89823055267335,84.2985038757324,82.9579010009766,25.02170848846435
Nepal,2021,38.4,89.9,100.0,94.2,306.293365125237,36.5387806753205,8237363.0,16.1786231994629,26.5851192474365,43.1910285949707,29.814543008804343,22.920755147933956,36.4118003845215,58.9935607910156,19.876629590988145
Nepal,2022,39.6,91.3,93.7,97.7,321.045264151601,36.6799263082657,8404199.0,11.109017133712795,45.08516883850095,51.81906509399415,18.743927478790283,21.2688384056091,80.6897888183594,86.32179641723636,9.666329383850076
Nepal,2023,20.150000000000002,94.0,93.4,96.0,202.64767724478315,36.9093183561695,8424737.0,11.109017133712795,45.55016899108885,58.10906410217285,18.743927478790283,21.2688384056091,72.52478790283206,83.6917953491211,9.666329383850076
Netherlands,2021,100.0,100.0,100.0,100.0,6704.42622513238,47.1300090887312,9842958.0,36.8335609436035,90.0527572631836,92.4684295654297,37.153507232666,38.8782501220703,98.184211730957,98.2888870239258,34.2246856689453
Netherlands,2022,100.0,100.0,100.0,100.0,6365.46605154448,47.1141736570986,10054815.0,37.7317390441895,91.0731430053711,92.6664123535156,38.4872360229492,39.6803359985352,98.484016418457,98.6139907836914,35.5516586303711
Netherlands,2023,93.6,100.0,100.0,100.0,6198.03517535853,47.1356860908217,10247550.0,19.540664196014415,62.7710475921631,70.27263832092285,25.7976231575012,25.4563412666321,80.4053535461426,90.9021644592285,21.72621154785157
New Zealand,2021,100.0,100.0,100.0,100.0,8160.1549507953,47.293248122804,2919514.0,21.24059104919435,63.5850105285645,65.3425064086914,29.20256996154785,22.458095550537152,94.15568923950195,97.50515365600586,28.59047985076905
New Zealand,2022,100.0,100.0,100.0,100.0,8099.15578832174,47.4689512976338,2953183.0,21.24059104919435,60.115859985351605,66.61289596557614,26.939391136169448,23.66519165039065,82.13695526123045,88.89608383178711,28.59047985076905
New Zealand,2023,100.0,100.0,100.0,100.0,7941.26093699144,47.4537339222469,3048778.0,21.24059104919435,63.5850105285645,65.3425064086914,29.20256996154785,22.458095550537152,94.15568923950195,97.50515365600586,28.59047985076905
Nicaragua,2021,58.1,86.3,66.3,100.0,618.233276511455,38.6879652493112,3036947.0,18.8273391723633,60.5289916992188,63.1129302978516,23.0027942657471,21.72255325317385,82.805778503418,87.2585601806641,21.7039909362793
Nicaragua,2022,59.2,86.5,66.3,100.0,682.400254120922,39.0648444695096,3092384.0,24.2559518814087,80.46019744873044,83.01070404052734,50.825748443603544,48.44591903686525,95.36258697509766,95.8122901916504,29.215210914611802
Nicaragua,2023,68.9,88.3,71.0,100.0,2527.75735182592,39.3067308227601,3161456.0,21.4967679977417,91.1483573913574,91.72768020629886,46.75478649139405,44.545655250549345,97.17416763305665,96.87472152709961,27.967756271362347
Nigeria,2021,23.0,59.5,26.3,89.2,142.790930090716,46.9536655563638,102508968.0,14.1861295700073,42.3900718688965,57.8144989013672,31.09500026702885,35.91500091552735,57.8193588256836,73.5159912109375,8.01961994171143
Nigeria,2022,25.6,60.5,27.0,89.0,135.603309430584,46.9421477961804,105432630.0,4.26290273666382,64.6892700195312,75.5948104858398,37.8123435974121,40.5757026672363,82.6653213500977,91.7974319458008,2.73636484146118
Nigeria,2023,69.3,61.2,32.9,85.0,2733.033274795182,48.4363330380889,110183277.0,15.984611511230451,74.4444408416748,73.27968406677245,28.5715970993042,27.0556402206421,89.6504020690918,89.27447891235354,16.940975189209
North Macedonia,2021,80.2,100.0,100.0,100.0,3793.4499437705,41.112143020028,784953.0,18.6117744445801,62.6685829162598,76.7970962524414,22.7017803192139,21.6956367492676,92.3918533325195,97.1842880249023,20.1716632843018
North Macedonia,2022,81.3,100.0,100.0,100.0,3479.25874810014,41.3672304700493,802703.0,18.9432697296143,64.0738372802734,77.6455535888672,23.3038082122803,21.7494697570801,92.4895629882812,97.2532958984375,20.6706123352051
North Macedonia,2023,56.05,100.0,100.0,100.0,1554.945505326706,41.3365296442787,797169.0,20.7376480102539,68.3109130859375,76.2166519165039,33.6036529541016,33.1498184204102,93.6641311645508,96.2838287353516,21.3288707733154
Norway,2021,100.0,100.0,100.0,100.0,24650.1686290752,46.8232898554815,2940731.0,26.1300392150879,86.59814453125,95.6240463256836,43.8932762145996,39.8116416931152,87.2023010253906,96.0919799804688,34.4795722961426
Norway,2022,100.0,100.0,100.0,100.0,23373.4710590389,46.6241997685755,2985855.0,25.2907695770264,95.9295043945312,98.5050964355469,47.1495628356934,39.8636589050293,96.5161056518555,98.955192565918,37.0830993652344
Norway,2023,99.95,100.0,100.0,100.0,23520.0270164798,47.172438806884,3005240.0,25.14011669158935,94.4972267150879,95.85797119140625,42.23133277893065,39.54106521606445,97.6081886291504,98.72143173217775,28.560231208801248
Pakistan,2021,51.0,94.9,91.9,99.9,570.098770866866,22.7006727069609,78814704.0,10.1768083572388,27.7954158782959,48.4065818786621,7.08136034011841,10.1768083572388,38.0621452331543,62.9245910644531,7.08136034011841
Pakistan,2022,52.6,95.0,93.0,100.0,605.788247596384,22.6309725165422,80282511.0,13.60437631607055,81.84395217895505,82.75552368164065,22.40255069732665,21.5752410888672,91.4851417541504,92.82087326049805,15.0325894355774
Pakistan,2023,72.3,95.6,92.8,100.0,5113.8604263304005,22.7358153712894,81926413.0,19.0052227973938,73.62438201904294,73.662899017334,29.225943565368652,27.338029861450202,86.88893508911136,86.95501708984375,18.738611221313498
Papua New Guinea,2021,9.8,20.9,14.0,65.2,27409.23524086087,47.6319512096089,3374107.0,30.6535778045654,99.04510498046875,99.2659759521484,52.74039268493655,46.4932842254639,99.550106048584,99.6709747314453,37.557165145874
Papua New Guinea,2022,10.0,19.0,14.0,65.1,933.5282954983675,47.44978368356,3494880.0,4.24747848510742,27.4283027648926,41.3095626831055,10.4695806503296,17.8098545074463,55.8578109741211,68.9980545043945,1.98758840560913
Papua New Guinea,2023,100.0,20.5,13.4,65.2,3782.66750285223,47.5038008534612,3574855.0,33.15687561035155,91.1747970581055,93.2283248901367,51.70658683776855,45.03725433349605,97.911865234375,99.02478790283206,34.42997360229495
Paraguay,2021,68.6,100.0,100.0,100.0,2126.51301236262,41.7608034569186,3412056.0,11.109017133712795,54.310001373291,53.3499984741211,18.743927478790283,21.2688384056091,77.3300018310547,79.5500030517578,9.666329383850076
Paraguay,2022,68.5,100.0,100.0,100.0,2213.01378130259,41.9716209207027,3391301.0,11.109017133712795,57.4799995422363,56.939998626709,18.743927478790283,21.2688384056091,80.4100036621094,80.4300003051758,9.666329383850076
Paraguay,2023,78.8,99.8,99.5,100.0,2920.94086874386,41.8940462872589,3448638.0,16.8373155593872,56.87314987182615,61.70941734313965,19.979273319244385,29.549204826354952,90.2050018310547,90.21500015258789,17.90681743621825
Peru,2021,86.4,95.6,83.6,98.9,1531.64376685862,45.6298825718232,17853296.0,29.3031387329102,55.560001373291,66.7200012207031,36.51913833618165,36.35980796813965,68.7799987792969,78.6800003051758,27.8571081161499
Peru,2022,88.1,96.2,85.1,99.0,1588.44822284327,45.364958473676,18756175.0,21.24059104919435,57.0200004577637,67.9199981689453,24.7750930786133,25.1189136505127,70.1500015258789,80.3000030517578,28.59047985076905
Peru,2023,100.0,96.2,85.1,99.0,4993.437722913815,45.3332232054438,18608668.0,21.24059104919435,65.9185638427734,73.87255859375,26.2976608276367,26.3699035644531,82.0098266601562,89.5293045043945,28.59047985076905
Philippines,2021,56.9,97.5,96.5,98.6,846.694921660693,39.5506381926216,44699749.0,18.8504791259766,64.7939682006836,59.1400299072266,29.3138484954834,23.7215309143066,87.9263000488281,83.6290893554688,24.5563278198242
Philippines,2022,59.1,94.8,91.1,98.0,884.680258485773,41.4438447286486,49481401.0,15.9393396377563,63.6305389404297,60.0255012512207,28.893030166626,23.2302951812744,87.2008438110352,84.1670989990234,20.1498203277588
Philippines,2023,55.85,98.0,97.6,98.4,1827.426831717758,41.4784616706064,50352675.0,13.5530648231506,62.7150363922119,71.3472480773926,31.09500026702885,35.91500091552735,72.419677734375,81.2779960632324,10.514810085296615
Poland,2021,100.0,100.0,100.0,100.0,4631.20010705876,45.1234778257029,18231897.0,24.4346084594727,97.5792846679688,98.3862915039062,36.8755683898926,26.2579212188721,97.8612670898438,98.9520492553711,31.6396541595459
Poland,2022,100.0,100.0,100.0,100.0,4596.71266565855,45.4775731494996,18259831.0,24.7140331268311,97.6652450561523,98.463752746582,37.2951812744141,26.4782943725586,97.9530715942383,98.9876174926758,32.1605682373047
Poland,2023,100.0,100.0,100.0,100.0,4355.69717989739,45.8486429967589,18341629.0,44.9819812774658,97.80976486206055,98.2319107055664,35.283634185791,44.9819812774658,99.6583480834961,99.6958389282227,35.283634185791
Portugal,2021,100.0,100.0,100.0,100.0,4901.6433485549,49.2719688274369,5158639.0,20.9722499847412,63.2117195129395,65.305793762207,29.1036891937256,22.2114696502686,94.123908996582,97.4921646118164,28.5162925720215
Portugal,2022,100.0,100.0,100.0,100.0,5085.23209727273,49.2968828485589,5275650.0,21.5089321136475,63.9583015441895,65.3792190551758,29.3014507293701,22.7047214508057,94.1874694824219,97.5181427001953,28.6646671295166
Portugal,2023,100.0,100.0,100.0,100.0,5143.13718038671,49.4003807674927,5414853.0,20.8361186981201,64.1178894042969,65.4293899536133,27.5635433197021,22.228946685791,94.5374984741211,97.354736328125,26.6510124206543
Romania,2021,100.0,100.0,100.0,100.0,2900.83824132119,42.4376702872259,8418497.0,13.8026008605957,90.4599990844727,94.8199996948242,19.3299999237061,18.1299991607666,98.620002746582,99.1399993896484,14.1383724212646
Romania,2022,100.0,100.0,100.0,100.0,2717.53652859422,42.7389276101244,8415279.0,14.8340311050415,91.0400009155273,95.0199966430664,20.4699993133545,18.5599994659424,98.7600021362305,99.1500015258789,15.6972007751465
Romania,2023,72.3,100.0,100.0,100.0,1059.374704584113,42.3608675530409,8280024.0,12.998526573181149,44.5427083969116,53.63329124450685,17.621643304824804,17.4349846839905,60.206071853637695,71.8872947692871,11.811809778213505
Russian Federation,2021,99.3,100.0,100.0,99.2,7186.67544355845,48.5747580073877,73846056.0,39.2299995422363,98.2799987792969,98.9400024414062,76.870002746582,75.5800018310547,99.8300018310547,99.8099975585938,42.8300018310547
Russian Federation,2022,99.4,100.0,100.0,99.1,7184.42203703818,48.7434189452399,73531906.0,22.7405090332031,99.2005081176758,98.8655395507812,74.7691802978516,73.145378112793,100.0,100.0,25.8198652267456
Russian Federation,2023,98.25,100.0,100.0,100.0,8785.31625456386,48.8625697448913,73184751.0,21.22231912612915,99.3309783935547,99.0782165527344,76.4508590698242,74.5323867797852,100.0,100.0,24.494854927063
Rwanda,2021,6.2,48.7,38.2,98.0,60.6502606463671,47.2300323394419,4769099.0,7.19986581802368,20.8754482269287,26.0230960845947,5.48545026779175,8.73312664031982,78.367919921875,87.407356262207,4.72861051559448
Rwanda,2022,8.3,50.6,38.2,98.0,68.1267274337541,47.4707674788239,5079189.0,5.44000005722046,15.7399997711182,20.4599990844727,39.4581880569458,34.70588493347165,40.5299987792969,47.6599998474121,3.59999990463257
Rwanda,2023,69.15,63.9,57.9,99.9,2205.8416101409775,47.5557355208761,5531930.0,6.24203491210938,20.5178680419922,24.4651737213135,23.0027942657471,21.72255325317385,80.0146560668945,87.3814315795898,4.21580123901367
Saudi Arabia,2021,100.0,100.0,100.0,100.0,12069.9836667183,19.3803231669986,14623461.0,30.2839450836182,69.5205459594727,78.1518478393555,37.3692817687988,39.7794151306152,81.5829696655273,89.7099685668945,32.4151191711426
Saudi Arabia,2022,100.0,100.0,100.0,100.0,11835.3177587823,19.2797441654337,15469059.0,29.6599979400635,71.8790893554688,80.1127090454102,38.8877029418945,39.2555923461914,84.4306640625,92.4248809814453,33.9029006958008
Saudi Arabia,2023,100.0,100.0,100.0,100.0,6534.94613833843,19.3860112616667,16120882.0,28.4633502960205,75.6534576416016,81.5068359375,41.0626411437988,37.1403732299805,88.1825332641602,94.5509948730469,35.9603233337402
Senegal,2021,31.3,68.0,43.4,93.9,329.600129888931,36.9457630100958,5262663.0,9.145220994949344,39.22926998138425,53.44519424438475,11.97796654701235,13.336121082305901,58.631863594055204,69.5794811248779,7.38307535648348
Senegal,2022,32.3,67.9,43.4,96.6,399.521774928173,36.7518079590849,5412180.0,7.42461538314819,15.3707942962646,24.8341293334961,3.7800087928772,8.4315767288208,30.4678592681885,42.8605690002441,3.10535168647766
Senegal,2023,100.0,74.2,56.5,96.1,3782.66750285223,36.7405628614132,5579313.0,33.15687561035155,91.1747970581055,93.2283248901367,51.70658683776855,45.03725433349605,97.911865234375,99.02478790283206,34.42997360229495
Serbia,2021,81.5,100.0,100.0,100.0,5034.14674687745,46.0268910759741,3322738.0,15.9443225860596,70.2372970581055,79.8359680175781,24.1038284301758,24.1420307159424,97.9545745849609,99.3538513183594,17.7910041809082
Serbia,2022,82.9,100.0,100.0,100.0,5113.70107266182,46.3955722549783,3289801.0,16.2567672729492,71.1810989379883,80.4408874511719,24.0078296661377,24.1400146484375,98.2387771606445,99.3438034057617,17.8429203033447
Serbia,2023,100.0,100.0,100.0,100.0,7916.00260756483,46.2566353226955,3246451.0,17.4752941131592,72.813346862793,81.1883010864258,26.0098705291748,25.3013172149658,98.2494125366211,99.2801666259766,19.7617740631104
Seychelles,2021,100.0,100.0,100.0,100.0,2955.5365363178053,37.818658605964,987059.5,3.5364396572113,37.588769912719755,41.39147758483885,23.3424520492554,20.53807067871095,60.852138519287095,52.683511734008746,3.109903872013094
Seychelles,2022,100.0,100.0,100.0,100.0,2955.5365363178053,37.818658605964,987059.5,3.5364396572113,37.588769912719755,41.39147758483885,12.257474184036274,9.950604438781749,60.852138519287095,52.683511734008746,3.109903872013094
Seychelles,2023,70.75,100.0,100.0,100.0,2955.5365363178053,37.818658605964,987059.5,6.702869415283205,37.588769912719755,41.39147758483885,12.257474184036274,9.950604438781749,60.852138519287095,52.683511734008746,5.072596371173859
Slovak Republic,2021,100.0,100.0,100.0,100.0,5404.56491141305,46.832407760377,2757031.0,21.4944400787354,99.1065292358398,99.1825790405273,29.5774478912354,23.3670082092285,99.8579864501953,99.7216186523438,27.2983646392822
Slovak Republic,2022,100.0,100.0,100.0,100.0,4957.70057248564,47.0144315936728,2791445.0,22.8654556274414,98.9654541015625,99.0303039550781,30.8172245025635,24.4294528961182,99.6445541381836,99.5340957641602,28.564733505249
Slovak Republic,2023,97.95,100.0,100.0,100.0,4577.14944884037,47.0160520414733,2792542.0,17.8078937530518,80.71964836120605,78.9211673736572,26.19876575469975,23.89823055267335,84.2985038757324,82.9579010009766,25.02170848846435
Slovenia,2021,100.0,100.0,100.0,100.0,7006.37879320462,45.7936298900004,1044095.0,23.1259365081787,98.3296966552734,99.1415405273438,39.1911125183105,30.8242111206055,99.6871490478516,99.7397918701172,30.0709190368652
Slovenia,2022,100.0,100.0,100.0,100.0,6730.81839858035,45.6051137061149,1058958.0,22.2955379486084,98.2980117797852,98.9072875976562,39.3728446960449,29.9545383453369,99.7306213378906,99.6892852783203,29.8897438049316
Slovenia,2023,98.2,100.0,100.0,100.0,6470.29113008916,45.5931855908048,1058463.0,17.52198505401615,72.187801361084,72.97467041015625,22.229397773742647,19.0896110534668,91.3160095214844,91.8085708618164,23.0988254547119
Solomon Islands,2021,8.8,76.3,75.4,79.2,2955.5365363178053,48.1374209976363,394292.0,3.5364396572113,37.588769912719755,41.39147758483885,23.3424520492554,20.53807067871095,60.852138519287095,52.683511734008746,3.109903872013094
Solomon Islands,2022,8.7,76.0,75.4,79.0,2955.5365363178053,47.9881178081791,410362.0,3.5364396572113,37.588769912719755,41.39147758483885,23.3424520492554,20.53807067871095,60.852138519287095,52.683511734008746,3.109903872013094
Solomon Islands,2023,8.75,81.3,81.3,81.2,2955.5365363178053,48.0267609165709,422706.0,3.5364396572113,37.588769912719755,41.39147758483885,23.3424520492554,20.53807067871095,60.852138519287095,52.683511734008746,3.109903872013094
South Africa,2021,88.7,89.3,93.4,87.4,3512.0627333448,46.3305259577606,25167040.0,12.9200000762939,83.0400009155273,84.879997253418,48.6100006103516,49.560001373291,87.0199966430664,89.0400009155273,13.0100002288818
South Africa,2022,89.4,86.5,93.4,87.1,3357.92464091342,46.4303621677625,26170358.0,10.5708084106445,76.0601959228516,78.2090301513672,15.1270332336426,13.623441696167,86.0569305419922,88.5138854980469,12.2236385345459
South Africa,2023,69.3,87.7,94.0,96.0,2733.033274795182,46.9377224270212,27346329.0,11.1641149520874,76.9785003662109,78.7042617797852,16.2778396606445,14.2619953155518,86.5508728027344,88.6752014160156,13.1484613418579
Spain,2021,100.0,100.0,100.0,100.0,5239.5199793554,46.7708715208445,23445165.0,22.1335792541504,81.084228515625,84.6579895019531,35.8322830200195,33.8744506835938,93.1941452026367,94.9775848388672,26.9198131561279
Spain,2022,100.0,100.0,100.0,100.0,5182.69523645187,46.6733503627834,23828133.0,22.1627388000488,81.5416717529297,85.0253372192383,36.4175987243652,33.9397201538086,93.590705871582,95.1544189453125,27.0949516296387
Spain,2023,98.25,100.0,100.0,100.0,5110.85174105768,46.9448728434836,24199271.0,36.31919860839845,75.73492050170901,79.35176849365234,49.3747138977051,50.487607955932646,93.2106246948242,95.2223739624023,34.176122665405245
Sri Lanka,2021,34.1,100.0,100.0,100.0,713.666726846001,32.8882949763279,8500316.0,0.870556175708771,80.6500015258789,83.2900009155273,25.696813583374052,20.39994049072265,86.2168960571289,88.8398971557617,0.661343932151794
Sri Lanka,2022,35.5,100.0,100.0,100.0,684.05392002164,33.2585609984405,8527218.0,1.0550582408905,81.120002746582,83.0899963378906,15.68737888336182,16.53923559188845,86.2683029174805,88.5122146606445,0.791702389717102
Sri Lanka,2023,72.5,100.0,100.0,100.0,8706.68710837352,33.2105214946521,8526051.0,32.4850654602051,92.32552719116211,93.7608871459961,38.1617431640625,36.09045124053955,98.2858428955078,98.67112731933595,35.311605453491204
St. Lucia,2021,93.1,100.0,100.0,100.0,2955.5365363178053,46.8187300089141,95355.0,3.5364396572113,37.6425361633301,40.5844841003418,12.257474184036274,16.8583450317383,58.5124740600586,51.356575012207,3.109903872013094
St. Lucia,2022,92.5,100.0,100.0,100.0,2955.5365363178053,46.0838877410809,101159.0,6.702869415283205,37.5350036621094,42.1984710693359,22.2962741851807,9.950604438781749,63.1918029785156,54.0104484558105,5.072596371173859
St. Lucia,2023,41.3,100.0,100.0,100.0,2955.5365363178053,46.2978397936871,101981.0,6.702869415283205,37.588769912719755,41.39147758483885,12.257474184036274,9.950604438781749,60.852138519287095,52.683511734008746,5.072596371173859
Suriname,2021,95.1,98.8,97.5,99.5,2955.18987013996,41.0602558929146,245337.0,6.702869415283205,41.09527015686035,46.490322113037095,6.318285703659075,8.5139398574829,49.44880294799805,55.01368713378905,5.072596371173859
Suriname,2022,95.5,99.0,97.0,100.0,2955.88320249565,41.290058014015,248733.0,11.30118799209595,56.5073585510254,56.6772575378418,6.318285703659075,8.5139398574829,73.2227020263672,75.991886138916,9.24321126937866
Suriname,2023,17.049999999999997,99.6,98.8,100.0,2955.5365363178053,41.4825617106603,252347.0,6.702869415283205,41.09527015686035,46.490322113037095,6.318285703659075,8.5139398574829,49.44880294799805,55.01368713378905,5.072596371173859
Sweden,2021,100.0,100.0,100.0,100.0,13017.9973503743,47.2323542656069,5522907.0,27.5063858032227,94.7414093017578,94.2133712768555,54.4576606750488,44.1910743713379,100.0,100.0,37.8494529724121
Sweden,2022,100.0,100.0,100.0,100.0,12418.3973191038,47.167795771586,5602668.0,28.4081382751465,94.9234924316406,94.123908996582,55.9418106079102,45.7203712463379,99.9862823486328,100.0,38.9912719726562
Sweden,2023,100.0,100.0,100.0,100.0,12121.7102390973,47.364341235668,5669759.0,32.9154815673828,91.61287307739255,92.5395584106445,49.53234481811525,42.74088287353515,98.11532592773435,98.53129959106445,40.123031616210895
Switzerland,2021,100.0,100.0,100.0,100.0,7315.37290974165,46.8119896362294,4987374.0,45.0184288024902,97.7458801269531,98.1810302734375,35.349308013916,45.0184288024902,99.6234664916992,99.7077026367188,35.349308013916
Switzerland,2022,100.0,100.0,100.0,100.0,7309.48578845284,46.7424530195269,4967649.0,44.9455337524414,97.873649597168,98.2827911376953,35.217960357666,44.9455337524414,99.6375427246094,99.6519546508789,35.217960357666
Switzerland,2023,97.55,100.0,100.0,100.0,7095.78533887978,46.8186826023507,5089291.0,45.9148368835449,98.0365600585938,98.3241653442383,28.238472938537598,31.310653686523402,99.6839752197266,99.6226043701172,36.7342910766602
Tajikistan,2021,85.2,99.6,99.8,98.9,1427.12263422116,39.8297432458001,2600308.0,8.476552724838255,23.56539916992185,39.2175359725952,4.4053850173950195,9.86609268188476,65.29464912414551,82.1287155151367,3.7350789308547947
Tajikistan,2022,86.1,100.0,100.0,99.0,1475.70932945677,39.7314291924562,2659187.0,3.59993290901184,39.8169984817505,46.21181201934815,2.742725133895875,4.36656332015991,85.90654373168945,92.43223571777341,2.36430525779724
Tajikistan,2023,39.25,100.0,100.0,100.0,2091.652099086135,39.7945975713003,2720221.0,3.59993290901184,59.566169738769545,68.86331939697271,2.742725133895875,4.36656332015991,94.51876831054685,98.09600830078125,2.36430525779724
Tanzania,2021,8.1,42.7,23.3,77.3,120.92869930568,49.1248914239078,29877664.0,21.183382511138923,57.440215110778794,66.0149154663086,36.47083377838133,33.292272567749,68.0556182861328,76.197868347168,24.609849452972398
Tanzania,2022,9.2,45.8,36.0,74.7,123.470486172843,48.9879875800505,30918000.0,3.309809923172,12.5732202529907,18.2996406555176,11.92487335205077,12.28929138183595,62.7696418762207,72.6069030761719,1.51076996326447
Tanzania,2023,54.6,48.3,27.9,82.4,7916.00260756483,48.9705856716908,31951809.0,30.45497608184815,68.02253150939944,70.24092292785645,21.54980850219725,18.74494981765745,95.70024871826169,95.79863739013675,30.487122535705602
Thailand,2021,85.3,100.0,100.0,99.8,2753.70621620221,45.6435884456132,40439671.0,20.480019569397,50.0710372924805,47.9351463317871,22.3233699798584,19.329984664917,66.8533401489258,74.1960830688477,27.039786338806152
Thailand,2022,86.1,99.9,100.0,100.0,2867.4155798463,45.8392322037323,40754978.0,14.8299999237061,51.1599998474121,56.4000015258789,23.8178405761719,20.9338073730469,69.4100036621094,77.4700012207031,19.6000003814697
Thailand,2023,92.65,100.0,100.0,100.0,7197.61242652256,45.8541326238565,40729354.0,30.1311836242676,51.9336051940918,56.7260437011719,23.8868293762207,20.694507598877,71.2167053222656,78.8803329467773,38.1059112548828
Timor-Leste,2021,16.4,100.0,100.0,100.0,2955.5365363178053,45.6962565796842,571456.0,11.815336227417,46.9296875,52.0851135253906,10.4178972244263,13.9850158691406,55.0048217773438,61.0632934570312,9.2096529006958
Timor-Leste,2022,17.7,99.7,100.0,100.0,2955.5365363178053,45.7003089598352,594252.0,1.59040260314941,35.2608528137207,40.8955307006836,2.21867418289185,3.0428638458252,43.8927841186523,48.9640808105469,0.935539841651917
Timor-Leste,2023,96.55,100.0,100.0,100.0,2955.5365363178053,45.8337758014203,602680.0,6.702869415283205,37.588769912719755,41.39147758483885,12.257474184036274,9.950604438781749,60.852138519287095,52.683511734008746,5.072596371173859
Togo,2021,11.0,55.7,24.7,96.3,161.515970426583,48.0790507038483,3047816.0,8.476552724838255,23.56539916992185,39.2175359725952,4.4053850173950195,9.86609268188476,65.29464912414551,82.1287155151367,3.7350789308547947
Togo,2022,11.9,57.2,25.0,96.5,191.864716012717,48.0377027641683,3157116.0,9.75323963165283,26.255350112915,52.4119758605957,3.32531976699829,10.9990587234497,52.221378326416,76.8500747680664,2.74154734611511
Togo,2023,81.25,59.2,30.5,95.0,1701.26803929628,48.0398789969448,3253141.0,8.476552724838255,23.56539916992185,39.2175359725952,4.4053850173950195,9.86609268188476,65.29464912414551,82.1287155151367,3.7350789308547947
Tonga,2021,87.6,100.0,100.0,100.0,2955.5365363178053,42.960760337928,35984.0,5.48247671127319,94.1549835205078,94.0618209838867,24.3886299133301,24.2177963256836,99.84423828125,100.0,5.28426790237427
Tonga,2022,89.5,100.0,100.0,100.0,2955.5365363178053,43.4121574237707,35649.0,3.5364396572113,65.89875984191895,67.32315254211426,23.3424520492554,20.53807067871095,79.1783561706543,75.6782875061035,3.109903872013094
Tonga,2023,100.0,100.0,100.0,100.0,51197.1346254028,44.1697721389355,35153.0,16.984816312789896,65.89875984191895,67.32315254211426,23.3424520492554,20.53807067871095,79.1783561706543,75.6782875061035,22.694299936294534
Turkiye,2021,95.2,100.0,100.0,100.0,3587.45836676577,32.0955466642628,33490693.0,22.6306686401367,43.0357894897461,59.7846412658691,18.4376373291016,22.6306686401367,76.8506622314453,93.5403671264648,18.4376373291016
Turkiye,2022,95.1,100.0,100.0,100.0,3554.2281621305,33.2107714375806,35081594.0,22.8418922424316,44.3571510314941,61.016773223877,19.1076641082764,22.8418922424316,77.2250366210938,93.8049392700195,19.1076641082764
Turkiye,2023,100.0,100.0,100.0,100.0,3522.5385379468,33.7733158299225,35554975.0,29.061674118042,73.76627349853521,80.8097724914551,39.97517204284665,38.19798278808595,78.4662857055664,94.2785263061523,34.9316120147705
Uganda,2021,0.7,45.2,35.9,72.3,84.2500903379653,48.09564486883,20084883.0,5.99678754806519,32.6903381347656,46.6981315612793,9.87834644317627,15.4138269424438,80.9695739746094,92.2135925292969,2.97589683532715
Uganda,2022,0.6,47.1,35.9,72.0,89.8701256209773,48.2247194587173,21366285.0,16.8373155593872,56.82879066467285,67.1177520751953,19.979273319244385,29.549204826354952,69.79407119750975,82.09970092773435,17.90681743621825
Uganda,2023,44.849999999999994,51.5,42.4,76.4,474.5892677663912,48.2857414368039,22045945.0,16.8373155593872,56.82879066467285,67.1177520751953,19.979273319244385,29.549204826354952,69.79407119750975,82.09970092773435,17.90681743621825
United Kingdom,2021,100.0,100.0,100.0,100.0,4568.580341577,47.9770696325641,34115633.0,38.2099990844727,99.7900009155273,99.8399963378906,38.2025680541992,35.03923416137695,100.0,100.0,40.939998626709
United Kingdom,2022,100.0,100.0,100.0,99.9,4323.34675694414,47.7428002846933,34567721.0,35.0792808532715,99.0031661987305,98.9367523193359,38.2025680541992,35.03923416137695,99.467155456543,99.4016189575195,36.627269744873
United Kingdom,2023,100.0,100.0,100.0,100.0,4144.03803950256,47.5395837224322,34877594.0,36.4908866882324,99.1117401123047,98.9811477661133,38.2025680541992,35.03923416137695,99.486213684082,99.5049133300781,37.7587814331055
United States,2021,100.0,100.0,100.0,100.0,12558.0118863007,45.1871646061113,167156631.0,33.926570892334,95.4242782592773,95.0670928955078,49.8460350036621,45.8285980224609,97.3503875732422,97.2186889648438,36.1168403625488
United States,2022,100.0,100.0,100.0,100.0,12997.1874485207,45.3048330640353,169115595.0,36.2400016784668,96.6500015258789,96.3300018310547,50.4369297027588,46.48879241943355,99.0999984741211,98.9499969482422,39.0099983215332
United States,2023,100.0,100.0,100.0,100.0,12715.9199652795,45.5675715992238,171333247.0,37.4134254455566,97.8671188354492,97.8290481567383,51.0278244018555,47.1489868164062,99.6151351928711,99.6895904541016,39.6601219177246
Uruguay,2021,100.0,100.0,100.0,100.0,3524.60259163687,46.4839120459757,1722127.0,22.710737228393548,62.5299987792969,59.2999992370605,39.2819786071777,30.3893747329712,92.5500030517578,91.5699996948242,29.980331420898402
Uruguay,2022,100.0,100.0,100.0,100.0,3589.8886229166,45.942897085336,1733922.0,18.1100006103516,64.620002746582,60.7099990844727,36.47083377838133,33.292272567749,93.25,92.4000015258789,25.4200000762939
Uruguay,2023,22.35,100.0,100.0,100.0,2163.1879251418018,46.7190843951169,1761109.0,2.18243408203125,63.2317161560059,59.2935447692871,17.0897464752197,12.1885824203491,93.1510848999023,92.3171081542969,1.151236176490786
