Time,Country,Access to clean fuels and technologies for cooking (% of population) ,Renewable energy consumption (% of total final energy consumption) ,Access to electricity (% of population) ,"Access to electricity, rural (% of rural population) ","Access to electricity, urban (% of urban population) ",Renewable electricity output (% of total electricity output) ,Electric power consumption (kWh per capita) ,"Labor force, female (% of total labor force) ","Labor force, total ","Educational attainment, at least Bachelor's or equivalent, population 25+, male (%) (cumulative) ","Educational attainment, at least completed lower secondary, population 25+, female (%) (cumulative) ","Educational attainment, at least completed lower secondary, population 25+, male (%) (cumulative) ","Educational attainment, at least completed post-secondary, population 25+, female (%) (cumulative) ","Educational attainment, at least completed post-secondary, population 25+, male (%) (cumulative) ","Educational attainment, at least completed primary, population 25+ years, female (%) (cumulative) ","Educational attainment, at least completed primary, population 25+ years, male (%) (cumulative) ","Educational attainment, at least Bachelor's or equivalent, population 25+, female (%) (cumulative) ","Account ownership at a financial institution or with a mobile-money-service provider, female (% of population ages 15+) ","Account ownership at a financial institution or with a mobile-money-service provider, male (% of population ages 15+) ",Fossil fuel energy consumption (% of total) ,"Electricity production from renewable sources, excluding hydroelectric (kWh) ","Central government debt, total (% of GDP) ",Gross national expenditure (% of GDP) ,Interest payments (% of revenue) ,"Inflation, consumer prices (annual %) "
2021,Albania,83.6,41.9,100.0,100.0,100.0,,2509.89982451685,45.0351457227794,1367734.0,16.8917694091797,90.1680679321289,93.6057586669922,,,97.5423355102539,98.1187286376953,19.4729270935059,45.69,42.59,56.22,41710000.0,81.9201331889469,113.324263171913,6.50561490957785,2.04147163139545
2021,Argentina,99.9,9.2,100.0,100.0,100.0,25.5361113468556,2942.91077511635,42.4041313742487,20993886.0,,,,,,,,,73.75,69.56,87.4,13880960000.0,,96.945271229393,7.83661395979877,
2021,Armenia,98.0,9.1,100.0,100.0,99.9,30.0380758979566,2262.09364345272,50.9312878898809,1495617.0,27.7017383575439,98.9809951782227,99.3359527587891,56.8300971984863,50.9187088012695,99.7414169311523,99.8019409179688,29.2583923339844,52.18,59.38,78.22,165700000.0,60.080359768226,107.857008842587,10.9441131132779,7.18483629443371
2021,Australia,100.0,12.3,100.0,100.0,100.0,26.6608674695166,9848.54749458564,47.1749288751872,13821829.0,32.9900016784668,94.5199966430664,94.5800018310547,56.4599990844727,48.1100006103516,99.6800384521484,100.0,38.7999992370605,100.0,98.59,91.53,55600000000.0,70.0109117652417,96.1890803721506,3.20656117385791,2.86391042204994
2021,Austria,100.0,36.0,100.0,100.0,100.0,79.9114280061055,8381.61025757953,46.7129957870693,4650207.0,16.5626392364502,98.5450592041016,99.0268936157227,32.3056716918945,34.1247978210449,99.9999694824219,99.9999694824219,16.6453037261963,100.0,99.9,64.9,14003130000.0,96.0278211815402,99.1366789303958,2.492931518597,2.7666666666667
2021,Bangladesh,26.4,25.0,99.0,98.5,99.7,1.50205511687497,574.118203146015,35.7881798220608,72755656.0,12.789999961853,45.3600006103516,52.0999984741211,13.5799999237061,22.2700004577637,57.0699996948242,64.25,6.92000007629395,43.46,62.86,82.5,742190000.0,,105.676920936264,20.8277384040526,5.54565430773473
2021,Barbados,100.0,5.5,100.0,100.0,100.0,7.32507956609401,,50.0043904383008,148049.0,,,,,,,,,,,,87920000.0,,,,
2021,Belgium,100.0,11.7,100.0,100.0,100.0,23.5469068829941,7680.00193333532,46.6328440425,5217415.0,36.651912689209,87.8339614868164,90.726936340332,42.4268569946289,39.0090293884277,96.453498840332,97.2008895874023,40.3261184692383,98.65,99.37,67.18,22307400000.0,108.445297214838,98.1310935941277,3.8028487616935,2.44024851144084
2021,Bolivia,88.3,12.8,98.6,95.1,100.0,38.2551705119956,833.601399304369,45.7917932047678,6426918.0,16.2212467193604,58.4099998474121,69.5199966430664,27.6095085144043,27.1238498687744,64.0800018310547,75.1699981689453,16.356761932373,63.29,74.04,84.13,925780000.0,,103.37070474402,,0.737383721452275
2021,Bosnia and Herzegovina,40.9,36.6,100.0,100.0,100.0,39.3396633577902,3835.85723720279,41.781557149456,1370363.0,11.3161611557007,61.6673622131348,82.3170852661133,19.2820777893066,17.8988666534424,85.3159103393555,95.8196868896484,12.0636463165283,70.37,88.71,79.95,496000000.0,46.9748191378299,113.600640934544,1.51220444054424,1.98163900587622
2021,Botswana,65.4,27.4,73.7,25.0,93.1,0.254047322540473,1455.7925845357,46.2925139863245,1036012.0,9.36865234375,69.9438781738281,72.5497207641602,29.1568965911865,30.3034534454346,90.0067291259766,88.1280517578125,8.30223751068115,,,66.27,6120000.0,,102.195108664477,1.70232678290708,7.24097765588442
2021,Brazil,96.5,46.5,99.5,97.3,99.8,77.3753492178891,2723.96659104663,43.0075756040014,104085430.0,,67.4000015258789,64.9700012207031,,,86.5699996948242,85.4499969482422,,80.87,87.05,53.72,144848630000.0,85.0115036701985,99.4374700132333,23.935768122229,8.30165975585673
2021,Bulgaria,,20.4,99.8,99.5,99.9,22.1918096199125,5261.46440772794,46.1755006342007,3252125.0,22.2995719909668,95.1631698608398,96.7388916015625,30.1665000915527,22.6712970733643,98.9873733520508,99.3213653564453,29.8617286682129,84.32,83.59,65.86,5489200000.0,32.7213944823671,97.5160399961702,1.32799708932145,3.29774435299515
2021,Burkina Faso,15.8,71.2,19.0,,67.6,13.982068141064,129.709864992171,44.462168837473,6176046.0,3.9516499042511,7.78822994232178,16.0786800384521,,,16.136360168457,27.6204204559326,1.17656004428864,30.68,42.35,24.89,106920000.0,55.5822235545459,96.8262116284175,8.62379397927597,3.65353287214209
2021,Cambodia,47.2,52.4,82.5,77.1,98.9,56.4018810620163,725.390524089204,48.2283721430601,9341945.0,6.1717700958252,16.44873046875,29.0128993988037,4.16995286941528,7.72569990158081,35.2416610717773,52.8918418884277,3.23664999008179,32.52,34.41,55.82,507940000.0,,99.7543374472379,1.85235096785957,2.92073477592949
2021,Canada,100.0,23.8,100.0,100.0,100.0,67.2868623475815,14782.8716127233,47.0485134191502,21005652.0,27.6700000762939,95.6152420043945,96.2860412597656,62.9199981689453,61.4599990844727,95.6152420043945,96.2860412597656,30.8999996185303,99.51,99.77,76.34,49828000000.0,71.0739602315819,99.9745741467541,5.21937669967861,3.39519318527528
2021,Chile,100.0,24.2,100.0,100.0,100.0,48.0821990956395,4306.7208858565,40.920646423243,9171143.0,20.3219699859619,85.0017929077148,88.0690612792969,27.8540439605713,28.0212020874023,90.967399597168,92.8306655883789,18.9309692382812,86.62,87.56,70.71,22973990000.0,,100.891280249983,3.54372318434982,4.52456838259144
2021,China,85.9,15.2,100.0,100.0,100.0,28.427997926748,5847.80226004701,45.114320356218,781187865.0,,,,,,,,,87.34,89.92,87.16,1105539040000.0,,97.0620027287315,3.4419404251668,0.981015135544882
2021,Colombia,93.1,29.7,100.0,100.0,100.0,72.688526665976,1569.1710661367,41.0345266672094,25915910.0,,59.2900009155273,56.6599998474121,,,81.7099990844727,80.3499984741211,,56.2,63.51,76.07,827250000.0,80.3666516174088,107.66513448384,12.7782491036127,3.49505757399448
2021,"Congo, Dem. Rep.",4.3,96.3,20.8,1.0,43.8,90.3982710244938,133.667602188594,48.1367974074203,35154175.0,,,,,,,,,,,2.86,-1210180000.0,,99.7096522903166,0.557011168639761,
2021,Costa Rica,96.2,34.2,100.0,100.0,99.8,99.3668053701814,2111.26982909841,41.4550240016251,2490873.0,,50.189998626709,48.0800018310547,,,83.75,83.7600021362305,,61.08,76.34,50.17,3371350000.0,,98.4289282487777,16.0641742418659,1.72647755109241
2021,Cote d'Ivoire,40.3,58.2,71.1,45.2,94.9,22.7930735930736,308.099910201629,42.7302232194757,11440310.0,6.69000005722046,20.0100002288818,32.6800003051758,6.76000022888184,12.3900003433228,25.7800006866455,38.9900016784668,3.07999992370605,37.44,64.01,35.9,23600000.0,,100.521497102363,14.8113398704174,4.09195189692863
2021,Croatia,100.0,34.1,100.0,100.0,100.0,69.8809993425378,4506.59593331341,46.0777956544586,1724158.0,16.9339694976807,93.0956039428711,97.1693420410156,24.4859180450439,21.0686283111572,98.8520202636719,99.5971450805664,20.7776508331299,89.96,93.93,66.42,3400900000.0,91.1707084180748,102.749020069014,4.45653656154736,2.55450699642041
2021,Cyprus,100.0,15.6,100.0,100.0,100.0,15.1349873022075,3716.66784330783,44.6115472185408,735675.0,32.0868949890137,82.9875640869141,86.3962631225586,45.0436592102051,40.224536895752,96.096794128418,97.9654235839844,31.5051383972168,92.7,93.62,86.87,774760000.0,,95.3121101672452,4.2117025800263,2.44608867175474
2021,Czechia,100.0,17.2,100.0,100.0,100.0,14.0234899723578,6690.60779160256,44.2875704230524,5242069.0,22.1672801971436,99.86962890625,99.8209838867188,60.0756683349609,53.9228401184082,99.8981781005859,99.8424377441406,23.4922466278076,93.44,96.48,70.25,8303070000.0,,96.2780260171804,2.31247683033459,3.83984491500146
2021,Denmark,100.0,39.5,100.0,100.0,100.0,78.958880484115,6160.08959261076,46.926476353051,3079023.0,28.028263092041,90.3643493652344,92.3938293457031,40.9418563842773,33.0449676513672,98.4768218994141,99.3467864990234,36.720703125,100.0,100.0,53.53,26079910000.0,,93.7631958881996,1.00067624992885,1.8530454398968
2021,Dominican Republic,92.4,14.8,98.1,94.8,98.8,18.5170592634137,1714.48205578904,40.977308174364,5099149.0,9.1821174621582,67.5100021362305,64.2300033569336,16.3688220977783,9.32167625427246,74.7699966430664,73.6900024414062,16.2368927001953,48.96,53.7,88.12,2103910000.0,,109.229462908226,18.9576345146679,8.24300347981809
2021,El Salvador,92.9,21.9,97.9,94.1,99.2,95.5593380614657,1070.6894837448,41.1724379863454,2739437.0,,44.5499992370605,50.5800018310547,22.445556640625,24.9879684448242,59.3699989318848,66.1100006103516,,29.23,44.8,51.37,4242240000.0,66.4690525886664,124.28211963307,11.074827718446,3.46692585313082
2021,Estonia,100.0,38.0,100.0,100.0,100.0,39.9573847862299,6644.21623343642,48.7800056882821,703200.0,26.1854763031006,98.7935333251953,99.1004333496094,55.4591331481934,38.1158103942871,99.8661193847656,99.7669143676758,36.5166091918945,99.6,99.12,65.31,2855530000.0,24.5944842740264,100.61480647401,0.193777037421066,4.65316673847473
2021,Fiji,54.0,29.7,92.1,86.8,96.0,60.0656085236255,,34.1278206295214,375714.0,10.7870397567749,66.0850296020508,61.269401550293,,,91.4405822753906,90.9204788208008,9.27676963806152,,,,108960000.0,,127.218552180626,17.1738754944798,0.155855722131516
2021,Finland,100.0,50.2,100.0,100.0,100.0,52.9302986606029,15646.5861772306,47.6190425169066,2799945.0,25.5287227630615,89.533576965332,89.6693954467773,43.3006172180176,34.1927490234375,99.9518203735352,99.9171981811523,30.7561550140381,99.08,100.0,36.31,22382390000.0,,99.9344760495892,1.22108861706105,2.19457432340007
2021,France,100.0,16.2,100.0,100.0,100.0,22.826838196879,6942.44523564921,48.4182420961172,31181921.0,22.7441635131836,89.2709808349609,92.3115081787109,37.3554992675781,34.4482879638672,100.0,100.0,23.1135864257812,100.0,98.42,47.34,62761670000.0,115.58850689623,101.212382764451,3.07667323376769,1.64233141038385
2021,Georgia,90.9,25.2,100.0,100.0,99.9,81.3667062079873,3604.85464904641,47.7425465749264,1774721.0,33.4094123840332,98.0827102661133,98.7290191650391,55.4708709716797,48.9546508789062,99.4456024169922,99.5731201171875,34.8414726257324,70.71,70.25,75.86,106820000.0,54.7271260127791,116.252415848758,5.18531948509415,9.56691433824769
2021,Germany,100.0,17.6,100.0,100.0,100.0,39.8305665158005,6582.54587433797,46.4180323865489,43283278.0,33.4534606933594,93.1566390991211,93.9384689331055,37.3850593566895,41.559196472168,98.6864624023438,99.3337097167969,24.8310642242432,100.0,99.95,77.03,211143200000.0,,94.8414507433781,0.976158361457174,3.06666666666673
2021,Greece,100.0,21.5,100.0,100.0,100.0,40.542525208242,4997.1582541623,44.7207604950818,4573547.0,29.085132598877,72.2298202514648,79.2744293212891,36.1804122924805,36.448543548584,95.9393463134766,97.9271926879883,27.3331069946289,93.43,96.33,81.81,16233600000.0,233.448695008579,107.491838597389,5.64754145062959,1.22382501019854
2021,Guatemala,45.0,62.1,97.9,98.1,97.6,60.6611986566779,784.094234500942,33.1894370163203,6800730.0,,32.9715232849121,29.3028564453125,,,48.5837097167969,58.5747566223145,,,,35.64,2731780000.0,,113.998060791921,13.4309783450153,4.26105127422813
2021,Honduras,49.4,45.9,94.1,85.7,100.0,64.6209532374101,780.475801605792,39.6571539326702,4395792.0,,,34.892276763916,4.17710208892822,4.37380313873291,61.932975769043,61.4457244873047,,28.85,48.56,53.21,3420850000.0,,124.641846740067,,4.48087963413445
2021,Hungary,100.0,15.3,100.0,100.0,100.0,19.1445182724252,4719.10549768272,46.4925550424846,4912251.0,23.6860294342041,98.0978240966797,98.9972076416016,33.3396110534668,30.0965156555176,99.5860061645508,99.6969757080078,27.7006206512451,86.88,89.73,67.9,6703000000.0,86.9236862466223,99.8059975643138,6.06394341980823,5.11096534382855
2021,Iceland,100.0,82.4,100.0,100.0,100.0,,51135.5095028455,45.9563416102738,222546.0,28.4871559143066,99.8702087402344,99.8419494628906,47.5507850646973,43.5365676879883,99.8702087402344,99.8419494628906,40.1043319702148,100.0,100.0,11.11,5814160000.0,95.8217048268859,101.728096355834,12.3594773915544,4.44423970189739
2021,Indonesia,87.2,20.2,99.2,98.2,99.9,18.0673360094084,1028.37477325366,39.6300377739763,135672770.0,9.42133045196533,53.6630058288574,60.4325675964355,12.7075433731079,11.6570901870728,82.3444213867188,87.5258026123047,9.54952239990234,52.3,51.18,75.94,31069820000.0,,96.324627286146,,1.56012990525673
2021,Ireland,100.0,12.7,100.0,100.0,100.0,37.3489218794137,6167.09489299375,46.3698521586657,2568091.0,36.2288970947266,90.1366958618164,89.5482711791992,62.0939750671387,56.9747886657715,98.5882720947266,99.2185897827148,39.1772079467773,99.53,99.8,86.58,10864740000.0,62.1665685484345,58.3804319620943,3.41260597010586,2.34034113447044
2021,Israel,100.0,6.2,100.0,100.0,100.0,7.63056263212098,6809.86832276928,47.9767338247108,4275735.0,33.7175941467285,90.4493942260742,92.6890487670898,52.1569938659668,44.957332611084,95.2164077758789,97.4428939819336,40.4751586914062,91.93,93.97,97.42,5631050000.0,,96.9987396334208,8.17542767848765,1.51020047690539
2021,Italy,100.0,17.5,100.0,100.0,100.0,40.9735703240403,5290.22854904133,42.4567789364276,25032297.0,14.694278717041,79.2322387695312,85.9351348876953,19.3520317077637,15.7796039581299,96.7913513183594,98.3558959960938,17.7843914031982,97.09,97.48,78.28,70963890000.0,,97.9587653216481,8.44362371964955,1.87378325762481
2021,Japan,100.0,8.8,100.0,100.0,100.0,21.1048138398969,7959.55856479318,44.3721839870396,68671337.0,,,,,,,,,98.84,98.12,86.74,132704000000.0,216.329364856741,100.520530016573,,-0.233352779398264
2021,Kazakhstan,93.3,2.0,100.0,100.0,100.0,10.9976885243053,5321.52110230336,48.9693422783938,10012975.0,,,,,,,,,83.63,78.29,98.46,3447920000.0,22.4120405815457,89.444065655368,8.89201718246527,8.04147134028396
2021,Kenya,26.4,67.7,76.5,68.2,97.5,78.0821751777634,184.426039295693,47.019158752771,22012863.0,7.08959150314331,67.5824508666992,78.748291015625,5.19816112518311,8.42582702636719,81.7079086303711,90.9925689697266,4.4461841583252,75.36,83.24,20.8,5988450000.0,,108.034254703865,23.4089223789498,6.10793603659176
2021,"Korea, Rep.",100.0,3.6,100.0,100.0,100.0,6.77240142487025,11397.3392731969,43.1330825839844,28560792.0,39.6169204711914,83.6950988769531,93.483642578125,41.4524078369141,52.5475425720215,95.5400314331055,99.0732421875,28.9895114898682,98.68,98.66,82.19,34538010000.0,48.955278643504,96.4449931100325,3.32515319325515,2.49833333333339
2021,Kosovo,,,,,,6.37447655640132,,,,,,,,,,,,47.39,68.9,,142360000.0,,131.820065029923,,3.35369139207997
2021,Kyrgyz Republic,77.3,27.6,99.7,99.6,99.8,85.5934733782534,1975.4134443714,41.6410966807095,2981360.0,,,,,,,,,43.76,46.54,70.29,140000.0,56.3623694600643,128.650197105643,2.39965159752016,11.9050398185147
2021,Latvia,100.0,44.0,100.0,100.0,100.0,63.5961341087923,3838.17372339466,49.3888152775149,950940.0,25.5066566467285,96.9889755249023,98.8349456787109,53.2173919677734,41.2630653381348,97.8791427612305,99.3867034912109,35.9120864868164,97.55,95.51,53.05,1010830000.0,,103.173911966127,1.5796707838096,3.27582937431156
2021,Lebanon,,6.8,100.0,100.0,100.0,5.07230201863354,1750.05010386277,31.6648669852665,1896632.0,,,,,,,,,16.59,24.65,93.89,-88350000.0,,126.777364785407,13.5908223351618,154.756096023393
2021,Lesotho,41.1,33.6,50.4,37.7,80.6,99.7862526718416,,44.393847265284,830525.0,,,,,,,,,,,,780000.0,,146.894300664057,2.40864972193986,6.04774591950676
2021,Lithuania,100.0,33.2,100.0,100.0,100.0,65.6144151240646,4711.44539189864,49.5036417606558,1481289.0,35.8072776794434,96.6284790039062,98.1472320556641,65.7919921875,55.3560829162598,99.292106628418,99.4771270751953,43.7648849487305,90.38,96.99,62.69,2238900000.0,47.9378829041006,95.5468488855844,1.39381523157208,4.68354420903453
2021,Luxembourg,100.0,20.5,100.0,100.0,100.0,89.0447963800905,12151.9098090191,46.1085500959751,330815.0,42.6705589294434,89.4878845214844,90.7828826904297,46.1569862365723,49.5096054077148,97.5843124389648,98.0208892822266,40.7614822387695,,,74.02,883890000.0,,66.6958408178123,0.347271725687034,2.52692009066166
2021,Madagascar,1.45,83.6,35.1,10.9,72.6,34.0290027810886,80.2934672339167,48.7553079858448,15102009.0,3.41530990600586,15.9009799957275,21.2205009460449,,,38.9394683837891,43.7580108642578,2.49875998497009,,,13.7,89510000.0,,108.908471010005,5.41362524812497,5.81225118787715
2021,Malawi,1.5,71.1,14.2,5.6,54.2,80.0551584735492,,49.2614272440293,7724019.0,,,,,,,,,38.14,47.75,,177480000.0,,,24.7721619492629,9.33014410835212
2021,Malaysia,86.0,7.5,100.0,100.0,100.0,17.0004556137729,4860.27830199398,36.9557837173773,17243512.0,16.0446376800537,86.7094039916992,86.8067855834961,28.5272617340088,28.8884868621826,96.4194107055664,96.9665451049805,16.9167175292969,87.51,89.23,95.82,-504090000.0,63.2668366732951,92.7698835274889,16.2860332189783,2.47710241465447
2021,Maldives,99.7,1.4,100.0,100.0,100.0,5.82133253659994,,22.8934938290416,262520.0,,,,,,,,,,,,48710000.0,,90.4093263688864,9.73153770268114,0.543149688737013
2021,Malta,100.0,8.6,100.0,100.0,100.0,11.8897922312556,4936.97641050959,40.8432651384787,282426.0,21.6781253814697,84.4356307983398,89.7946090698242,33.2437400817871,35.7639579772949,99.0891571044922,99.4957122802734,23.434549331665,95.33,97.57,88.08,263240000.0,,83.4546504893242,3.18007304054687,1.49789217934724
2021,Mauritius,99.0,8.6,99.6,99.8,99.3,21.682820855615,2211.89670339737,38.4005052488563,565266.0,0.0,58.7585487365723,66.4005279541016,0.0,0.0,93.4451675415039,97.4571151733398,0.0,89.4,91.74,87.3,542750000.0,,110.1276714835,9.46200697224062,4.02852888157383
2021,Mexico,85.7,13.0,100.0,100.0,99.9,21.4759809525807,2650.73959396575,38.8956181944697,56864048.0,,66.4350738525391,65.3687438964844,,,83.7100982666016,85.5228271484375,,,,88.64,47364660000.0,44.8609557980964,101.437966653449,15.8259382639258,5.68920847683753
2021,Moldova,97.4,21.4,100.0,100.0,100.0,6.50292924740874,2401.17820687115,53.7330026227091,1503026.0,18.4899997711182,97.3899993896484,98.5199966430664,22.0862789154053,18.4930610656738,99.5999984741211,99.5299987792969,22.0900001525879,62.92,65.7,83.5,116900000.0,32.1187790600053,127.173311114547,2.64945699607183,5.10641129002836
2021,Mongolia,52.9,3.0,100.0,100.0,100.0,10.9483384905153,2427.49075653249,44.0636570761922,1366321.0,27.7742557525635,92.6094818115234,89.8047561645508,68.0478439331055,63.7420196533203,97.0610427856445,95.3407516479492,37.1015510559082,98.97,97.89,95.03,735790000.0,67.5710143237735,104.63434450674,6.16819515777145,7.35281243380219
2021,Morocco,98.0,10.9,100.0,100.0,100.0,19.319165433143,950.467605491107,22.7575490518184,12266110.0,,,,,,,,,32.7,55.97,90.26,7010430000.0,,109.251247294493,8.7322327235262,1.40195883962006
2021,Nepal,38.4,73.7,89.9,,94.2,83.8289732189019,306.293365125237,36.5387806753205,8237363.0,,26.5851192474365,43.1910285949707,,,36.4118003845215,58.9935607910156,,49.9,58.61,28.01,-1476900000.0,39.9222686422289,128.790750321404,3.85657960803328,4.14968003360264
2021,Netherlands,100.0,12.2,100.0,100.0,100.0,33.148092028208,6704.42622513238,47.1300090887312,9842958.0,36.8335609436035,90.0527572631836,92.4684295654297,37.153507232666,38.8782501220703,98.184211730957,98.2888870239258,34.2246856689453,99.47,100.0,86.2,40383500000.0,,90.2548370814873,1.37852571431798,2.67572008805385
2021,New Zealand,100.0,28.9,100.0,100.0,100.0,81.43872312762,8160.1549507953,47.293248122804,2919514.0,,,,,,,,,99.24,98.23,58.39,12097000000.0,51.369754769912,103.875048103468,2.7790937589294,3.94112060778728
2021,Nicaragua,58.1,50.4,86.3,66.3,100.0,69.5093757417517,618.233276511455,38.6879652493112,3036947.0,18.8273391723633,60.5289916992188,63.1129302978516,,,82.805778503418,87.2585601806641,21.7039909362793,21.57,30.94,41.18,2329430000.0,,113.460552686542,5.89676136916424,4.92841396948968
2021,Nigeria,23.0,80.3,59.5,26.3,89.2,23.8040262626779,142.790930090716,46.9536655563638,102508968.0,14.1861295700073,42.3900718688965,57.8144989013672,,,57.8193588256836,73.5159912109375,8.01961994171143,34.96,55.45,55.75,1375610000.0,,,,16.9528457221608
2021,North Macedonia,80.2,19.5,100.0,100.0,100.0,30.9676369553426,3793.4499437705,41.112143020028,784953.0,18.6117744445801,62.6685829162598,76.7970962524414,22.7017803192139,21.6956367492676,92.3918533325195,97.1842880249023,20.1716632843018,79.91,90.62,78.0,261820000.0,,115.83354468123,4.21080976112559,3.23074912132919
2021,Norway,100.0,61.4,100.0,100.0,100.0,99.1038297387318,24650.1686290752,46.8232898554815,2940731.0,26.1300392150879,86.59814453125,95.6240463256836,43.8932762145996,39.8116416931152,87.2023010253906,96.0919799804688,34.4795722961426,100.0,98.98,50.61,12138750000.0,,85.1501099346868,0.391633770502513,3.48388055266678
2021,Pakistan,51.0,41.6,94.9,91.9,99.9,28.2808124432761,570.098770866866,22.7006727069609,78814704.0,10.1768083572388,27.7954158782959,48.4065818786621,7.08136034011841,10.1768083572388,38.0621452331543,62.9245910644531,7.08136034011841,13.48,28.18,65.49,12476840000.0,,108.927222425943,,9.49621056124947
2021,Papua New Guinea,9.8,54.5,20.9,14.0,65.2,39.9588024788339,,47.6319512096089,3374107.0,,,,,,,,,,,,133790000.0,52.5838575030141,,16.2269053209577,4.48359014042398
2021,Paraguay,68.6,58.8,100.0,100.0,100.0,,2126.51301236262,41.7608034569186,3412056.0,,54.310001373291,53.3499984741211,,,77.3300018310547,79.5500030517578,,55.35,53.49,37.29,271820000.0,,98.7680880008174,6.64579341677256,4.787983101236
2021,Peru,86.4,30.6,95.6,83.6,98.9,61.2697763467061,1531.64376685862,45.6298825718232,17853296.0,,55.560001373291,66.7200012207031,,,68.7799987792969,78.6800003051758,,53.03,62.32,73.64,3292550000.0,35.2452537131848,96.9835378765455,6.55420064925363,4.27166381536798
2021,Philippines,56.9,28.0,97.5,96.5,98.6,22.7211103754847,846.694921660693,39.5506381926216,44699749.0,18.8504791259766,64.7939682006836,59.1400299072266,29.3138484954834,23.7215309143066,87.9263000488281,83.6290893554688,24.5563278198242,47.42,55.59,65.61,14838030000.0,,111.980539981119,14.289552421245,3.92718022100332
2021,Poland,100.0,15.2,100.0,100.0,100.0,17.4599985525884,4631.20010705876,45.1234778257029,18231897.0,24.4346084594727,97.5792846679688,98.3862915039062,36.8755683898926,26.2579212188721,97.8612670898438,98.9520492553711,31.6396541595459,95.69,95.75,87.22,28263570000.0,,96.7983308773414,2.92109045364879,5.05502704719272
2021,Portugal,100.0,32.3,100.0,100.0,100.0,64.9061770532965,4901.6433485549,49.2719688274369,5158639.0,20.9722499847412,63.2117195129395,65.305793762207,29.1036891937256,22.2114696502686,94.123908996582,97.4921646118164,28.5162925720215,90.18,95.37,67.8,19634520000.0,,102.776690846195,6.00580997592147,1.26565719069044
2021,Romania,100.0,23.6,100.0,100.0,100.0,44.8574239112157,2900.83824132119,42.4376702872259,8418497.0,13.8026008605957,90.4599990844727,94.8199996948242,19.3299999237061,18.1299991607666,98.620002746582,99.1399993896484,14.1383724212646,65.74,72.68,71.19,8931710000.0,55.763127232688,105.652542077195,4.7328902069968,5.05232876096582
2021,Russian Federation,99.3,3.5,100.0,100.0,99.2,19.1544751840582,7186.67544355845,48.5747580073877,73846056.0,39.2299995422363,98.2799987792969,98.9400024414062,76.870002746582,75.5800018310547,99.8300018310547,99.8099975585938,42.8300018310547,90.11,89.26,89.46,5688050000.0,20.8666992191571,89.77529376951,,6.69445891957612
2021,Rwanda,6.2,79.4,48.7,38.2,98.0,60.9979508196721,60.6502606463671,47.2300323394419,4769099.0,7.19986581802368,20.8754482269287,26.0230960845947,5.48545026779175,8.73312664031982,78.367919921875,87.407356262207,4.72861051559448,,,9.92,51340000.0,,115.599823823205,6.19834384801656,-0.391346748300791
2021,Saudi Arabia,100.0,0.1,100.0,100.0,100.0,0.0653198949792136,12069.9836667183,19.3803231669986,14623461.0,30.2839450836182,69.5205459594727,78.1518478393555,37.3692817687988,39.7794151306152,81.5829696655273,89.7099685668945,32.4151191711426,63.49,81.67,99.96,266950000.0,,91.5935370803381,2.83627486303424,3.06328988941547
2021,Senegal,31.3,35.4,68.0,43.4,93.9,13.2915360501567,329.600129888931,36.9457630100958,5262663.0,,,,,,,,,50.3,62.31,58.89,848000000.0,,120.096789757029,9.5061670120264,2.18032278088147
2021,Serbia,81.5,27.2,100.0,100.0,100.0,34.9821890937623,5034.14674687745,46.0268910759741,3322738.0,15.9443225860596,70.2372970581055,79.8359680175781,24.1038284301758,24.1420307159424,97.9545745849609,99.3538513183594,17.7910041809082,89.83,88.99,82.44,1391440000.0,,107.661498802316,4.7123609854641,4.08510285335102
2021,Seychelles,100.0,1.7,100.0,100.0,100.0,4.51403741810568,,,,,,,,,,,,,,,20050000.0,,123.243072465677,,9.76909936973542
2021,Slovak Republic,100.0,17.9,100.0,100.0,100.0,23.5607675906183,5404.56491141305,46.832407760377,2757031.0,21.4944400787354,99.1065292358398,99.1825790405273,29.5774478912354,23.3670082092285,99.8579864501953,99.7216186523438,27.2983646392822,94.01,97.36,62.73,2520000000.0,77.5153959377722,100.455557027592,2.85808646107375,3.14960629921268
2021,Slovenia,100.0,23.4,100.0,100.0,100.0,36.1126858150668,7006.37879320462,45.7936298900004,1044095.0,23.1259365081787,98.3296966552734,99.1415405273438,39.1911125183105,30.8242111206055,99.6871490478516,99.7397918701172,30.0709190368652,98.15,100.0,58.93,736250000.0,,94.1280437753974,2.83511775546834,1.91706506089259
2021,Solomon Islands,8.8,49.1,76.3,75.4,79.2,6.5551580779271,,48.1374209976363,394292.0,,,,,,,,,,,,5890000.0,,107.342863217808,0.600097039501874,-0.115437894412839
2021,South Africa,88.7,9.7,89.3,93.4,87.4,6.45823307963008,3512.0627333448,46.3305259577606,25167040.0,12.9200000762939,83.0400009155273,84.879997253418,48.6100006103516,49.560001373291,87.0199966430664,89.0400009155273,13.0100002288818,86.18,84.56,93.13,8998630000.0,73.8065091009354,93.8275063119217,14.8298357767618,4.61874544887136
2021,Spain,100.0,19.0,100.0,100.0,100.0,47.0149136749395,5239.5199793554,46.7708715208445,23445165.0,22.1335792541504,81.084228515625,84.6579895019531,35.8322830200195,33.8744506835938,93.1941452026367,94.9775848388672,26.9198131561279,97.49,99.11,70.32,96120550000.0,132.546759027224,99.0104202921308,5.94138552560565,3.0931351197642
2021,Sri Lanka,34.1,48.8,100.0,100.0,100.0,49.2380351199357,713.666726846001,32.8882949763279,8500316.0,0.870556175708771,80.6500015258789,83.2900009155273,,,86.2168960571289,88.8398971557617,0.661343932151794,89.28,89.26,58.53,1354220000.0,,107.387129216901,71.6201004077685,7.01478071238195
2021,St. Lucia,93.1,9.7,100.0,100.0,100.0,2.54489148622662,,46.8187300089141,95355.0,,37.6425361633301,40.5844841003418,,16.8583450317383,58.5124740600586,51.356575012207,,,,,10190000.0,,,,2.41070312174393
2021,Suriname,95.1,14.5,98.8,97.5,99.5,41.9336561743341,2955.18987013996,41.0602558929146,245337.0,,,,,,,,,,,89.54,-125070000.0,,,,59.1196626251977
2021,Sweden,100.0,57.9,100.0,100.0,100.0,67.3919370423404,13017.9973503743,47.2323542656069,5522907.0,27.5063858032227,94.7414093017578,94.2133712768555,54.4576606750488,44.1910743713379,100.0,100.0,37.8494529724121,100.0,99.39,25.12,41852000000.0,40.6550853120913,95.6786942649751,0.577883505140297,2.16319736447153
2021,Switzerland,100.0,27.7,100.0,100.0,100.0,68.0622643509335,7315.37290974165,46.8119896362294,4987374.0,45.0184288024902,97.7458801269531,98.1810302734375,35.349308013916,45.0184288024902,99.6234664916992,99.7077026367188,35.349308013916,99.02,100.0,48.3,5054000000.0,19.9857790162513,87.6810504697474,0.590221176255857,0.581814168489856
2021,Tajikistan,85.2,34.9,99.6,99.8,98.9,93.3827887446305,1427.12263422116,39.8297432458001,2600308.0,,,,,,,,,39.41,39.57,61.92,691980000.0,,126.126995151188,5.68722007513638,
2021,Tanzania,8.1,78.3,42.7,23.3,77.3,39.3928323699422,120.92869930568,49.1248914239078,29877664.0,,,,,,,,,46.03,59.37,21.55,321480000.0,,101.729238646373,11.4647748306719,3.69091958802199
2021,Thailand,85.3,19.0,100.0,100.0,99.8,19.6792655928357,2753.70621620221,45.6435884456132,40439671.0,,50.0710372924805,47.9351463317871,22.3233699798584,19.329984664917,66.8533401489258,74.1960830688477,,92.7,98.61,81.05,30785350000.0,58.5043086154828,99.090330651592,6.39672203912046,1.23039541318384
2021,Timor-Leste,16.4,12.1,100.0,100.0,100.0,0.371447028423773,,45.6962565796842,571456.0,11.815336227417,46.9296875,52.0851135253906,10.4178972244263,13.9850158691406,55.0048217773438,61.0632934570312,9.2096529006958,,,,570000.0,,72.837129361481,0.159591458898645,3.69792094666786
2021,Togo,11.0,75.1,55.7,24.7,96.3,25.5873786407767,161.515970426583,48.0790507038483,3047816.0,,,,,,,,,44.3,55.22,16.5,73130000.0,,110.326132774755,12.9541596011051,4.1862150652352
2021,Tonga,87.6,1.8,100.0,100.0,100.0,14.2006227155814,,42.960760337928,35984.0,5.48247671127319,94.1549835205078,94.0618209838867,24.3886299133301,24.2177963256836,99.84423828125,100.0,5.28426790237427,,,,10490000.0,,154.016035093165,0.797654768404177,5.64051140636751
2021,Turkiye,95.2,12.0,100.0,100.0,100.0,35.4189464124067,3587.45836676577,32.0955466642628,33490693.0,22.6306686401367,43.0357894897461,59.7846412658691,18.4376373291016,22.6306686401367,76.8506622314453,93.5403671264648,18.4376373291016,62.55,85.34,83.83,62629360000.0,42.575722383146,99.5950517497562,10.5196841575142,19.5964926913324
2021,Uganda,0.7,91.0,45.2,35.9,72.3,90.0255924170616,84.2500903379653,48.09564486883,20084883.0,5.99678754806519,32.6903381347656,46.6981315612793,9.87834644317627,15.4138269424438,80.9695739746094,92.2135925292969,2.97589683532715,65.06,66.88,9.1,108850000.0,51.3026623500196,106.14267322265,17.8527787215045,2.20457204757414
2021,United Kingdom,100.0,12.2,100.0,100.0,100.0,40.3081131480886,4568.580341577,47.9770696325641,34115633.0,38.2099990844727,99.7900009155273,99.8399963378906,,,100.0,100.0,40.939998626709,99.91,99.61,77.54,116780000000.0,186.794915550888,100.223987048219,7.89829173582968,2.51837109614213
2021,United States,100.0,10.9,100.0,100.0,100.0,20.2733089261925,12558.0118863007,45.1871646061113,167156631.0,33.926570892334,95.4242782592773,95.0670928955078,49.8460350036621,45.8285980224609,97.3503875732422,97.2186889648438,36.1168403625488,96.79,93.09,81.38,612795580000.0,118.400948162572,103.63170385451,11.39536261799,4.69785886363742
2021,Uruguay,100.0,57.8,100.0,100.0,100.0,84.3537980618944,3524.60259163687,46.4839120459757,1722127.0,,62.5299987792969,59.2999992370605,,,92.5500030517578,91.5699996948242,,75.73,72.35,46.76,8220390000.0,58.0941187470581,92.859567414349,7.50974291433145,7.74791402314762
2022,Albania,84.6,,100.0,100.0,100.0,,2507.48013906524,44.9838115488655,1389262.0,18.2386665344238,90.4998779296875,93.8575210571289,,,97.3871002197266,98.3405456542969,21.3606376647949,,,55.06,,,110.303936086105,7.32763843345551,6.7252027153006
2022,Argentina,99.9,,100.0,100.0,100.0,,2833.11909750338,42.9402622703507,21566906.0,,,,,,,,,,,86.96,,,98.5299349575039,9.47259379330155,
2022,Armenia,97.9,,100.0,100.0,100.0,,2403.67775831874,50.3422841326494,1480203.0,27.8967914581299,99.1247024536133,99.2666320800781,55.4669418334961,50.2793502807617,99.7779769897461,99.6971969604492,28.6064758300781,,,75.78,,46.5518225541677,100.960817340158,9.85904112142016,8.64091108973855
2022,Australia,100.0,,100.0,100.0,100.0,,9933.15278973003,47.4388189017502,14188083.0,33.5400009155273,95.0299987792969,95.0199966430664,58.439998626709,49.1100006103516,99.4609680175781,99.5923080444336,40.0200004577637,,,90.42,,58.0466964106785,94.7585941727542,3.08204640033961,6.59409671341846
2022,Austria,100.0,,100.0,100.0,100.0,,8260.47675415134,46.7976239861348,4715124.0,,98.6379013061523,98.4232788085938,34.7421760559082,34.7317581176758,100.0,100.0,,,,64.1,,76.2214007403381,100.723954933383,2.1554046097905,8.5468699318845
2022,Bangladesh,28.0,,99.4,99.2,100.0,,602.674747324137,36.5470471565248,74651451.0,10.084264755249,43.232349395752,47.9946060180664,,,61.7735824584961,66.9404983520508,5.0764307975769,,,83.13,,,106.822881412177,,7.69695437176898
2022,Barbados,100.0,5.5,100.0,100.0,100.0,,,49.6552005549435,147042.0,,,,,,,,,,,,,,,,
2022,Belgium,100.0,,100.0,100.0,100.0,,7282.40331295413,46.8267617902964,5320795.0,37.4228248596191,88.3022537231445,90.955207824707,43.1228790283203,39.7613945007324,96.2443695068359,97.0625991821289,41.2547912597656,,,67.09,,92.4825366392405,101.460685561862,3.31026343382765,9.597511728725
2022,Bolivia,89.1,,99.9,95.6,100.0,,859.308409911805,45.9980896785561,6569575.0,16.194803237915,56.266300201416,66.4788360595703,30.0802001953125,28.9136924743652,69.5967788696289,81.6292343139648,17.5617389678955,,,84.84,,,102.532789066883,,1.74632872945969
2022,Bosnia and Herzegovina,41.1,,100.0,100.0,100.0,,3772.15191453325,41.8930401136452,1355798.0,11.8900003433228,86.1900024414062,96.1999969482422,15.1499996185303,15.1300001144409,92.5999984741211,98.3000030517578,12.6700000762939,,,78.81,,41.7435105198961,113.539033702049,1.47421825812242,14.0208440826771
2022,Botswana,66.0,,75.9,25.0,95.5,,1522.19852354121,46.6250638214801,1065472.0,9.25415325164795,69.2225341796875,70.92333984375,29.2117595672607,30.71120262146,89.7554168701172,89.1276550292969,9.74098491668701,53.86,64.29,66.7,,,95.256192210626,2.18057642885417,11.665567478802
2022,Brazil,96.5,,100.0,97.3,100.0,,2787.76089640442,43.4208190589127,106610573.0,,67.870002746582,65.0199966430664,,,86.4300003051758,85.120002746582,,,,51.04,,79.1023218878495,99.5545359694656,25.8537229370519,9.28010608956873
2022,Bulgaria,,,100.0,99.6,100.0,,5387.96542212904,46.5604115763303,3217289.0,22.1036491394043,95.7140884399414,97.1052017211914,30.5550937652588,22.5017166137695,99.0603713989258,99.2939758300781,30.2848815917969,,,68.8,,30.1504217452844,98.8859665999234,1.00199456087962,15.3252589264366
2022,Burkina Faso,17.2,71.4,19.5,3.4,60.5,,131.191746177691,44.3312480834503,6091676.0,3.08928656578064,10.0773801803589,16.5051612854004,1.2442010641098,3.54773354530334,18.5023212432861,32.9421081542969,1.12409460544586,,,24.03,,62.5256115534246,101.354188147324,8.62113509852307,14.2902354303358
2022,Cambodia,53.5,,92.3,88.0,99.0,,813.232441120437,48.0629233888112,9572466.0,,,,,,,,,,,54.93,,,100.512003543664,,5.34370264895437
2022,Canada,100.0,,100.0,100.0,100.0,,14591.314180806,47.3471242301123,21456376.0,30.7867393493652,95.9839477539062,96.2347412109375,68.6005935668945,65.8976440429688,95.9839477539062,96.2347412109375,33.855339050293,,,76.91,,61.4178635753383,99.8449146177304,6.14076007081138,6.80280115341613
2022,Chile,100.0,,100.0,100.0,100.0,,4422.38228375379,42.0657679545945,9670728.0,21.0626277923584,83.1999969482422,86.1100006103516,28.1240940093994,28.6751441955566,89.7600021362305,91.4800033569336,19.5457077026367,,,70.08,,,103.957566068883,3.81839448820788,11.643866711056
2022,China,87.8,,100.0,100.0,100.0,,6112.13553560996,45.0507108837416,770113477.0,,,,,,,,,,,86.72,,,96.5881911119158,,1.97357555739051
2022,Colombia,93.6,,100.0,100.0,100.0,,1548.65063830136,41.1994721378583,25830229.0,15.8202447891235,61.2900009155273,58.8600006103516,28.1619262695312,24.6931610107422,82.3499984741211,80.8499984741211,16.5422592163086,,,73.8,,70.33140026012,107.609177087082,15.4737835773436,10.1772313546166
2022,"Congo, Dem. Rep.",4.3,,21.5,1.0,45.3,,130.667931495784,48.3032581586622,36183996.0,,,,,,,,,20.5,34.19,3.97,,15.9896968122396,102.73276735231,0.514036894677786,
2022,Costa Rica,96.4,,100.0,100.0,100.0,,2125.2458545407,41.6819368958279,2504874.0,,51.2799987792969,48.7799987792969,19.9728775024414,17.1105937957764,83.7799987792969,84.0199966430664,,,,50.71,,,97.4171403066588,15.2927261286011,8.27477490232654
2022,Cote d'Ivoire,42.6,,72.0,45.3,95.0,,323.704535370651,42.950064628661,11882499.0,6.70274448394775,17.9306621551514,33.9326934814453,4.91649055480957,10.1925811767578,36.8502960205078,53.1010208129883,3.06490612030029,,,37.58,,,104.377934441899,17.4439105528207,5.27616724262846
2022,Croatia,100.0,,100.0,100.0,100.0,,4475.52041281852,46.6235086140876,1740579.0,16.84619140625,93.5088195800781,97.4888687133789,24.6147575378418,20.6884708404541,99.0373687744141,99.5650177001953,21.03955078125,,,67.97,,83.0767694561751,106.219914563597,3.84002783469285,10.7805806758686
2022,Cyprus,100.0,,100.0,100.0,100.0,,3848.66716239663,45.1110155759119,755975.0,33.120246887207,84.1147155761719,87.7553024291992,45.5157012939453,41.2710800170898,96.4546127319336,98.4479675292969,33.2054138183594,,,86.5,,,96.7805004677601,3.27726419684437,8.39548297993334
2022,Czechia,100.0,,100.0,100.0,100.0,,6362.84194009099,44.5102091513833,5369986.0,20.9231128692627,98.9953002929688,99.3919219970703,23.555025100708,22.094482421875,99.0271682739258,99.4170913696289,21.0210075378418,,,70.25,,,99.1926378237789,3.39431675553378,15.1001651468371
2022,Denmark,100.0,,100.0,100.0,100.0,,5870.02927476145,47.422413469915,3147518.0,27.4220237731934,90.9987258911133,92.4892196655273,42.1445960998535,32.6030693054199,98.5132064819336,99.3477935791016,37.8423385620117,,,54.36,,,90.4462114493322,1.64048292956573,7.6965669988926
2022,Dominican Republic,92.8,,98.1,94.5,98.8,,1716.80675546229,40.4954283080281,5169749.0,13.0046367645264,67.0899963378906,64.7300033569336,21.8664379119873,13.0046367645264,74.9400024414062,73.5800018310547,21.7484226226807,,,89.36,,,110.106062478081,17.7800326047216,8.81109209279587
2022,El Salvador,93.8,,100.0,100.0,100.0,,1109.9754646221,41.254651042229,2806629.0,,46.1100006103516,52.2000007629395,23.5008087158203,26.257417678833,60.8300018310547,67.5999984741211,,,,55.46,,73.7611648033132,124.824626777022,11.182101706662,7.19861615609867
2022,Estonia,100.0,,100.0,100.0,100.0,,6464.07283295276,49.2223042303986,735699.0,26.5803070068359,98.7294769287109,98.6773529052734,57.6844253540039,39.1564102172852,99.9087219238281,99.8532104492188,37.9452514648438,,,69.95,,25.9834554447716,100.466270365303,0.298587881373055,19.3982634080616
2022,Fiji,56.1,28.4,92.0,86.8,97.6,,,34.1377104871349,381496.0,,,,,,,,,,,,,,121.369134299383,17.1372744769299,4.52019266394958
2022,Finland,100.0,,100.0,100.0,100.0,,14749.7185978813,48.2149419948379,2846126.0,26.3623390197754,91.5996780395508,91.6049041748047,43.7371673583984,35.049503326416,99.9628982543945,99.9635696411133,31.1477546691895,,,35.74,,,102.333122905112,1.30450765516488,7.12350773301402
2022,France,100.0,,100.0,100.0,100.0,,6677.39513463708,48.3939653638397,31537676.0,22.3946876525879,85.4513473510742,89.4875183105469,36.3566551208496,33.8793907165527,95.3553695678711,96.8025894165039,22.7038650512695,,,49.71,,96.7764980125667,102.782805830307,4.1510830155335,5.22236748369735
2022,Georgia,92.2,,100.0,100.0,100.0,,3682.96097887624,47.7040839846388,1843861.0,32.8199996948242,98.2200012207031,98.6900024414062,57.9300003051758,49.4500007629395,99.2300033569336,99.5,35.0099983215332,,,78.88,,42.9693933571232,109.737760225089,3.8975768505699,11.8981654203198
2022,Germany,100.0,,100.0,100.0,100.0,,6285.24659632329,46.4924273526033,43953915.0,33.3114166259766,93.5915908813477,94.3460388183594,38.3714904785156,42.1183280944824,98.6710815429688,99.3392486572266,25.3061943054199,,,78.47,,,97.5030919230623,1.47665269641737,6.87257438551097
2022,Greece,100.0,,100.0,100.0,100.0,,4827.78285698736,44.5980913157269,4659964.0,29.5211448669434,73.8031158447266,80.3933029174805,36.8578643798828,36.2710723876953,96.4578399658203,98.248046875,28.3811092376709,,,81.71,,202.480392684901,109.639438339911,5.43904586568478,9.64525981280632
2022,Guatemala,46.2,,99.1,98.1,97.7,,669.883594558613,34.2589418462758,7234412.0,6.92779016494751,30.2276496887207,36.698558807373,,,47.637321472168,58.9688415527344,4.68416023254395,34.35,39.93,34.57,,,116.537510708073,12.6698683066773,6.88512823344287
2022,Honduras,50.1,,94.4,86.8,100.0,,757.081126374635,37.9880179599849,4588868.0,,37.9296455383301,34.2619361877441,4.42104053497314,4.17713403701782,64.4768600463867,63.3841171264648,,,,54.72,,,127.820135333071,,9.08963911525025
2022,Hungary,100.0,,100.0,100.0,100.0,,4680.96591412799,46.6359875339445,4938210.0,23.9416580200195,98.2849807739258,99.1145858764648,32.8752708435059,29.9732608795166,99.6695404052734,99.7351455688477,28.0614147186279,,,66.04,,75.5259534751362,104.440373724147,7.13723096058085,14.6081439492433
2022,Iceland,100.0,,100.0,100.0,100.0,,51258.7597479601,46.2567132809909,232189.0,26.9119701385498,99.8759155273438,99.5827331542969,50.3665313720703,41.2423667907715,99.8759155273438,99.5827331542969,41.94775390625,,,11.69,,86.2909756775551,100.139350030153,16.3468153902564,8.3087551155892
2022,Indonesia,89.1,,100.0,98.2,100.0,,1257.23679274733,39.3159431716515,139637843.0,9.29591655731201,53.7340621948242,59.6842193603516,12.7986068725586,11.4243383407593,80.4424362182617,86.0196762084961,9.66471767425537,,,77.18,,,90.4753313272083,,4.20946383402165
2022,Ireland,100.0,,100.0,100.0,100.0,,6125.9848616838,46.7037141878101,2684840.0,35.8504524230957,90.3994903564453,89.8707504272461,62.438060760498,57.7087020874023,98.7630996704102,99.2401504516602,38.6128883361816,,,85.84,,45.400258888176,58.1563959550143,2.9595615709144,7.82945736434105
2022,Israel,100.0,,100.0,100.0,100.0,,6842.79361757782,47.9982592488041,4467037.0,34.1323280334473,90.7246170043945,92.7145004272461,53.3553161621094,45.3978424072266,95.46875,97.5426788330078,41.732250213623,,,97.3,,,97.5607384359967,9.7586771351396,4.39359665912654
2022,Italy,100.0,,100.0,100.0,100.0,,5215.69012140866,42.5871899007398,25351560.0,14.7746381759644,79.7553558349609,86.1860198974609,19.5974864959717,15.9528474807739,96.9105377197266,98.4543991088867,18.0897102355957,,,78.73,,,101.819148787547,10.1440708273473,8.20128991161718
2022,Japan,100.0,,100.0,100.0,100.0,,7803.26941727044,44.6509599869779,68929060.0,,,,,,,,,,,87.31,,216.213375459903,103.760303771542,,2.49770278172255
2022,Kazakhstan,93.1,,100.0,100.0,100.0,,5271.52788457214,48.8099909687564,10127066.0,,,,,,,,,,,98.15,,21.3547830101811,84.9123094342143,7.06990907348092,15.0278644440851
2022,Kenya,30.0,,76.0,65.0,98.0,,189.355465367737,47.0898610735261,22574747.0,7.84363985061646,60.4714317321777,70.1211471557617,,,74.5982131958008,83.5402984619141,4.57471990585327,,,20.2,,,106.955210523749,21.7935192162773,7.65986268272224
2022,"Korea, Rep.",100.0,,100.0,100.0,100.0,,11492.9257726667,43.3764310357427,29201402.0,39.6483955383301,84.0698394775391,93.7335357666016,42.2894287109375,52.8652153015137,95.8029098510742,99.1590423583984,29.55224609375,,,79.89,,51.1791323198157,100.029346269746,3.5979328479696,5.08951365062842
2022,Kosovo,,,,,,,,,,,,,,,,,,,,,,,132.76072883082,,11.5805104542012
2022,Kyrgyz Republic,77.0,,99.7,99.6,100.0,,1971.4074947749,41.6921467351248,3059581.0,,,,,,,,,,,72.86,,47.085480540382,141.112174387207,2.39381925333642,13.9229093174176
2022,Latvia,100.0,,100.0,100.0,100.0,,3696.42590147937,49.6663436561673,962817.0,25.5605030059814,97.2051773071289,98.7597427368164,55.2850189208984,42.1236228942871,98.0880508422852,99.3624267578125,37.0257530212402,,,49.12,,,104.887793081122,1.46087445502,17.3102830198815
2022,Lebanon,,,100.0,100.0,100.0,,680.652360897549,31.5174557333536,1916906.0,,,,,,,,,,,89.18,,,145.23072047131,,171.205491336641
2022,Lesotho,41.5,34.9,50.0,37.7,83.6,,,44.0584883800652,860547.0,,,,,,,,,62.37,65.05,,,,149.361382150055,3.3475027835483,8.27180389943028
2022,Lithuania,100.0,,100.0,100.0,100.0,,4416.1702815931,49.6387596786237,1509383.0,35.6640205383301,96.9497680664062,98.0971374511719,68.0251770019531,56.3919639587402,99.2609405517578,99.2947158813477,46.1547927856445,,,61.9,,35.9357842383235,102.091913562406,0.981559371523915,19.7050461518394
2022,Luxembourg,100.0,,100.0,100.0,100.0,,11629.0998510189,46.5781000794471,334814.0,43.4346580505371,90.0731735229492,91.3365325927734,47.0335731506348,51.3443222045898,97.8478012084961,98.516471862793,41.2124710083008,,,71.34,,,65.957257284371,0.345779771187577,6.33600807777919
2022,Madagascar,1.5,83.1,36.1,10.9,71.6,,81.3148068743768,48.6756937106911,15576306.0,,,,,,,,,25.21,27.5,13.97,,,108.098948297841,4.8156264476304,8.16059031991844
2022,Malawi,1.4,62.9,14.0,5.6,54.0,,,49.1389774599378,8039685.0,,,,,,,,,,,,,55.5992119991912,,29.9238225072927,20.953969729969
2022,Malaysia,84.1,,100.0,100.0,100.0,,4986.12312555985,37.1623683233973,17583325.0,14.4300003051758,79.0299987792969,82.0599975585938,25.0499992370605,26.2099990844727,93.5199966430664,96.0100021362305,14.6999998092651,,,96.01,,60.1811225069523,92.8050409934553,14.020107638443,3.37869862549928
2022,Maldives,99.7,1.2,100.0,100.0,100.0,,,22.7627691008865,265328.0,,,,,,,,,,,,,,96.9017192367979,,2.33314337624567
2022,Malta,100.0,,100.0,100.0,100.0,,5170.16581030308,41.865538553692,293824.0,22.0376853942871,85.0283660888672,90.3839645385742,32.9480056762695,36.0108451843262,98.9538345336914,99.2371368408203,23.2504024505615,,,87.17,,,86.5265691299489,2.85195836757053,6.15375621933037
2022,Mauritius,99.0,,100.0,100.0,99.0,,2334.2149014315,38.1142986069909,598345.0,,60.3737907409668,71.3261108398438,,,95.5923690795898,98.7349014282227,,,,88.94,,,106.564144581351,8.03023823943907,10.7737512242899
2022,Mexico,85.7,,100.0,100.0,99.8,,2351.59528868272,39.4612258716186,58544385.0,,65.3199996948242,67.0400009155273,,,82.4400024414062,84.3300018310547,,42.3,56.27,87.94,,44.0481728467751,104.68204899422,17.1966048280522,7.8962761916855
2022,Moldova,97.6,,100.0,100.0,100.0,,2255.74554684034,54.4569274068774,1464574.0,18.2600002288818,97.9300003051758,98.620002746582,22.215461730957,18.2587242126465,99.5699996948242,99.4499969482422,22.2199993133545,,,81.27,,34.5213178653949,128.2529785956,3.11978149500439,28.7372976766236
2022,Mongolia,54.2,,100.0,100.0,100.0,,2545.61487913499,44.4524910953134,1420881.0,26.1017665863037,92.1286468505859,89.8496017456055,64.3526763916016,58.7878570556641,96.8059997558594,95.6307144165039,36.4625854492188,,,94.72,,,108.110968813531,,15.1479560897226
2022,Morocco,97.9,,100.0,100.0,100.0,,978.27258674367,22.0255512657148,12170356.0,,,,,,,,,,,90.12,,,111.508780526666,7.96111730498483,6.65704202759067
2022,Nepal,39.6,,91.3,93.7,97.7,,321.045264151601,36.6799263082657,8404199.0,,,,,,,,,,,26.47,,,131.060136194842,,7.6507917679853
2022,Netherlands,100.0,,100.0,100.0,100.0,,6365.46605154448,47.1141736570986,10054815.0,37.7317390441895,91.0731430053711,92.6664123535156,38.4872360229492,39.6803359985352,98.484016418457,98.6139907836914,35.5516586303711,,,83.92,,,91.2202410899358,1.31007374266336,10.0012078753473
2022,New Zealand,100.0,,100.0,100.0,100.0,,8099.15578832174,47.4689512976338,2953183.0,,,,,,,,,,,54.94,,54.5666722344428,105.05185741011,3.16844434778101,7.17222476016441
2022,Nicaragua,59.2,,86.5,66.3,100.0,,682.400254120922,39.0648444695096,3092384.0,,,,,,,,,,,39.85,,,115.645377615415,5.42369578364592,10.4674244465991
2022,Nigeria,25.6,,60.5,27.0,89.0,,135.603309430584,46.9421477961804,105432630.0,4.26290273666382,64.6892700195312,75.5948104858398,37.8123435974121,40.5757026672363,82.6653213500977,91.7974319458008,2.73636484146118,,,55.72,,,,,18.8471877843274
2022,North Macedonia,81.3,,100.0,100.0,100.0,,3479.25874810014,41.3672304700493,802703.0,18.9432697296143,64.0738372802734,77.6455535888672,23.3038082122803,21.7494697570801,92.4895629882812,97.2532958984375,20.6706123352051,,,82.16,,,120.576435759064,,14.2047173195833
2022,Norway,100.0,,100.0,100.0,100.0,,23373.4710590389,46.6241997685755,2985855.0,25.2907695770264,95.9295043945312,98.5050964355469,47.1495628356934,39.8636589050293,96.5161056518555,98.955192565918,37.0830993652344,,,46.54,,,71.6850525297861,0.457014512720826,5.76412317852272
2022,Pakistan,52.6,,95.0,93.0,100.0,,605.788247596384,22.6309725165422,80282511.0,,,,,,,,,,,63.94,,,111.950173683923,,19.8738599646655
2022,Papua New Guinea,10.0,54.6,19.0,14.0,65.1,,,47.44978368356,3494880.0,4.24747848510742,27.4283027648926,41.3095626831055,10.4695806503296,17.8098545074463,55.8578109741211,68.9980545043945,1.98758840560913,,,,,48.188818095314,,13.8767385123088,5.25323922215241
2022,Paraguay,68.5,,100.0,100.0,100.0,,2213.01378130259,41.9716209207027,3391301.0,,57.4799995422363,56.939998626709,,,80.4100036621094,80.4300003051758,,,,34.84,,,104.99913585175,7.23990261827236,9.76556667164402
2022,Peru,88.1,,96.2,85.1,99.0,,1588.44822284327,45.364958473676,18756175.0,,57.0200004577637,67.9199981689453,24.7750930786133,25.1189136505127,70.1500015258789,80.3000030517578,,,,76.85,,,99.4422047773844,,8.33370630096231
2022,Philippines,59.1,,94.8,91.1,98.0,,884.680258485773,41.4438447286486,49481401.0,15.9393396377563,63.6305389404297,60.0255012512207,28.893030166626,23.2302951812744,87.2008438110352,84.1670989990234,20.1498203277588,,,66.2,,,115.654880519172,14.1895600248204,5.82115811213955
2022,Poland,100.0,,100.0,100.0,100.0,,4596.71266565855,45.4775731494996,18259831.0,24.7140331268311,97.6652450561523,98.463752746582,37.2951812744141,26.4782943725586,97.9530715942383,98.9876174926758,32.1605682373047,,,86.42,,,98.3163003692536,4.05151988034782,14.4294507575758
2022,Portugal,100.0,,100.0,100.0,100.0,,5085.23209727273,49.2968828485589,5275650.0,21.5089321136475,63.9583015441895,65.3792190551758,29.3014507293701,22.7047214508057,94.1874694824219,97.5181427001953,28.6646671295166,,,67.38,,,102.400782918032,4.95387039532298,7.83269124233323
2022,Romania,100.0,,100.0,100.0,100.0,,2717.53652859422,42.7389276101244,8415279.0,14.8340311050415,91.0400009155273,95.0199966430664,20.4699993133545,18.5599994659424,98.7600021362305,99.1500015258789,15.6972007751465,,,70.42,,50.8849084169995,106.899262298032,4.63101086103234,13.7954887432521
2022,Russian Federation,99.4,,100.0,100.0,99.1,,7184.42203703818,48.7434189452399,73531906.0,,99.2005081176758,98.8655395507812,74.7691802978516,73.145378112793,100.0,100.0,,,,89.45,,19.5062376778091,88.5293450227239,,
2022,Rwanda,8.3,79.9,50.6,38.2,98.0,,68.1267274337541,47.4707674788239,5079189.0,5.44000005722046,15.7399997711182,20.4599990844727,,,40.5299987792969,47.6599998474121,3.59999990463257,,,11.55,,,116.188956604488,6.21021774540179,17.6892095588153
2022,Saudi Arabia,100.0,,100.0,100.0,100.0,,11835.3177587823,19.2797441654337,15469059.0,29.6599979400635,71.8790893554688,80.1127090454102,38.8877029418945,39.2555923461914,84.4306640625,92.4248809814453,33.9029006958008,,,99.91,,,83.0711139838105,2.39041526354088,2.4740737192537
2022,Senegal,32.3,,67.9,43.4,96.6,,399.521774928173,36.7518079590849,5412180.0,7.42461538314819,15.3707942962646,24.8341293334961,3.7800087928772,8.4315767288208,30.4678592681885,42.8605690002441,3.10535168647766,,,63.21,,,126.317962507135,9.86295387445667,9.69681899081073
2022,Serbia,82.9,,100.0,100.0,100.0,,5113.70107266182,46.3955722549783,3289801.0,16.2567672729492,71.1810989379883,80.4408874511719,24.0078296661377,24.1400146484375,98.2387771606445,99.3438034057617,17.8429203033447,,,83.02,,,110.438883965447,3.63076915282743,11.9815117344703
2022,Seychelles,100.0,1.9,100.0,100.0,100.0,,,,,,,,,,,,,,,,,,109.399116523581,,2.6260363285129
2022,Slovak Republic,100.0,,100.0,100.0,100.0,,4957.70057248564,47.0144315936728,2791445.0,22.8654556274414,98.9654541015625,99.0303039550781,30.8172245025635,24.4294528961182,99.6445541381836,99.5340957641602,28.564733505249,,,60.63,,64.3157885777548,105.946473987621,2.69487509407558,12.7741463637611
2022,Slovenia,100.0,,100.0,100.0,100.0,,6730.81839858035,45.6051137061149,1058958.0,22.2955379486084,98.2980117797852,98.9072875976562,39.3728446960449,29.9545383453369,99.7306213378906,99.6892852783203,29.8897438049316,,,59.15,,,98.2542743411956,2.62663234267473,8.83369886749452
2022,Solomon Islands,8.7,50.1,76.0,75.4,79.0,,,47.9881178081791,410362.0,,,,,,,,,,,,,15.3931660730361,114.276096911817,1.23314029497938,5.51812928576938
2022,South Africa,89.4,,86.5,93.4,87.1,,3357.92464091342,46.4303621677625,26170358.0,10.5708084106445,76.0601959228516,78.2090301513672,15.1270332336426,13.623441696167,86.0569305419922,88.5138854980469,12.2236385345459,,,93.32,,76.2372383337531,97.8536800713666,15.6234762427279,7.03987272546482
2022,Spain,100.0,,100.0,100.0,100.0,,5182.69523645187,46.6733503627834,23828133.0,22.1627388000488,81.5416717529297,85.0253372192383,36.4175987243652,33.9397201538086,93.590705871582,95.1544189453125,27.0949516296387,,,71.76,,109.217961229509,99.1173016877192,6.44093611786415,8.39057634118627
2022,Sri Lanka,35.5,,100.0,100.0,100.0,,684.05392002164,33.2585609984405,8527218.0,1.0550582408905,81.120002746582,83.0899963378906,,,86.2683029174805,88.5122146606445,0.791702389717102,,,53.93,,,103.563395220939,77.7699768805255,49.7211021114327
2022,St. Lucia,92.5,9.7,100.0,100.0,100.0,,,46.0838877410809,101159.0,,37.5350036621094,42.1984710693359,22.2962741851807,,63.1918029785156,54.0104484558105,,,,,,,,,6.37814695133351
2022,Suriname,95.5,,99.0,97.0,100.0,,2955.88320249565,41.290058014015,248733.0,,,,,,,,,,,90.44,,,,,52.446027276241
2022,Sweden,100.0,,100.0,100.0,100.0,,12418.3973191038,47.167795771586,5602668.0,28.4081382751465,94.9234924316406,94.123908996582,55.9418106079102,45.7203712463379,99.9862823486328,100.0,38.9912719726562,,,24.28,,36.9103515627997,98.0944590058226,1.36745236754797,8.36929098869189
2022,Switzerland,100.0,,100.0,100.0,100.0,,7309.48578845284,46.7424530195269,4967649.0,44.9455337524414,97.873649597168,98.2827911376953,35.217960357666,44.9455337524414,99.6375427246094,99.6519546508789,35.217960357666,,,45.34,,17.8028338561752,86.2983180018842,0.676569274072201,2.83502798644463
2022,Tajikistan,86.1,,100.0,100.0,99.0,,1475.70932945677,39.7314291924562,2659187.0,,,,,,,,,,,60.89,,,133.238140930449,3.89462595752124,
2022,Tanzania,9.2,,45.8,36.0,74.7,,123.470486172843,48.9879875800505,30918000.0,3.309809923172,12.5732202529907,18.2996406555176,,,62.7696418762207,72.6069030761719,1.51076996326447,,,23.06,,,104.233253055963,11.4073087312149,4.35027204269101
2022,Thailand,86.1,,99.9,100.0,100.0,,2867.4155798463,45.8392322037323,40754978.0,14.8299999237061,51.1599998474121,56.4000015258789,23.8178405761719,20.9338073730469,69.4100036621094,77.4700012207031,19.6000003814697,,,79.65,,60.3498576793725,100.111019008788,6.75505455085063,6.07741228434321
2022,Timor-Leste,17.7,11.4,99.7,100.0,100.0,,,45.7003089598352,594252.0,1.59040260314941,35.2608528137207,40.8955307006836,2.21867418289185,3.0428638458252,43.8927841186523,48.9640808105469,0.935539841651917,,,,,,86.3877698456084,0.119603513050457,7.00530945399787
2022,Togo,11.9,,57.2,25.0,96.5,,191.864716012717,48.0377027641683,3157116.0,9.75323963165283,26.255350112915,52.4119758605957,3.32531976699829,10.9990587234497,52.221378326416,76.8500747680664,2.74154734611511,,,16.89,,,114.289639094233,13.9523973416975,7.96757361617945
2022,Tonga,89.5,2.3,100.0,100.0,100.0,,,43.4121574237707,35649.0,,,,,,,,,,,,,,134.620377192673,1.11313782272486,10.9713652903022
2022,Turkiye,95.1,,100.0,100.0,100.0,,3554.2281621305,33.2107714375806,35081594.0,22.8418922424316,44.3571510314941,61.016773223877,19.1076641082764,22.8418922424316,77.2250366210938,93.8049392700195,19.1076641082764,,,81.77,,35.2457946156302,104.001725333234,18.1693820958405,72.3088359891207
2022,Uganda,0.6,90.9,47.1,35.9,72.0,,89.8701256209773,48.2247194587173,21366285.0,,,,,,,,,,,8.73,,53.890283064004,104.924441527914,19.5207035883671,7.1957888597581
2022,United Kingdom,100.0,,100.0,100.0,99.9,,4323.34675694414,47.7428002846933,34567721.0,35.0792808532715,99.0031661987305,98.9367523193359,,,99.467155456543,99.4016189575195,36.627269744873,,,77.21,,141.244397228023,101.746141192229,11.8163853934984,7.92204883147902
2022,United States,100.0,,100.0,100.0,100.0,,12997.1874485207,45.3048330640353,169115595.0,36.2400016784668,96.6500015258789,96.3300018310547,,,99.0999984741211,98.9499969482422,39.0099983215332,,,81.37,,112.817613391957,103.687230150868,13.4056894070101,8.00279982052121
2022,Uruguay,100.0,,100.0,100.0,100.0,,3589.8886229166,45.942897085336,1733922.0,18.1100006103516,64.620002746582,60.7099990844727,,,93.25,92.4000015258789,25.4200000762939,,,44.91,,54.5738236891359,94.9292879671729,6.63893366279478,9.10437983075437
2023,Albania,,,100.0,100.0,100.0,,,44.9944538998128,1376643.0,,,,,,,,,,,,,,105.163525308261,7.05727887013296,4.75976421930106
2023,Argentina,,,100.0,100.0,100.0,,,43.2479806527258,22069879.0,,,,,,,,,,,,,,101.708189111569,,
2023,Armenia,,,100.0,100.0,100.0,,,50.3047810326312,1492711.0,,,,,,,,,,,,,48.2562845172053,100.810471614034,11.1089311863769,1.98041877615554
2023,Australia,,,100.0,100.0,100.0,,9829.34510394034,47.4234908813432,14593816.0,32.4765777587891,92.3012619018555,93.4535980224609,55.6810340881348,47.4710121154785,99.4464263916016,99.5395355224609,38.907341003418,,,90.19,,,95.6266628445504,,5.5970149253731
2023,Austria,,,100.0,100.0,100.0,,7772.32343246828,46.9103936029029,4762160.0,,98.7511596679688,98.6837692260742,36.107967376709,36.0802230834961,100.0,100.0,,,,62.06,,78.3363673054487,98.1101024815763,2.60985387989499,7.81413417002832
2023,Bangladesh,,,99.5,99.6,99.5,,,36.6680753844261,75834921.0,,,,,,,,,,,,,,105.191686003985,,9.8835030377921
2023,Barbados,,,100.0,100.0,100.0,,,49.9773073666384,147625.0,,,,,,,,,,,,,,,,9.79207077126447
2023,Belgium,,,100.0,100.0,100.0,,6756.77796580304,46.7787908614179,5367441.0,,,,,,,,,,,69.34,,,100.599627113335,,4.04901077613941
2023,Bolivia,,,99.8,99.6,99.9,,,46.0812854419781,6702504.0,17.4798278808594,57.3912811279297,67.7566680908203,,30.1847171783447,69.9913635253906,82.5701675415039,18.251895904541,,,,,,105.393759328364,,2.57688800489192
2023,Bosnia and Herzegovina,,,100.0,100.0,100.0,,,42.4571473743846,1366194.0,10.8658266067505,63.0877456665039,82.0562591552734,20.1759243011475,18.240665435791,86.7958679199219,96.2983932495117,11.6607990264893,,,,,40.4237746125128,114.101310556985,2.01260988789197,6.1059011284828
2023,Botswana,,,76.0,25.0,97.7,,,46.7765184777595,1146757.0,10.0491437911987,71.3804473876953,72.5911178588867,29.4269771575928,32.0718688964844,90.8038482666016,88.981689453125,9.29792785644531,,,,,,102.206982230167,,5.0676154934383
2023,Brazil,,,99.8,99.0,99.9,,2916.48609397384,43.3245861425663,106356432.0,,69.9547119140625,67.5517501831055,,,86.1259841918945,84.0486679077148,,,,49.35,,83.6989369386242,97.6333877496451,30.8390881041646,4.59356282283204
2023,Bulgaria,,,100.0,100.0,100.0,,,46.7902525629092,3131695.0,,,,,,,,,,,,,30.1482884982849,95.897488942343,1.33562637850456,9.44284140088564
2023,Burkina Faso,,,21.7,,,,,44.3404027633015,6287117.0,3.28579998016357,7.32211780548096,12.996654510498,3.0525643825531,7.01173877716064,14.5982427597046,23.6655311584473,1.44820284843445,,,,,,107.097730096299,,0.742910428668841
2023,Cambodia,,,95.0,93.4,99.5,,,48.025143580142,9740379.0,,,,,,,,,,,,,,99.6994048931773,,2.12746796594194
2023,Canada,,,100.0,100.0,100.0,,14148.3211494028,47.3398738770956,22197237.0,31.2949733734131,96.0787582397461,96.529296875,69.2165908813477,66.8202056884766,96.0787582397461,96.529296875,34.4267082214355,,,76.78,,62.2285228239297,100.438395098439,7.43937006784603,3.87900159788426
2023,Chile,,,100.0,100.0,100.0,,4240.07831593276,42.7080676987401,9991796.0,22.1902008056641,85.9587631225586,88.4657974243164,30.2899608612061,29.9828987121582,91.4278717041016,93.0600357055664,20.9349632263184,,,66.66,,,98.6936209445554,4.62593321269895,7.58168251407962
2023,China,,,100.0,100.0,100.0,,,45.0819446527757,774607590.0,,,,,,,,,,,,,,97.7167870019781,,0.234836828893051
2023,Colombia,,,98.7,94.8,100.0,,,41.5531535933636,26490194.0,15.9245853424072,62.1794776916504,59.7525825500488,28.6159324645996,25.2227935791016,82.8813934326172,81.5824127197266,16.9652328491211,,,75.26,,71.8790882440625,104.819206617919,13.8179876064218,11.7359044948689
2023,"Congo, Dem. Rep.",,,22.1,1.0,55.6,,,48.4121572363674,37296766.0,,,,,,,,,,,,,,102.769285406614,,
2023,Costa Rica,,,100.0,100.0,100.0,,2067.75992674603,39.5460198659567,2340587.0,,52.1040725708008,52.9080810546875,20.8385334014893,18.2981643676758,85.8396224975586,86.4324188232422,,,,51.55,,,94.6407350098788,15.8726448263341,0.525193508693455
2023,Cote d'Ivoire,,,72.4,48.0,93.9,,,43.0860814631414,12216126.0,,,,,,,,,,,,,,103.534001642215,18.0465156613231,4.38711707003279
2023,Croatia,,,100.0,100.0,100.0,,,47.1955355395009,1731721.0,,,,,,,,,,,,,75.5596439603656,101.832600858672,4.19525733263229,7.9412817758683
2023,Cyprus,,,100.0,100.0,100.0,,,45.8560199111408,766606.0,,,,,,,,,,,,,,98.7492688654103,2.94038103251397,3.54134188751663
2023,Czechia,,,100.0,100.0,100.0,,5987.64253672804,44.961420801193,5536144.0,,,,,,,,,,,67.78,,,95.0054190052001,,10.6612601372426
2023,Denmark,,,100.0,100.0,100.0,,5929.08770745081,47.4749172110428,3189737.0,,,,,,,,,,,50.01,,,91.849280677718,1.20740375161758,3.30517811237606
2023,Dominican Republic,,,99.6,98.2,100.0,,,41.4195355812785,5323558.0,14.1213474273682,62.3327674865723,58.6597557067871,22.8200836181641,,68.7390213012695,66.1941833496094,22.7450523376465,,,,,,107.337819927212,,4.78561281021135
2023,El Salvador,,,98.3,96.6,99.4,,,41.4810072960322,2854017.0,7.38000011444092,46.439998626709,52.75,,,61.2799987792969,68.6800003051758,7.17999982833862,,,,,101.704452248702,118.67045198647,13.0279080903743,4.04554694222477
2023,Estonia,,,100.0,100.0,100.0,,5749.16477290142,49.5386635672625,755414.0,,,,,,,,,,,60.93,,28.2527574202604,101.838703520239,0.954794520547945,9.15922507983982
2023,Fiji,,,99.3,98.3,100.0,,,34.1776130374588,384983.0,,,,,,,,,,,,,,,16.8323588300452,2.14817440623896
2023,Finland,,,100.0,100.0,100.0,,14352.4852025758,48.5290609440681,2863035.0,,,,,,,,,,,32.66,,,100.289770232694,2.08793277541031,6.25064322154763
2023,France,,,100.0,100.0,100.0,,6456.64409937944,48.5065304788837,31618891.0,23.9088401794434,90.5102844238281,92.8295288085938,39.0496368408203,35.6301803588867,100.0,100.0,24.7607326507568,,,46.47,,98.4729036917015,101.999493632245,3.77583730635875,4.87835726508441
2023,Georgia,,,100.0,100.0,100.0,,,47.7394296064502,1850617.0,33.1935043334961,98.2348785400391,98.7013473510742,57.8974723815918,48.8034286499023,99.3691177368164,99.6016082763672,35.6545333862305,,,,,43.4063813839174,108.617059533248,5.24102402355044,2.48776056578715
2023,Germany,,,100.0,100.0,100.0,,6045.29298751201,46.551906407095,43815458.0,,,,,,,,,,,77.6,,,95.9944093368852,,5.94643667725823
2023,Greece,,,100.0,100.0,100.0,,4534.19835572963,44.8472025218397,4660090.0,,,,,,,,,,,79.08,,190.608142099084,104.739772806189,7.46163429686217,3.46480128513405
2023,Guatemala,,,100.0,100.0,100.0,,,34.1923810732606,7406030.0,4.51509618759155,29.9344348907471,35.8862380981445,,,48.1771545410156,58.0505142211914,3.83277344703674,,,,,,115.065464747778,12.5579875198037,6.20657592272126
2023,Honduras,,,95.6,88.8,100.0,,,34.5981278822418,4213517.0,,30.0116138458252,28.6234855651855,4.06778955459595,4.20787572860718,62.0503273010254,60.5854263305664,,,,,,,123.932316935702,,6.66325180347457
2023,Hungary,,,100.0,100.0,100.0,,4601.66222798432,46.8412470850527,4967071.0,,,,,,,,,,,64.22,,,94.8878644394882,,17.1249659678737
2023,Iceland,,,100.0,100.0,100.0,,50082.7509412761,45.9807994820094,240931.0,,,,,,,,,,,10.33,,81.0578812308369,99.5073082744008,14.9405161504285,8.73630299937298
2023,Indonesia,,,99.4,98.6,100.0,,,39.3298545821011,141349381.0,9.12527942657471,53.4761962890625,59.865291595459,,,81.1035995483398,86.5573501586914,9.52848529815674,,,,,,92.3883560368781,,3.67013142377007
2023,Ireland,,,100.0,100.0,100.0,,6057.7285402065,46.8500211645315,2799495.0,,,,,,,,,,,82.36,,,66.7216734986914,,6.29942487419125
2023,Israel,,,100.0,100.0,100.0,,6622.90142057684,48.3719145475615,4586645.0,,,,,,,,,,,96.52,,,96.3201649301763,9.12834901707753,4.22535211267609
2023,Italy,,,100.0,100.0,100.0,,5049.79576131089,42.730486349025,25810867.0,,,,,,,,,,,76.77,,,98.780639899955,8.9438207443549,5.62219442195901
2023,Japan,,,100.0,100.0,100.0,,,44.9326623132591,69197135.0,,,,,,,,,,,84.82,,,101.546231797474,,3.26813365933163
2023,Kazakhstan,,,100.0,100.0,100.0,,,48.8272366007844,10221158.0,,,,,,,,,,,,,20.8220895673088,92.1429027616659,8.9577841399038,14.7249900200331
2023,Kenya,,,76.2,67.9,96.0,,190.082933008388,47.2066908867942,23184849.0,,,,,,,,,,,19.77,,,105.221325894316,24.2772783373307,7.67139634029402
2023,"Korea, Rep.",,,100.0,100.0,100.0,,11307.6655429113,43.8227480936206,29587631.0,40.9601020812988,85.0460433959961,94.2079696655273,,,96.2300415039062,99.3080444335938,30.4571380615234,,,79.05,,52.2965549034288,99.9553867153918,4.50681533589999,3.5974562502901
2023,Kosovo,,,,,,,,,,,,,,,,,,,,,,,130.670913744709,,4.94432438791283
2023,Kyrgyz Republic,,,100.0,100.0,100.0,,,41.7478012088916,3128651.0,,,,,,,,,,,,,44.0004229803138,136.26249777443,2.34718616530786,10.7532770416742
2023,Latvia,,,100.0,100.0,100.0,,3628.86795618513,49.6514008196484,965292.0,,,,,,100.0,100.0,,,,47.81,,,103.739293968085,1.8642216713619,8.93804623316637
2023,Lebanon,,,100.0,100.0,100.0,,,31.4675450729925,1938966.0,,,,,,,,,,,,,,,,221.341644023365
2023,Lesotho,,,57.3,45.2,85.0,,,44.0619607555944,873908.0,,,,,,,,,,,,,,155.668972562938,,6.34221743124953
2023,Lithuania,,,100.0,100.0,100.0,,4202.90536411076,49.3343153399276,1536989.0,,,,,,,,,,,61.44,,36.9310516393631,96.096192807879,1.41140781851233,9.11731962390475
2023,Luxembourg,,,100.0,100.0,100.0,,11168.4648050058,46.3360857598146,345150.0,,,,,,,,,,,70.39,,,69.1594570958868,0.594591293297237,3.74140361983136
2023,Madagascar,,,39.4,14.6,75.6,,,48.6886290440054,16036576.0,,,,,,,,,,,,,,107.043934441021,,9.87432675044888
2023,Malawi,,,15.6,6.1,57.8,,,49.1082405548294,8334815.0,,,,,,,,,,,,,,,,28.7897428247298
2023,Malaysia,,,100.0,100.0,100.0,,,37.2065920489056,17923168.0,,,,,,,,,,,,,64.3209101553548,94.9005053250616,14.7101686251226,2.48886560125754
2023,Maldives,,,100.0,100.0,100.0,,,22.9725625189835,266679.0,,,,,,,,,,,,,,101.268205785178,,2.92746542425035
2023,Malta,,,100.0,100.0,100.0,,,41.5847517010589,305398.0,,,,,,,,,,,,,,81.9227904037924,3.38642939364714,5.09396758978883
2023,Mauritius,,,100.0,100.0,100.0,,,38.3041446184426,595664.0,,,,,,,,,,,,,,103.961581917495,9.78887697988304,7.05298238454735
2023,Mexico,,,99.7,99.1,100.0,,2412.61431663365,40.0692793435583,60144623.0,,67.9045639038086,67.0553359985352,,,85.0688781738281,86.4555130004883,,,,88.66,,45.2613919277323,105.975650223597,18.5493152744806,5.52796087314389
2023,Moldova,,,100.0,100.0,100.0,,,54.6708431910393,1389353.0,18.3649120330811,97.9607391357422,98.6896514892578,,,99.5803909301758,99.4703140258789,23.1295890808105,,,,,34.6190791884973,124.054802871834,5.61592322277894,13.41701043813
2023,Mongolia,,,100.0,100.0,100.0,,,44.5818995398377,1433842.0,25.2698345184326,94.1747131347656,92.6716690063477,59.3744583129883,60.1385726928711,97.8904342651367,97.2366790771484,37.0463409423828,,,,,,91.4290175988193,,10.3475831314339
2023,Morocco,,,100.0,100.0,100.0,,,22.1869709286409,12350059.0,,,,,,,,,,,,,,108.287240716216,8.01285790687035,6.09114152504141
2023,Nepal,,,94.0,93.4,96.0,,,36.9093183561695,8424737.0,,,,,,,,,,,,,,124.251019385784,,7.11475951738199
2023,Netherlands,,,100.0,100.0,100.0,,6198.03517535853,47.1356860908217,10247550.0,,,,,,,,,,,83.52,,,88.8312933976147,1.66508098936678,3.83839354342808
2023,New Zealand,,,100.0,100.0,100.0,,7941.26093699144,47.4537339222469,3048778.0,,,,,,,,,,,55.44,,,102.869102960908,,5.73316283034957
2023,Nicaragua,,,88.3,71.0,100.0,,,39.3067308227601,3161456.0,,,,,,,,,,,,,,113.270988336478,6.92450959326027,8.38765854872536
2023,Nigeria,,,61.2,32.9,85.0,,,48.4363330380889,110183277.0,,,,,,,,,,,,,,,,24.6595502031139
2023,North Macedonia,,,100.0,100.0,100.0,,,41.3365296442787,797169.0,20.7376480102539,68.3109130859375,76.2166519165039,33.6036529541016,33.1498184204102,93.6641311645508,96.2838287353516,21.3288707733154,,,,,,113.036179366243,,9.36187249769016
2023,Norway,,,100.0,100.0,100.0,,23520.0270164798,47.172438806884,3005240.0,,,,,,,,,,,46.29,,,85.2689944406515,1.03385527254985,5.51784987104659
2023,Pakistan,,,95.6,92.8,100.0,,,22.7358153712894,81926413.0,,,,,,,,,,,,,,107.640439232144,,30.7681280657005
2023,Papua New Guinea,,,20.5,13.4,65.2,,,47.5038008534612,3574855.0,,,,,,,,,,,,,52.3812659719648,,13.9388057554887,2.29869991296791
2023,Paraguay,,,99.8,99.5,100.0,,,41.8940462872589,3448638.0,,,,,,,,,,,,,,97.8934725403797,9.23714257628647,4.63202285403356
2023,Peru,,,96.2,85.1,99.0,,,45.3332232054438,18608668.0,,65.9185638427734,73.87255859375,26.2976608276367,26.3699035644531,82.0098266601562,89.5293045043945,,,,,,,96.7322779629888,,6.45561348369586
2023,Philippines,,,98.0,97.6,98.4,,,41.4784616706064,50352675.0,,,,,,,,,,,,,,114.08923687241,16.4345728844051,5.97802515541409
2023,Poland,,,100.0,100.0,100.0,,4355.69717989739,45.8486429967589,18341629.0,,,,,,99.6583480834961,99.6958389282227,,,,84.61,,,94.2395806691537,5.21673872257117,11.5289127961105
2023,Portugal,,,100.0,100.0,100.0,,5143.13718038671,49.4003807674927,5414853.0,20.8361186981201,64.1178894042969,65.4293899536133,27.5635433197021,22.228946685791,94.5374984741211,97.354736328125,26.6510124206543,,,63.08,,,99.0778176935214,5.49078464014046,4.31128191898672
2023,Romania,,,100.0,100.0,100.0,,,42.3608675530409,8280024.0,,,,,,,,,,,,,,104.785666297301,,10.3971874764996
2023,Russian Federation,,,100.0,100.0,100.0,,,48.8625697448913,73184751.0,,99.3309783935547,99.0782165527344,76.4508590698242,74.5323867797852,100.0,100.0,,,,,,18.9616724306898,93.9733292774238,,
2023,Rwanda,,,63.9,57.9,99.9,,,47.5557355208761,5531930.0,6.24203491210938,20.5178680419922,24.4651737213135,,,80.0146560668945,87.3814315795898,4.21580123901367,,,,,,115.142634802513,7.68293070581152,19.789546746467
2023,Saudi Arabia,,,100.0,100.0,100.0,,,19.3860112616667,16120882.0,28.4633502960205,75.6534576416016,81.5068359375,41.0626411437988,37.1403732299805,88.1825332641602,94.5509948730469,35.9603233337402,,,,,,92.6286070265642,3.11717626441745,2.32708518362692
2023,Senegal,,,74.2,56.5,96.1,,,36.7405628614132,5579313.0,,,,,,,,,,,,,,125.019154074442,12.3194106049545,5.93947798773215
2023,Serbia,,,100.0,100.0,100.0,,,46.2566353226955,3246451.0,17.4752941131592,72.813346862793,81.1883010864258,26.0098705291748,25.3013172149658,98.2494125366211,99.2801666259766,19.7617740631104,,,,,,104.342915347445,,12.3719043552519
2023,Seychelles,,,100.0,100.0,100.0,,,,,,,,,,,,,,,,,,111.217559980224,,-1.03530088431952
2023,Slovak Republic,,,100.0,100.0,100.0,,4577.14944884037,47.0160520414733,2792542.0,,,,,,,,,,,59.47,,,98.4174718405968,,10.5319476645211
2023,Slovenia,,,100.0,100.0,100.0,,6470.29113008916,45.5931855908048,1058463.0,,,,,,,,,,,57.79,,,93.5963398613747,2.89733036045673,7.44687717385838
2023,Solomon Islands,,,81.3,81.3,81.2,,,48.0267609165709,422706.0,,,,,,,,,,,,,,,,5.88585897042164
2023,South Africa,,,87.7,94.0,96.0,,,46.9377224270212,27346329.0,11.1641149520874,76.9785003662109,78.7042617797852,16.2778396606445,14.2619953155518,86.5508728027344,88.6752014160156,13.1484613418579,,,,,,99.2839699259742,,6.0752438457966
2023,Spain,,,100.0,100.0,100.0,,5110.85174105768,46.9448728434836,24199271.0,,,,,,93.2106246948242,95.2223739624023,,,,68.51,,107.25996894973,96.0732124693991,6.37339784488122,3.53236133492433
2023,Sri Lanka,,,100.0,100.0,100.0,,,33.2105214946521,8526051.0,,,,,,,,,,,,,,101.637118365082,79.8744543518094,16.5411742279832
2023,St. Lucia,,,100.0,100.0,100.0,,,46.2978397936871,101981.0,,,,,,,,,,,,,,,,4.07060821926204
2023,Suriname,,,99.6,98.8,100.0,,,41.4825617106603,252347.0,,,,,,,,,,,,,,,,51.5873159600861
2023,Sweden,,,100.0,100.0,100.0,,12121.7102390973,47.364341235668,5669759.0,,,,,,,,,,,24.88,,,96.0228308111222,,8.54862489748902
2023,Switzerland,,,100.0,100.0,100.0,,7095.78533887978,46.8186826023507,5089291.0,45.9148368835449,98.0365600585938,98.3241653442383,,,99.6839752197266,99.6226043701172,36.7342910766602,,,44.47,,20.0953886501017,87.5631845512636,0.950426380119413,2.13540088016377
2023,Tajikistan,,,100.0,100.0,100.0,,,39.7945975713003,2720221.0,,,,,,,,,,,,,,,2.96197047274816,
2023,Tanzania,,,48.3,27.9,82.4,,,48.9705856716908,31951809.0,,,,,,,,,,,,,,103.881419177533,13.2380126605938,3.79923291384916
2023,Thailand,,,100.0,100.0,100.0,,,45.8541326238565,40729354.0,,51.9336051940918,56.7260437011719,23.8868293762207,20.694507598877,71.2167053222656,78.8803329467773,,,,,,61.2356482560744,96.8527351632666,5.71867102914376,1.22802623546169
2023,Timor-Leste,,,100.0,100.0,100.0,,,45.8337758014203,602680.0,,,,,,,,,,,,,,143.446000174334,,8.42035103310377
2023,Togo,,,59.2,30.5,95.0,,,48.0398789969448,3253141.0,,,,,,,,,,,,,,113.61690883173,14.0042496499961,5.48928568141124
2023,Tonga,,,100.0,100.0,100.0,,,44.1697721389355,35153.0,,,,,,,,,,,,,,,1.25540829121458,6.35112980255189
2023,Turkiye,,,100.0,100.0,100.0,,3522.5385379468,33.7733158299225,35554975.0,,,,,,78.4662857055664,94.2785263061523,,,,81.35,,33.1072230203582,102.444933328497,12.9680624489379,53.8594087593315
2023,Uganda,,,51.5,42.4,76.4,,,48.2857414368039,22045945.0,,,,,,,,,,,,,53.1469350748667,103.992427789961,20.8331652860004,5.35094804280395
2023,United Kingdom,,,100.0,100.0,100.0,,4144.03803950256,47.5395837224322,34877594.0,36.4908866882324,99.1117401123047,98.9811477661133,,,99.486213684082,99.5049133300781,37.7587814331055,,,75.54,,138.193489848821,100.560361672615,9.03091696679821,6.79396706793963
2023,United States,,,100.0,100.0,100.0,,12715.9199652795,45.5675715992238,171333247.0,37.4134254455566,97.8671188354492,97.8290481567383,51.0278244018555,47.1489868164062,99.6151351928711,99.6895904541016,39.6601219177246,,,81.59,,114.755553330184,102.876336965263,17.9836824101844,4.11633838374488
2023,Uruguay,,,100.0,100.0,100.0,,,46.7190843951169,1761109.0,,63.2317161560059,59.2935447692871,17.0897464752197,12.1885824203491,93.1510848999023,92.3171081542969,,,,,,62.9774931742993,96.7378878895147,6.62244216838713,5.86910359896119
