Country,Time,GDP (Current $),GDP Growth (Yrly %),GDP per Capita (Current $),Access to clean fuels and technologies for cooking (% of population) ,Access to electricity (% of population) ,"Access to electricity, rural (% of rural population) ","Access to electricity, urban (% of urban population) ",Electric power consumption (kWh per capita) ,"Labor force, female (% of total labor force) ","Labor force, total ","Educational attainment, at least Bachelor's or equivalent, population 25+, male (%) (cumulative) ","Educational attainment, at least completed lower secondary, population 25+, female (%) (cumulative) ","Educational attainment, at least completed lower secondary, population 25+, male (%) (cumulative) ","Educational attainment, at least completed post-secondary, population 25+, female (%) (cumulative) ","Educational attainment, at least completed post-secondary, population 25+, male (%) (cumulative) ","Educational attainment, at least completed primary, population 25+ years, female (%) (cumulative) ","Educational attainment, at least completed primary, population 25+ years, male (%) (cumulative) ","Educational attainment, at least Bachelor's or equivalent, population 25+, female (%) (cumulative) ",Fossil fuel energy consumption (% of total) ,Gross national expenditure (% of GDP) ,Interest payments (% of revenue) ,"Inflation, consumer prices (annual %) "
Albania,2021,18032010564.0,8.969553392,6413.283286,83.6,100.0,100.0,100.0,2509.89982451685,45.0351457227794,1367734.0,16.8917694091797,90.1680679321289,93.6057586669922,,,97.5423355102539,98.1187286376953,19.4729270935059,56.22,113.324263171913,6.50561490957785,2.04147163139545
Albania,2022,19017242586.0,4.826688314,6846.426143,84.6,100.0,100.0,100.0,2507.48013906524,44.9838115488655,1389262.0,18.2386665344238,90.4998779296875,93.8575210571289,,,97.3871002197266,98.3405456542969,21.3606376647949,55.06,110.303936086105,7.32763843345551,6.7252027153006
Albania,2023,23547179830.0,3.936625257,8575.171134,,100.0,100.0,100.0,,44.9944538998128,1376643.0,,,,,,,,,,105.163525308261,7.05727887013296,4.75976421930106
Argentina,2021,486564000000.0,10.44181199,10738.01792,99.9,100.0,100.0,100.0,2942.91077511635,42.4041313742487,20993886.0,,,,,,,,,87.4,96.945271229393,7.83661395979877,
Argentina,2022,632790000000.0,5.269879674,13935.68111,99.9,100.0,100.0,100.0,2833.11909750338,42.9402622703507,21566906.0,,,,,,,,,86.96,98.5299349575039,9.47259379330155,
Argentina,2023,646075000000.0,-1.611001621,14187.48273,,100.0,100.0,100.0,,43.2479806527258,22069879.0,,,,,,,,,,101.708189111569,,
Armenia,2021,13878908629.0,5.800000001,4685.179971,98.0,100.0,100.0,99.9,2262.09364345272,50.9312878898809,1495617.0,27.7017383575439,98.9809951782227,99.3359527587891,56.8300971984863,50.9187088012695,99.7414169311523,99.8019409179688,29.2583923339844,78.22,107.857008842587,10.9441131132779,7.18483629443371
Armenia,2022,19513506553.0,12.6,6571.974455,97.9,100.0,100.0,100.0,2403.67775831874,50.3422841326494,1480203.0,27.8967914581299,99.1247024536133,99.2666320800781,55.4669418334961,50.2793502807617,99.7779769897461,99.6971969604492,28.6064758300781,75.78,100.960817340158,9.85904112142016,8.64091108973855
Armenia,2023,24085749592.0,8.3,8053.010663,,100.0,100.0,100.0,,50.3047810326312,1492711.0,,,,,,,,,,100.810471614034,11.1089311863769,1.98041877615554
Australia,2021,1556740000000.0,2.111168148,60607.77886,100.0,100.0,100.0,100.0,9848.54749458564,47.1749288751872,13821829.0,32.9900016784668,94.5199966430664,94.5800018310547,56.4599990844727,48.1100006103516,99.6800384521484,100.0,38.7999992370605,91.53,96.1890803721506,3.20656117385791,2.86391042204994
Australia,2022,1690860000000.0,4.242385553,64997.01365,100.0,100.0,100.0,100.0,9933.15278973003,47.4388189017502,14188083.0,33.5400009155273,95.0299987792969,95.0199966430664,58.439998626709,49.1100006103516,99.4609680175781,99.5923080444336,40.0200004577637,90.42,94.7585941727542,3.08204640033961,6.59409671341846
Australia,2023,1728060000000.0,3.4419922,64820.91179,,100.0,100.0,100.0,9829.34510394034,47.4234908813432,14593816.0,32.4765777587891,92.3012619018555,93.4535980224609,55.6810340881348,47.4710121154785,99.4464263916016,99.5395355224609,38.907341003418,90.19,95.6266628445504,,5.5970149253731
Austria,2021,480467000000.0,4.795329106,53648.71907,100.0,100.0,100.0,100.0,8381.61025757953,46.7129957870693,4650207.0,16.5626392364502,98.5450592041016,99.0268936157227,32.3056716918945,34.1247978210449,99.9999694824219,99.9999694824219,16.6453037261963,64.9,99.1366789303958,2.492931518597,2.7666666666667
Austria,2022,471774000000.0,5.277894212,52176.66491,100.0,100.0,100.0,100.0,8260.47675415134,46.7976239861348,4715124.0,,98.6379013061523,98.4232788085938,34.7421760559082,34.7317581176758,100.0,100.0,,64.1,100.723954933383,2.1554046097905,8.5468699318845
Austria,2023,511685000000.0,-0.954962367,56033.57379,,100.0,100.0,100.0,7772.32343246828,46.9103936029029,4762160.0,,98.7511596679688,98.6837692260742,36.107967376709,36.0802230834961,100.0,100.0,,62.06,98.1101024815763,2.60985387989499,7.81413417002832
Bangladesh,2021,416272000000.0,6.938679124,2482.849178,26.4,99.0,98.5,99.7,574.118203146015,35.7881798220608,72755656.0,12.789999961853,45.3600006103516,52.0999984741211,13.5799999237061,22.2700004577637,57.0699996948242,64.25,6.92000007629395,82.5,105.676920936264,20.8277384040526,5.54565430773473
Bangladesh,2022,460132000000.0,7.099828776,2716.485927,28.0,99.4,99.2,100.0,602.674747324137,36.5470471565248,74651451.0,10.084264755249,43.232349395752,47.9946060180664,,,61.7735824584961,66.9404983520508,5.0764307975769,83.13,106.822881412177,,7.69695437176898
Bangladesh,2023,437415000000.0,5.77511237,2551.017727,,99.5,99.6,99.5,,36.6680753844261,75834921.0,,,,,,,,,,105.191686003985,,9.8835030377921
Barbados,2021,5275242050.0,-0.25496588,18696.7859,100.0,100.0,100.0,100.0,,50.0043904383008,148049.0,,,,,,,,,,,,
Barbados,2022,6257303500.0,17.83286303,22164.02603,100.0,100.0,100.0,100.0,,49.6552005549435,147042.0,,,,,,,,,,,,
Barbados,2023,6720733200.0,4.09382011,23804.02499,,100.0,100.0,100.0,,49.9773073666384,147625.0,,,,,,,,,,,,9.79207077126447
Belgium,2021,598494000000.0,6.202554016,51655.78833,100.0,100.0,100.0,100.0,7680.00193333532,46.6328440425,5217415.0,36.651912689209,87.8339614868164,90.726936340332,42.4268569946289,39.0090293884277,96.453498840332,97.2008895874023,40.3261184692383,67.18,98.1310935941277,3.8028487616935,2.44024851144084
Belgium,2022,593439000000.0,4.233431834,50807.20471,100.0,100.0,100.0,100.0,7282.40331295413,46.8267617902964,5320795.0,37.4228248596191,88.3022537231445,90.955207824707,43.1228790283203,39.7613945007324,96.2443695068359,97.0625991821289,41.2547912597656,67.09,101.460685561862,3.31026343382765,9.597511728725
Belgium,2023,644783000000.0,1.251700632,54700.90932,,100.0,100.0,100.0,6756.77796580304,46.7787908614179,5367441.0,,,,,,,,,69.34,100.599627113335,,4.04901077613941
Bolivia,2021,40406111695.0,6.111372752,3384.844865,88.3,98.6,95.1,100.0,833.601399304369,45.7917932047678,6426918.0,16.2212467193604,58.4099998474121,69.5199966430664,27.6095085144043,27.1238498687744,64.0800018310547,75.1699981689453,16.356761932373,84.13,103.37070474402,,0.737383721452275
Bolivia,2022,44008282878.0,3.605680383,3643.92827,89.1,99.9,95.6,100.0,859.308409911805,45.9980896785561,6569575.0,16.194803237915,56.266300201416,66.4788360595703,30.0802001953125,28.9136924743652,69.5967788696289,81.6292343139648,17.5617389678955,84.84,102.532789066883,,1.74632872945969
Bolivia,2023,45135398009.0,3.081965241,3686.279965,,99.8,99.6,99.9,,46.0812854419781,6702504.0,17.4798278808594,57.3912811279297,67.7566680908203,,30.1847171783447,69.9913635253906,82.5701675415039,18.251895904541,,105.393759328364,,2.57688800489192
Bosnia and Herzegovina,2021,23672712242.0,7.38996234,7295.343824,40.9,100.0,100.0,100.0,3835.85723720279,41.781557149456,1370363.0,11.3161611557007,61.6673622131348,82.3170852661133,19.2820777893066,17.8988666534424,85.3159103393555,95.8196868896484,12.0636463165283,79.95,113.600640934544,1.51220444054424,1.98163900587622
Bosnia and Herzegovina,2022,24534663636.0,4.226811011,7655.59421,41.1,100.0,100.0,100.0,3772.15191453325,41.8930401136452,1355798.0,11.8900003433228,86.1900024414062,96.1999969482422,15.1499996185303,15.1300001144409,92.5999984741211,98.3000030517578,12.6700000762939,78.81,113.539033702049,1.47421825812242,14.0208440826771
Bosnia and Herzegovina,2023,27514782476.0,2.211124472,8638.666202,,100.0,100.0,100.0,,42.4571473743846,1366194.0,10.8658266067505,63.0877456665039,82.0562591552734,20.1759243011475,18.240665435791,86.7958679199219,96.2983932495117,11.6607990264893,,114.101310556985,2.01260988789197,6.1059011284828
Botswana,2021,18750946600.0,11.92063651,7808.20624,65.4,73.7,25.0,93.1,1455.7925845357,46.2925139863245,1036012.0,9.36865234375,69.9438781738281,72.5497207641602,29.1568965911865,30.3034534454346,90.0067291259766,88.1280517578125,8.30223751068115,66.27,102.195108664477,1.70232678290708,7.24097765588442
Botswana,2022,20321958850.0,5.486028178,8329.040322,66.0,75.9,25.0,95.5,1522.19852354121,46.6250638214801,1065472.0,9.25415325164795,69.2225341796875,70.92333984375,29.2117595672607,30.71120262146,89.7554168701172,89.1276550292969,9.74098491668701,66.7,95.256192210626,2.18057642885417,11.665567478802
Botswana,2023,19396084498.0,2.73379817,7820.232404,,76.0,25.0,97.7,,46.7765184777595,1146757.0,10.0491437911987,71.3804473876953,72.5911178588867,29.4269771575928,32.0718688964844,90.8038482666016,88.981689453125,9.29792785644531,,102.206982230167,,5.0676154934383
Brazil,2021,1670650000000.0,4.762604379,7972.53665,96.5,99.5,97.3,99.8,2723.96659104663,43.0075756040014,104085430.0,,67.4000015258789,64.9700012207031,,,86.5699996948242,85.4499969482422,,53.72,99.4374700132333,23.935768122229,8.30165975585673
Brazil,2022,1951920000000.0,3.016694354,9281.333344,96.5,100.0,97.3,100.0,2787.76089640442,43.4208190589127,106610573.0,,67.870002746582,65.0199966430664,,,86.4300003051758,85.120002746582,,51.04,99.5545359694656,25.8537229370519,9.28010608956873
Brazil,2023,2173670000000.0,2.908480487,10294.86668,,99.8,99.0,99.9,2916.48609397384,43.3245861425663,106356432.0,,69.9547119140625,67.5517501831055,,,86.1259841918945,84.0486679077148,,49.35,97.6333877496451,30.8390881041646,4.59356282283204
Bulgaria,2021,84417951261.0,7.780614814,12274.0776,,99.8,99.5,99.9,5261.46440772794,46.1755006342007,3252125.0,22.2995719909668,95.1631698608398,96.7388916015625,30.1665000915527,22.6712970733643,98.9873733520508,99.3213653564453,29.8617286682129,65.86,97.5160399961702,1.32799708932145,3.29774435299515
Bulgaria,2022,90642851836.0,4.038777583,13644.20158,,100.0,99.6,100.0,5387.96542212904,46.5604115763303,3217289.0,22.1036491394043,95.7140884399414,97.1052017211914,30.5550937652588,22.5017166137695,99.0603713989258,99.2939758300781,30.2848815917969,68.8,98.8859665999234,1.00199456087962,15.3252589264366
Bulgaria,2023,102408000000.0,1.886814839,15885.53913,,100.0,100.0,100.0,,46.7902525629092,3131695.0,,,,,,,,,,95.897488942343,1.33562637850456,9.44284140088564
Burkina Faso,2021,19697516284.0,6.942524926,895.5352884,15.8,19.0,,67.6,129.709864992171,44.462168837473,6176046.0,3.9516499042511,7.78822994232178,16.0786800384521,,,16.136360168457,27.6204204559326,1.17656004428864,24.89,96.8262116284175,8.62379397927597,3.65353287214209
Burkina Faso,2022,18820218691.0,1.497239741,836.1183046,17.2,19.5,3.4,60.5,131.191746177691,44.3312480834503,6091676.0,3.08928656578064,10.0773801803589,16.5051612854004,1.2442010641098,3.54773354530334,18.5023212432861,32.9421081542969,1.12409460544586,24.03,101.354188147324,8.62113509852307,14.2902354303358
Burkina Faso,2023,20324617845.0,2.960181474,882.6898101,,21.7,,,,44.3404027633015,6287117.0,3.28579998016357,7.32211780548096,12.996654510498,3.0525643825531,7.01173877716064,14.5982427597046,23.6655311584473,1.44820284843445,,107.097730096299,,0.742910428668841
Cambodia,2021,36790163687.0,3.089842841,2167.403242,47.2,82.5,77.1,98.9,725.390524089204,48.2283721430601,9341945.0,6.1717700958252,16.44873046875,29.0128993988037,4.16995286941528,7.72569990158081,35.2416610717773,52.8918418884277,3.23664999008179,55.82,99.7543374472379,1.85235096785957,2.92073477592949
Cambodia,2022,39994532960.0,5.103368887,2325.0305,53.5,92.3,88.0,99.0,813.232441120437,48.0629233888112,9572466.0,,,,,,,,,54.93,100.512003543664,,5.34370264895437
Cambodia,2023,42335646896.0,4.960066589,2429.748535,,95.0,93.4,99.5,,48.025143580142,9740379.0,,,,,,,,,,99.6994048931773,,2.12746796594194
Canada,2021,2007470000000.0,5.286956891,52496.84417,100.0,100.0,100.0,100.0,14782.8716127233,47.0485134191502,21005652.0,27.6700000762939,95.6152420043945,96.2860412597656,62.9199981689453,61.4599990844727,95.6152420043945,96.2860412597656,30.8999996185303,76.34,99.9745741467541,5.21937669967861,3.39519318527528
Canada,2022,2161480000000.0,3.819866339,55509.39318,100.0,100.0,100.0,100.0,14591.314180806,47.3471242301123,21456376.0,30.7867393493652,95.9839477539062,96.2347412109375,68.6005935668945,65.8976440429688,95.9839477539062,96.2347412109375,33.855339050293,76.91,99.8449146177304,6.14076007081138,6.80280115341613
Canada,2023,2142470000000.0,1.248927304,53431.18571,,100.0,100.0,100.0,14148.3211494028,47.3398738770956,22197237.0,31.2949733734131,96.0787582397461,96.529296875,69.2165908813477,66.8202056884766,96.0787582397461,96.529296875,34.4267082214355,76.78,100.438395098439,7.43937006784603,3.87900159788426
Chile,2021,315515000000.0,11.33395707,16216.57065,100.0,100.0,100.0,100.0,4306.7208858565,40.920646423243,9171143.0,20.3219699859619,85.0017929077148,88.0690612792969,27.8540439605713,28.0212020874023,90.967399597168,92.8306655883789,18.9309692382812,70.71,100.891280249983,3.54372318434982,4.52456838259144
Chile,2022,302117000000.0,2.058740081,15451.13196,100.0,100.0,100.0,100.0,4422.38228375379,42.0657679545945,9670728.0,21.0626277923584,83.1999969482422,86.1100006103516,28.1240940093994,28.6751441955566,89.7600021362305,91.4800033569336,19.5457077026367,70.08,103.957566068883,3.81839448820788,11.643866711056
Chile,2023,335533000000.0,0.218780667,17067.81362,,100.0,100.0,100.0,4240.07831593276,42.7080676987401,9991796.0,22.1902008056641,85.9587631225586,88.4657974243164,30.2899608612061,29.9828987121582,91.4278717041016,93.0600357055664,20.9349632263184,66.66,98.6936209445554,4.62593321269895,7.58168251407962
China,2021,17820500000000.0,8.448469417,12617.5051,85.9,100.0,100.0,100.0,5847.80226004701,45.114320356218,781187865.0,,,,,,,,,87.16,97.0620027287315,3.4419404251668,0.981015135544882
China,2022,17881800000000.0,2.95066993,12662.58267,87.8,100.0,100.0,100.0,6112.13553560996,45.0507108837416,770113477.0,,,,,,,,,86.72,96.5881911119158,,1.97357555739051
China,2023,17794800000000.0,5.249557864,12614.06174,,100.0,100.0,100.0,,45.0819446527757,774607590.0,,,,,,,,,,97.7167870019781,,0.234836828893051
Colombia,2021,318525000000.0,10.80119819,6222.621644,93.1,100.0,100.0,100.0,1569.1710661367,41.0345266672094,25915910.0,,59.2900009155273,56.6599998474121,,,81.7099990844727,80.3499984741211,,76.07,107.66513448384,12.7782491036127,3.49505757399448
Colombia,2022,345330000000.0,7.288883887,6674.596019,93.6,100.0,100.0,100.0,1548.65063830136,41.1994721378583,25830229.0,15.8202447891235,61.2900009155273,58.8600006103516,28.1619262695312,24.6931610107422,82.3499984741211,80.8499984741211,16.5422592163086,73.8,107.609177087082,15.4737835773436,10.1772313546166
Colombia,2023,363494000000.0,0.610409566,6947.359287,,98.7,94.8,100.0,,41.5531535933636,26490194.0,15.9245853424072,62.1794776916504,59.7525825500488,28.6159324645996,25.2227935791016,82.8813934326172,81.5824127197266,16.9652328491211,75.26,104.819206617919,13.8179876064218,11.7359044948689
"Congo, Dem. Rep.",2021,55328482784.0,6.200154011,558.0340773,4.3,20.8,1.0,43.8,133.667602188594,48.1367974074203,35154175.0,,,,,,,,,2.86,99.7096522903166,0.557011168639761,
"Congo, Dem. Rep.",2022,65801547620.0,8.924447626,642.6122658,4.3,21.5,1.0,45.3,130.667931495784,48.3032581586622,36183996.0,,,,,,,,,3.97,102.73276735231,0.514036894677786,
"Congo, Dem. Rep.",2023,66383287003.0,8.560862509,627.5021817,,22.1,1.0,55.6,,48.4121572363674,37296766.0,,,,,,,,,,102.769285406614,,
Costa Rica,2021,64960725734.0,7.935762247,12838.11854,96.2,100.0,100.0,99.8,2111.26982909841,41.4550240016251,2490873.0,,50.189998626709,48.0800018310547,,,83.75,83.7600021362305,,50.17,98.4289282487777,16.0641742418659,1.72647755109241
Costa Rica,2022,69243626029.0,4.55149178,13625.90085,96.4,100.0,100.0,100.0,2125.2458545407,41.6819368958279,2504874.0,,51.2799987792969,48.7799987792969,19.9728775024414,17.1105937957764,83.7799987792969,84.0199966430664,,50.71,97.4171403066588,15.2927261286011,8.27477490232654
Costa Rica,2023,86497941439.0,5.111921832,16942.02681,,100.0,100.0,100.0,2067.75992674603,39.5460198659567,2340587.0,,52.1040725708008,52.9080810546875,20.8385334014893,18.2981643676758,85.8396224975586,86.4324188232422,,51.55,94.6407350098788,15.8726448263341,0.525193508693455
Cote d'Ivoire,2021,72794636654.0,7.063329102,2455.981276,40.3,71.1,45.2,94.9,308.099910201629,42.7302232194757,11440310.0,6.69000005722046,20.0100002288818,32.6800003051758,6.76000022888184,12.3900003433228,25.7800006866455,38.9900016784668,3.07999992370605,35.9,100.521497102363,14.8113398704174,4.09195189692863
Cote d'Ivoire,2022,70173140101.0,6.217850913,2308.706547,42.6,72.0,45.3,95.0,323.704535370651,42.950064628661,11882499.0,6.70274448394775,17.9306621551514,33.9326934814453,4.91649055480957,10.1925811767578,36.8502960205078,53.1010208129883,3.06490612030029,37.58,104.377934441899,17.4439105528207,5.27616724262846
Cote d'Ivoire,2023,78875489245.0,6.2,2530.846593,,72.4,48.0,93.9,,43.0860814631414,12216126.0,,,,,,,,,,103.534001642215,18.0465156613231,4.38711707003279
Croatia,2021,69006802299.0,12.63170033,17789.93047,100.0,100.0,100.0,100.0,4506.59593331341,46.0777956544586,1724158.0,16.9339694976807,93.0956039428711,97.1693420410156,24.4859180450439,21.0686283111572,98.8520202636719,99.5971450805664,20.7776508331299,66.42,102.749020069014,4.45653656154736,2.55450699642041
Croatia,2022,71198635102.0,7.287936432,18466.09555,100.0,100.0,100.0,100.0,4475.52041281852,46.6235086140876,1740579.0,16.84619140625,93.5088195800781,97.4888687133789,24.6147575378418,20.6884708404541,99.0373687744141,99.5650177001953,21.03955078125,67.97,106.219914563597,3.84002783469285,10.7805806758686
Croatia,2023,84393795502.0,3.302544881,21865.45628,,100.0,100.0,100.0,,47.1955355395009,1731721.0,,,,,,,,,,101.832600858672,4.19525733263229,7.9412817758683
Cyprus,2021,30372874320.0,11.38776336,33734.29297,100.0,100.0,100.0,100.0,3716.66784330783,44.6115472185408,735675.0,32.0868949890137,82.9875640869141,86.3962631225586,45.0436592102051,40.224536895752,96.096794128418,97.9654235839844,31.5051383972168,86.87,95.3121101672452,4.2117025800263,2.44608867175474
Cyprus,2022,30976176887.0,7.365622524,33938.94531,100.0,100.0,100.0,100.0,3848.66716239663,45.1110155759119,755975.0,33.120246887207,84.1147155761719,87.7553024291992,45.5157012939453,41.2710800170898,96.4546127319336,98.4479675292969,33.2054138183594,86.5,96.7805004677601,3.27726419684437,8.39548297993334
Cyprus,2023,33886930712.0,2.611900909,36551.41797,,100.0,100.0,100.0,,45.8560199111408,766606.0,,,,,,,,,,98.7492688654103,2.94038103251397,3.54134188751663
Czechia,2021,290973000000.0,4.029018306,27696.46195,100.0,100.0,100.0,100.0,6690.60779160256,44.2875704230524,5242069.0,22.1672801971436,99.86962890625,99.8209838867188,60.0756683349609,53.9228401184082,99.8981781005859,99.8424377441406,23.4922466278076,70.25,96.2780260171804,2.31247683033459,3.83984491500146
Czechia,2022,301831000000.0,2.847170657,28282.22367,100.0,100.0,100.0,100.0,6362.84194009099,44.5102091513833,5369986.0,20.9231128692627,98.9953002929688,99.3919219970703,23.555025100708,22.094482421875,99.0271682739258,99.4170913696289,21.0210075378418,70.25,99.1926378237789,3.39431675553378,15.1001651468371
Czechia,2023,343208000000.0,-0.085330276,31591.17707,,100.0,100.0,100.0,5987.64253672804,44.961420801193,5536144.0,,,,,,,,,67.78,95.0054190052001,,10.6612601372426
Denmark,2021,408378000000.0,7.38206629,69727.98737,100.0,100.0,100.0,100.0,6160.08959261076,46.926476353051,3079023.0,28.028263092041,90.3643493652344,92.3938293457031,40.9418563842773,33.0449676513672,98.4768218994141,99.3467864990234,36.720703125,53.53,93.7631958881996,1.00067624992885,1.8530454398968
Denmark,2022,401946000000.0,1.540173107,68091.31911,100.0,100.0,100.0,100.0,5870.02927476145,47.422413469915,3147518.0,27.4220237731934,90.9987258911133,92.4892196655273,42.1445960998535,32.6030693054199,98.5132064819336,99.3477935791016,37.8423385620117,54.36,90.4462114493322,1.64048292956573,7.6965669988926
Denmark,2023,407092000000.0,2.495184331,68453.87693,,100.0,100.0,100.0,5929.08770745081,47.4749172110428,3189737.0,,,,,,,,,50.01,91.849280677718,1.20740375161758,3.30517811237606
Dominican Republic,2021,94243425938.0,12.27199023,8472.47982,92.4,98.1,94.8,98.8,1714.48205578904,40.977308174364,5099149.0,9.1821174621582,67.5100021362305,64.2300033569336,16.3688220977783,9.32167625427246,74.7699966430664,73.6900024414062,16.2368927001953,88.12,109.229462908226,18.9576345146679,8.24300347981809
Dominican Republic,2022,113537000000.0,4.858324036,10109.5234,92.8,98.1,94.5,98.8,1716.80675546229,40.4954283080281,5169749.0,13.0046367645264,67.0899963378906,64.7300033569336,21.8664379119873,13.0046367645264,74.9400024414062,73.5800018310547,21.7484226226807,89.36,110.106062478081,17.7800326047216,8.81109209279587
Dominican Republic,2023,121444000000.0,2.360615687,10717.62767,,99.6,98.2,100.0,,41.4195355812785,5323558.0,14.1213474273682,62.3327674865723,58.6597557067871,22.8200836181641,,68.7390213012695,66.1941833496094,22.7450523376465,,107.337819927212,,4.78561281021135
El Salvador,2021,29043140000.0,11.9047617,4642.607431,92.9,97.9,94.1,99.2,1070.6894837448,41.1724379863454,2739437.0,,44.5499992370605,50.5800018310547,22.445556640625,24.9879684448242,59.3699989318848,66.1100006103516,,51.37,124.28211963307,11.074827718446,3.46692585313082
El Salvador,2022,31988920000.0,2.799552169,5093.518339,93.8,100.0,100.0,100.0,1109.9754646221,41.254651042229,2806629.0,,46.1100006103516,52.2000007629395,23.5008087158203,26.257417678833,60.8300018310547,67.5999984741211,,55.46,124.824626777022,11.182101706662,7.19861615609867
El Salvador,2023,34015620000.0,3.510977066,5391.069262,,98.3,96.6,99.4,,41.4810072960322,2854017.0,7.38000011444092,46.439998626709,52.75,,,61.2799987792969,68.6800003051758,7.17999982833862,,118.67045198647,13.0279080903743,4.04554694222477
Estonia,2021,37204563051.0,7.154447483,27953.76702,100.0,100.0,100.0,100.0,6644.21623343642,48.7800056882821,703200.0,26.1854763031006,98.7935333251953,99.1004333496094,55.4591331481934,38.1158103942871,99.8661193847656,99.7669143676758,36.5166091918945,65.31,100.61480647401,0.193777037421066,4.65316673847473
Estonia,2022,38376046175.0,0.060427832,28451.14778,100.0,100.0,100.0,100.0,6464.07283295276,49.2223042303986,735699.0,26.5803070068359,98.7294769287109,98.6773529052734,57.6844253540039,39.1564102172852,99.9087219238281,99.8532104492188,37.9452514648438,69.95,100.466270365303,0.298587881373055,19.3982634080616
Estonia,2023,41291245222.0,-3.023035841,30133.30445,,100.0,100.0,100.0,5749.16477290142,49.5386635672625,755414.0,,,,,,,,,60.93,101.838703520239,0.954794520547945,9.15922507983982
Fiji,2021,4305031631.0,-4.881036056,4696.171019,54.0,92.1,86.8,96.0,,34.1278206295214,375714.0,10.7870397567749,66.0850296020508,61.269401550293,,,91.4405822753906,90.9204788208008,9.27676963806152,,127.218552180626,17.1738754944798,0.155855722131516
Fiji,2022,4969503561.0,19.79272669,5405.030074,56.1,92.0,86.8,97.6,,34.1377104871349,381496.0,,,,,,,,,,121.369134299383,17.1372744769299,4.52019266394958
Fiji,2023,5442046565.0,7.524290882,5888.736686,,99.3,98.3,100.0,,34.1776130374588,384983.0,,,,,,,,,,,16.8323588300452,2.14817440623896
Finland,2021,294223000000.0,2.734713486,53099.13514,100.0,100.0,100.0,100.0,15646.5861772306,47.6190425169066,2799945.0,25.5287227630615,89.533576965332,89.6693954467773,43.3006172180176,34.1927490234375,99.9518203735352,99.9171981811523,30.7561550140381,36.31,99.9344760495892,1.22108861706105,2.19457432340007
Finland,2022,280242000000.0,1.450048073,50438.4754,100.0,100.0,100.0,100.0,14749.7185978813,48.2149419948379,2846126.0,26.3623390197754,91.5996780395508,91.6049041748047,43.7371673583984,35.049503326416,99.9628982543945,99.9635696411133,31.1477546691895,35.74,102.333122905112,1.30450765516488,7.12350773301402
Finland,2023,295532000000.0,-1.163962815,52925.68976,,100.0,100.0,100.0,14352.4852025758,48.5290609440681,2863035.0,,,,,,,,,32.66,100.289770232694,2.08793277541031,6.25064322154763
France,2021,2966430000000.0,6.882337866,43725.09995,100.0,100.0,100.0,100.0,6942.44523564921,48.4182420961172,31181921.0,22.7441635131836,89.2709808349609,92.3115081787109,37.3554992675781,34.4482879638672,100.0,100.0,23.1135864257812,47.34,101.212382764451,3.07667323376769,1.64233141038385
France,2022,2796300000000.0,2.570840474,41082.81193,100.0,100.0,100.0,100.0,6677.39513463708,48.3939653638397,31537676.0,22.3946876525879,85.4513473510742,89.4875183105469,36.3566551208496,33.8793907165527,95.3553695678711,96.8025894165039,22.7038650512695,49.71,102.782805830307,4.1510830155335,5.22236748369735
France,2023,3051830000000.0,0.936487503,44690.93454,,100.0,100.0,100.0,6456.64409937944,48.5065304788837,31618891.0,23.9088401794434,90.5102844238281,92.8295288085938,39.0496368408203,35.6301803588867,100.0,100.0,24.7607326507568,46.47,101.999493632245,3.77583730635875,4.87835726508441
Georgia,2021,18853115589.0,10.64423366,5083.606955,90.9,100.0,100.0,99.9,3604.85464904641,47.7425465749264,1774721.0,33.4094123840332,98.0827102661133,98.7290191650391,55.4708709716797,48.9546508789062,99.4456024169922,99.5731201171875,34.8414726257324,75.86,116.252415848758,5.18531948509415,9.56691433824769
Georgia,2022,24984568960.0,10.95853214,6729.846599,92.2,100.0,100.0,100.0,3682.96097887624,47.7040839846388,1843861.0,32.8199996948242,98.2200012207031,98.6900024414062,57.9300003051758,49.4500007629395,99.2300033569336,99.5,35.0099983215332,78.88,109.737760225089,3.8975768505699,11.8981654203198
Georgia,2023,30777833585.0,7.832201215,8283.669602,,100.0,100.0,100.0,,47.7394296064502,1850617.0,33.1935043334961,98.2348785400391,98.7013473510742,57.8974723815918,48.8034286499023,99.3691177368164,99.6016082763672,35.6545333862305,,108.617059533248,5.24102402355044,2.48776056578715
Germany,2021,4348300000000.0,3.669999862,52265.65416,100.0,100.0,100.0,100.0,6582.54587433797,46.4180323865489,43283278.0,33.4534606933594,93.1566390991211,93.9384689331055,37.3850593566895,41.559196472168,98.6864624023438,99.3337097167969,24.8310642242432,77.03,94.8414507433781,0.976158361457174,3.06666666666673
Germany,2022,4163600000000.0,1.369731055,49686.11546,100.0,100.0,100.0,100.0,6285.24659632329,46.4924273526033,43953915.0,33.3114166259766,93.5915908813477,94.3460388183594,38.3714904785156,42.1183280944824,98.6710815429688,99.3392486572266,25.3061943054199,78.47,97.5030919230623,1.47665269641737,6.87257438551097
Germany,2023,4525700000000.0,-0.26643841,54343.22651,,100.0,100.0,100.0,6045.29298751201,46.551906407095,43815458.0,,,,,,,,,77.6,95.9944093368852,,5.94643667725823
Greece,2021,218304000000.0,8.654497853,20654.7002,100.0,100.0,100.0,100.0,4997.1582541623,44.7207604950818,4573547.0,29.085132598877,72.2298202514648,79.2744293212891,36.1804122924805,36.448543548584,95.9393463134766,97.9271926879883,27.3331069946289,81.81,107.491838597389,5.64754145062959,1.22382501019854
Greece,2022,218881000000.0,5.74364919,20971.83493,100.0,100.0,100.0,100.0,4827.78285698736,44.5980913157269,4659964.0,29.5211448669434,73.8031158447266,80.3933029174805,36.8578643798828,36.2710723876953,96.4578399658203,98.248046875,28.3811092376709,81.71,109.639438339911,5.43904586568478,9.64525981280632
Greece,2023,243498000000.0,2.332123883,23400.72788,,100.0,100.0,100.0,4534.19835572963,44.8472025218397,4660090.0,,,,,,,,,79.08,104.739772806189,7.46163429686217,3.46480128513405
Guatemala,2021,86478835636.0,8.033267715,4913.947129,45.0,97.9,98.1,97.6,784.094234500942,33.1894370163203,6800730.0,,32.9715232849121,29.3028564453125,,,48.5837097167969,58.5747566223145,,35.64,113.998060791921,13.4309783450153,4.26105127422813
Guatemala,2022,95630524813.0,4.200155889,5358.089638,46.2,99.1,98.1,97.7,669.883594558613,34.2589418462758,7234412.0,6.92779016494751,30.2276496887207,36.698558807373,,,47.637321472168,58.9688415527344,4.68416023254395,34.57,116.537510708073,12.6698683066773,6.88512823344287
Guatemala,2023,104450000000.0,3.526792142,5762.821746,,100.0,100.0,100.0,,34.1923810732606,7406030.0,4.51509618759155,29.9344348907471,35.8862380981445,,,48.1771545410156,58.0505142211914,3.83277344703674,,115.065464747778,12.5579875198037,6.20657592272126
Honduras,2021,28144331507.0,12.56528438,2735.147515,49.4,94.1,85.7,100.0,780.475801605792,39.6571539326702,4395792.0,,,34.892276763916,4.17710208892822,4.37380313873291,61.932975769043,61.4457244873047,,53.21,124.641846740067,,4.48087963413445
Honduras,2022,31426041807.0,4.14356194,3003.289968,50.1,94.4,86.8,100.0,757.081126374635,37.9880179599849,4588868.0,,37.9296455383301,34.2619361877441,4.42104053497314,4.17713403701782,64.4768600463867,63.3841171264648,,54.72,127.820135333071,,9.08963911525025
Honduras,2023,34400509852.0,3.582603626,3231.657245,,95.6,88.8,100.0,,34.5981278822418,4213517.0,,30.0116138458252,28.6234855651855,4.06778955459595,4.20787572860718,62.0503273010254,60.5854263305664,,,123.932316935702,,6.66325180347457
Hungary,2021,182110000000.0,7.06122061,18755.10235,100.0,100.0,100.0,100.0,4719.10549768272,46.4925550424846,4912251.0,23.6860294342041,98.0978240966797,98.9972076416016,33.3396110534668,30.0965156555176,99.5860061645508,99.6969757080078,27.7006206512451,67.9,99.8059975643138,6.06394341980823,5.11096534382855
Hungary,2022,177006000000.0,4.583407673,18353.29836,100.0,100.0,100.0,100.0,4680.96591412799,46.6359875339445,4938210.0,23.9416580200195,98.2849807739258,99.1145858764648,32.8752708435059,29.9732608795166,99.6695404052734,99.7351455688477,28.0614147186279,66.04,104.440373724147,7.13723096058085,14.6081439492433
Hungary,2023,212389000000.0,-0.907685956,22141.86698,,100.0,100.0,100.0,4601.66222798432,46.8412470850527,4967071.0,,,,,,,,,64.22,94.8878644394882,,17.1249659678737
Iceland,2021,25825287184.0,5.254209753,69325.90783,100.0,100.0,100.0,100.0,51135.5095028455,45.9563416102738,222546.0,28.4871559143066,99.8702087402344,99.8419494628906,47.5507850646973,43.5365676879883,99.8702087402344,99.8419494628906,40.1043319702148,11.11,101.728096355834,12.3594773915544,4.44423970189739
Iceland,2022,28770206627.0,8.992507613,75314.08556,100.0,100.0,100.0,100.0,51258.7597479601,46.2567132809909,232189.0,26.9119701385498,99.8759155273438,99.5827331542969,50.3665313720703,41.2423667907715,99.8759155273438,99.5827331542969,41.94775390625,11.69,100.139350030153,16.3468153902564,8.3087551155892
Iceland,2023,31325116556.0,5.03717944,79636.95486,,100.0,100.0,100.0,50082.7509412761,45.9807994820094,240931.0,,,,,,,,,10.33,99.5073082744008,14.9405161504285,8.73630299937298
Indonesia,2021,1186510000000.0,3.702885628,4287.17314,87.2,99.2,98.2,99.9,1028.37477325366,39.6300377739763,135672770.0,9.42133045196533,53.6630058288574,60.4325675964355,12.7075433731079,11.6570901870728,82.3444213867188,87.5258026123047,9.54952239990234,75.94,96.324627286146,,1.56012990525673
Indonesia,2022,1319080000000.0,5.307419348,4730.745489,89.1,100.0,98.2,100.0,1257.23679274733,39.3159431716515,139637843.0,9.29591655731201,53.7340621948242,59.6842193603516,12.7986068725586,11.4243383407593,80.4424362182617,86.0196762084961,9.66471767425537,77.18,90.4753313272083,,4.20946383402165
Indonesia,2023,1371170000000.0,5.048105771,4876.314327,,99.4,98.6,100.0,,39.3298545821011,141349381.0,9.12527942657471,53.4761962890625,59.865291595459,,,81.1035995483398,86.5573501586914,9.52848529815674,,92.3883560368781,,3.67013142377007
Ireland,2021,531307000000.0,16.25561324,105561.1375,100.0,100.0,100.0,100.0,6167.09489299375,46.3698521586657,2568091.0,36.2288970947266,90.1366958618164,89.5482711791992,62.0939750671387,56.9747886657715,98.5882720947266,99.2185897827148,39.1772079467773,86.58,58.3804319620943,3.41260597010586,2.34034113447044
Ireland,2022,548570000000.0,8.619503552,106194.7559,100.0,100.0,100.0,100.0,6125.9848616838,46.7037141878101,2684840.0,35.8504524230957,90.3994903564453,89.8707504272461,62.438060760498,57.7087020874023,98.7630996704102,99.2401504516602,38.6128883361816,85.84,58.1563959550143,2.9595615709144,7.82945736434105
Ireland,2023,551395000000.0,-5.530007361,103887.8004,,100.0,100.0,100.0,6057.7285402065,46.8500211645315,2799495.0,,,,,,,,,82.36,66.7216734986914,,6.29942487419125
Israel,2021,489708000000.0,9.343907746,52255.61591,100.0,100.0,100.0,100.0,6809.86832276928,47.9767338247108,4275735.0,33.7175941467285,90.4493942260742,92.6890487670898,52.1569938659668,44.957332611084,95.2164077758789,97.4428939819336,40.4751586914062,97.42,96.9987396334208,8.17542767848765,1.51020047690539
Israel,2022,525000000000.0,6.470371502,54930.72616,100.0,100.0,100.0,100.0,6842.79361757782,47.9982592488041,4467037.0,34.1323280334473,90.7246170043945,92.7145004272461,53.3553161621094,45.3978424072266,95.46875,97.5426788330078,41.732250213623,97.3,97.5607384359967,9.7586771351396,4.39359665912654
Israel,2023,513611000000.0,2.42300691,52642.42675,,100.0,100.0,100.0,6622.90142057684,48.3719145475615,4586645.0,,,,,,,,,96.52,96.3201649301763,9.12834901707753,4.22535211267609
Italy,2021,2179210000000.0,8.931062066,36852.54254,100.0,100.0,100.0,100.0,5290.22854904133,42.4567789364276,25032297.0,14.694278717041,79.2322387695312,85.9351348876953,19.3520317077637,15.7796039581299,96.7913513183594,98.3558959960938,17.7843914031982,78.28,97.9587653216481,8.44362371964955,1.87378325762481
Italy,2022,2103000000000.0,4.661762651,35635.74422,100.0,100.0,100.0,100.0,5215.69012140866,42.5871899007398,25351560.0,14.7746381759644,79.7553558349609,86.1860198974609,19.5974864959717,15.9528474807739,96.9105377197266,98.4543991088867,18.0897102355957,78.73,101.819148787547,10.1440708273473,8.20128991161718
Italy,2023,2300940000000.0,0.697632994,39003.3161,,100.0,100.0,100.0,5049.79576131089,42.730486349025,25810867.0,,,,,,,,,76.77,98.780639899955,8.9438207443549,5.62219442195901
Japan,2021,5034620000000.0,2.559320239,40058.53733,100.0,100.0,100.0,100.0,7959.55856479318,44.3721839870396,68671337.0,,,,,,,,,86.74,100.520530016573,,-0.233352779398264
Japan,2022,4256410000000.0,0.954736938,34017.27181,100.0,100.0,100.0,100.0,7803.26941727044,44.6509599869779,68929060.0,,,,,,,,,87.31,103.760303771542,,2.49770278172255
Japan,2023,4204490000000.0,1.679019523,33766.52683,,100.0,100.0,100.0,,44.9326623132591,69197135.0,,,,,,,,,84.82,101.546231797474,,3.26813365933163
Kazakhstan,2021,197112000000.0,4.299999997,9983.601036,93.3,100.0,100.0,100.0,5321.52110230336,48.9693422783938,10012975.0,,,,,,,,,98.46,89.444065655368,8.89201718246527,8.04147134028396
Kazakhstan,2022,225496000000.0,3.2,11255.33964,93.1,100.0,100.0,100.0,5271.52788457214,48.8099909687564,10127066.0,,,,,,,,,98.15,84.9123094342143,7.06990907348092,15.0278644440851
Kazakhstan,2023,262642000000.0,5.1,12918.86613,,100.0,100.0,100.0,,48.8272366007844,10221158.0,,,,,,,,,,92.1429027616659,8.9577841399038,14.7249900200331
Kenya,2021,109704000000.0,7.590489473,2061.356221,26.4,76.5,68.2,97.5,184.426039295693,47.019158752771,22012863.0,7.08959150314331,67.5824508666992,78.748291015625,5.19816112518311,8.42582702636719,81.7079086303711,90.9925689697266,4.4461841583252,20.8,108.034254703865,23.4089223789498,6.10793603659176
Kenya,2022,114449000000.0,4.859981043,2109.562885,30.0,76.0,65.0,98.0,189.355465367737,47.0898610735261,22574747.0,7.84363985061646,60.4714317321777,70.1211471557617,,,74.5982131958008,83.5402984619141,4.57471990585327,20.2,106.955210523749,21.7935192162773,7.65986268272224
Kenya,2023,108039000000.0,5.555873013,1952.304579,,76.2,67.9,96.0,190.082933008388,47.2066908867942,23184849.0,,,,,,,,,19.77,105.221325894316,24.2772783373307,7.67139634029402
"Korea, Rep.",2021,1818430000000.0,4.304734819,35125.5225,100.0,100.0,100.0,100.0,11397.3392731969,43.1330825839844,28560792.0,39.6169204711914,83.6950988769531,93.483642578125,41.4524078369141,52.5475425720215,95.5400314331055,99.0732421875,28.9895114898682,82.19,96.4449931100325,3.32515319325515,2.49833333333339
"Korea, Rep.",2022,1673920000000.0,2.612672192,32394.68337,100.0,100.0,100.0,100.0,11492.9257726667,43.3764310357427,29201402.0,39.6483955383301,84.0698394775391,93.7335357666016,42.2894287109375,52.8652153015137,95.8029098510742,99.1590423583984,29.55224609375,79.89,100.029346269746,3.5979328479696,5.08951365062842
"Korea, Rep.",2023,1712790000000.0,1.356733243,33121.37129,,100.0,100.0,100.0,11307.6655429113,43.8227480936206,29587631.0,40.9601020812988,85.0460433959961,94.2079696655273,,,96.2300415039062,99.3080444335938,30.4571380615234,79.05,99.9553867153918,4.50681533589999,3.5974562502901
Kosovo,2021,9413403724.0,10.74565608,5270.426702,,,,,,,,,,,,,,,,,131.820065029923,,3.35369139207997
Kosovo,2022,9354903062.0,4.278498958,5290.947472,,,,,,,,,,,,,,,,,132.76072883082,,11.5805104542012
Kosovo,2023,10468219225.0,4.067627014,5960.158205,,,,,,,,,,,,,,,,,130.670913744709,,4.94432438791283
Kyrgyz Republic,2021,9249133946.0,5.507007627,1349.997307,77.3,99.7,99.6,99.8,1975.4134443714,41.6410966807095,2981360.0,,,,,,,,,70.29,128.650197105643,2.39965159752016,11.9050398185147
Kyrgyz Republic,2022,12134931018.0,8.9675052,1739.720308,77.0,99.7,99.6,100.0,1971.4074947749,41.6921467351248,3059581.0,,,,,,,,,72.86,141.112174387207,2.39381925333642,13.9229093174176
Kyrgyz Republic,2023,13987627909.0,6.151391837,1970.15781,,100.0,100.0,100.0,,41.7478012088916,3128651.0,,,,,,,,,,136.26249777443,2.34718616530786,10.7532770416742
Latvia,2021,38185125733.0,6.947233162,20262.84339,100.0,100.0,100.0,100.0,3838.17372339466,49.3888152775149,950940.0,25.5066566467285,96.9889755249023,98.8349456787109,53.2173919677734,41.2630653381348,97.8791427612305,99.3867034912109,35.9120864868164,53.05,103.173911966127,1.5796707838096,3.27582937431156
Latvia,2022,38018905782.0,1.812682402,20229.46136,100.0,100.0,100.0,100.0,3696.42590147937,49.6663436561673,962817.0,25.5605030059814,97.2051773071289,98.7597427368164,55.2850189208984,42.1236228942871,98.0880508422852,99.3624267578125,37.0257530212402,49.12,104.887793081122,1.46087445502,17.3102830198815
Latvia,2023,42247850065.0,1.70679525,22502.84299,,100.0,100.0,100.0,3628.86795618513,49.6514008196484,965292.0,,,,,,100.0,100.0,,47.81,103.739293968085,1.8642216713619,8.93804623316637
Lebanon,2021,23131941557.0,-7.001238625,4045.373911,,100.0,100.0,100.0,1750.05010386277,31.6648669852665,1896632.0,,,,,,,,,93.89,126.777364785407,13.5908223351618,154.756096023393
Lebanon,2022,20992421949.0,-0.621678971,3654.358455,,100.0,100.0,100.0,680.652360897549,31.5174557333536,1916906.0,,,,,,,,,89.18,145.23072047131,,171.205491336641
Lebanon,2023,,,,,100.0,100.0,100.0,,31.4675450729925,1938966.0,,,,,,,,,,,,221.341644023365
Lesotho,2021,2412130057.0,2.26671067,1066.586451,41.1,50.4,37.7,80.6,,44.393847265284,830525.0,,,,,,,,,,146.894300664057,2.40864972193986,6.04774591950676
Lesotho,2022,2354683089.0,2.387780202,1029.995533,41.5,50.0,37.7,83.6,,44.0584883800652,860547.0,,,,,,,,,,149.361382150055,3.3475027835483,8.27180389943028
Lesotho,2023,2117962451.0,1.826625259,916.2829793,,57.3,45.2,85.0,,44.0619607555944,873908.0,,,,,,,,,,155.668972562938,,6.34221743124953
Lithuania,2021,67037321009.0,6.380016762,23934.72849,100.0,100.0,100.0,100.0,4711.44539189864,49.5036417606558,1481289.0,35.8072776794434,96.6284790039062,98.1472320556641,65.7919921875,55.3560829162598,99.292106628418,99.4771270751953,43.7648849487305,62.69,95.5468488855844,1.39381523157208,4.68354420903453
Lithuania,2022,71033884500.0,2.537525009,25085.78406,100.0,100.0,100.0,100.0,4416.1702815931,49.6387596786237,1509383.0,35.6640205383301,96.9497680664062,98.0971374511719,68.0251770019531,56.3919639587402,99.2609405517578,99.2947158813477,46.1547927856445,61.9,102.091913562406,0.981559371523915,19.7050461518394
Lithuania,2023,79789877416.0,0.342262552,27786.00578,,100.0,100.0,100.0,4202.90536411076,49.3343153399276,1536989.0,,,,,,,,,61.44,96.096192807879,1.41140781851233,9.11731962390475
Luxembourg,2021,85584105994.0,7.168401987,133711.7944,100.0,100.0,100.0,100.0,12151.9098090191,46.1085500959751,330815.0,42.6705589294434,89.4878845214844,90.7828826904297,46.1569862365723,49.5096054077148,97.5843124389648,98.0208892822266,40.7614822387695,74.02,66.6958408178123,0.347271725687034,2.52692009066166
Luxembourg,2022,81641807866.0,1.380185891,125006.0218,100.0,100.0,100.0,100.0,11629.0998510189,46.5781000794471,334814.0,43.4346580505371,90.0731735229492,91.3365325927734,47.0335731506348,51.3443222045898,97.8478012084961,98.516471862793,41.2124710083008,71.34,65.957257284371,0.345779771187577,6.33600807777919
Luxembourg,2023,85755006124.0,-1.095723616,128678.1899,,100.0,100.0,100.0,11168.4648050058,46.3360857598146,345150.0,,,,,,,,,70.39,69.1594570958868,0.594591293297237,3.74140361983136
Madagascar,2021,14554754117.0,5.739615739,490.2062386,1.45,35.1,10.9,72.6,80.2934672339167,48.7553079858448,15102009.0,3.41530990600586,15.9009799957275,21.2205009460449,,,38.9394683837891,43.7580108642578,2.49875998497009,13.7,108.908471010005,5.41362524812497,5.81225118787715
Madagascar,2022,15134700203.0,3.999999999,497.2425148,1.5,36.1,10.9,71.6,81.3148068743768,48.6756937106911,15576306.0,,,,,,,,,13.97,108.098948297841,4.8156264476304,8.16059031991844
Madagascar,2023,15790113247.0,3.8,506.1593687,,39.4,14.6,75.6,,48.6886290440054,16036576.0,,,,,,,,,,107.043934441021,,9.87432675044888
Malawi,2021,12378129751.0,4.55829212,617.4475208,1.5,14.2,5.6,54.2,,49.2614272440293,7724019.0,,,,,,,,,,,24.7721619492629,9.33014410835212
Malawi,2022,12429060151.0,0.921115069,604.2697512,1.4,14.0,5.6,54.0,,49.1389774599378,8039685.0,,,,,,,,,,,29.9238225072927,20.953969729969
Malawi,2023,12712150082.0,1.892457988,602.3436198,,15.6,6.1,57.8,,49.1082405548294,8334815.0,,,,,,,,,,,,28.7897428247298
Malaysia,2021,373785000000.0,3.315349544,10903.11164,86.0,100.0,100.0,100.0,4860.27830199398,36.9557837173773,17243512.0,16.0446376800537,86.7094039916992,86.8067855834961,28.5272617340088,28.8884868621826,96.4194107055664,96.9665451049805,16.9167175292969,95.82,92.7698835274889,16.2860332189783,2.47710241465447
Malaysia,2022,407606000000.0,8.861821876,11748.09193,84.1,100.0,100.0,100.0,4986.12312555985,37.1623683233973,17583325.0,14.4300003051758,79.0299987792969,82.0599975585938,25.0499992370605,26.2099990844727,93.5199966430664,96.0100021362305,14.6999998092651,96.01,92.8050409934553,14.020107638443,3.37869862549928
Malaysia,2023,399705000000.0,3.555487154,11379.0861,,100.0,100.0,100.0,,37.2065920489056,17923168.0,,,,,,,,,,94.9005053250616,14.7101686251226,2.48886560125754
Maldives,2021,5252457370.0,37.50787012,10176.14388,99.7,100.0,100.0,100.0,,22.8934938290416,262520.0,,,,,,,,,,90.4093263688864,9.73153770268114,0.543149688737013
Maldives,2022,6177118114.0,13.82608952,11786.00915,99.7,100.0,100.0,100.0,,22.7627691008865,265328.0,,,,,,,,,,96.9017192367979,,2.33314337624567
Maldives,2023,6590894302.0,4.72639189,12530.36024,,100.0,100.0,100.0,,22.9725625189835,266679.0,,,,,,,,,,101.268205785178,,2.92746542425035
Malta,2021,19718565605.0,13.4603052,38027.38017,100.0,100.0,100.0,100.0,4936.97641050959,40.8432651384787,282426.0,21.6781253814697,84.4356307983398,89.7946090698242,33.2437400817871,35.7639579772949,99.0891571044922,99.4957122802734,23.434549331665,88.08,83.4546504893242,3.18007304054687,1.49789217934724
Malta,2022,19209979975.0,4.147882816,36142.20585,100.0,100.0,100.0,100.0,5170.16581030308,41.865538553692,293824.0,22.0376853942871,85.0283660888672,90.3839645385742,32.9480056762695,36.0108451843262,98.9538345336914,99.2371368408203,23.2504024505615,87.17,86.5265691299489,2.85195836757053,6.15375621933037
Malta,2023,22328640242.0,7.498512459,40395.76921,,100.0,100.0,100.0,,41.5847517010589,305398.0,,,,,,,,,,81.9227904037924,3.38642939364714,5.09396758978883
Mauritius,2021,11484348858.0,3.403798662,9068.973002,99.0,99.6,99.8,99.3,2211.89670339737,38.4005052488563,565266.0,0.0,58.7585487365723,66.4005279541016,0.0,0.0,93.4451675415039,97.4571151733398,0.0,87.3,110.1276714835,9.46200697224062,4.02852888157383
Mauritius,2022,12927979286.0,8.879885197,10239.79705,99.0,100.0,100.0,99.0,2334.2149014315,38.1142986069909,598345.0,,60.3737907409668,71.3261108398438,,,95.5923690795898,98.7349014282227,,88.94,106.564144581351,8.03023823943907,10.7737512242899
Mauritius,2023,14644524819.0,6.958287403,11613.04416,,100.0,100.0,100.0,,38.3041446184426,595664.0,,,,,,,,,,103.961581917495,9.78887697988304,7.05298238454735
Mexico,2021,1316570000000.0,6.048483443,10314.05067,85.7,100.0,100.0,99.9,2650.73959396575,38.8956181944697,56864048.0,,66.4350738525391,65.3687438964844,,,83.7100982666016,85.5228271484375,,88.64,101.437966653449,15.8259382639258,5.68920847683753
Mexico,2022,1464310000000.0,3.689111093,11385.40708,85.7,100.0,100.0,99.8,2351.59528868272,39.4612258716186,58544385.0,,65.3199996948242,67.0400009155273,,,82.4400024414062,84.3300018310547,,87.94,104.68204899422,17.1966048280522,7.8962761916855
Mexico,2023,1789110000000.0,3.199981166,13790.02434,,99.7,99.1,100.0,2412.61431663365,40.0692793435583,60144623.0,,67.9045639038086,67.0553359985352,,,85.0688781738281,86.4555130004883,,88.66,105.975650223597,18.5493152744806,5.52796087314389
Moldova,2021,13691869264.0,13.92999979,5274.605822,97.4,100.0,100.0,100.0,2401.17820687115,53.7330026227091,1503026.0,18.4899997711182,97.3899993896484,98.5199966430664,22.0862789154053,18.4930610656738,99.5999984741211,99.5299987792969,22.0900001525879,83.5,127.173311114547,2.64945699607183,5.10641129002836
Moldova,2022,14510490660.0,-5.015482319,5738.424735,97.6,100.0,100.0,100.0,2255.74554684034,54.4569274068774,1464574.0,18.2600002288818,97.9300003051758,98.620002746582,22.215461730957,18.2587242126465,99.5699996948242,99.4499969482422,22.2199993133545,81.27,128.2529785956,3.11978149500439,28.7372976766236
Moldova,2023,16539436547.0,0.78324271,6729.412868,,100.0,100.0,100.0,,54.6708431910393,1389353.0,18.3649120330811,97.9607391357422,98.6896514892578,,,99.5803909301758,99.4703140258789,23.1295890808105,,124.054802871834,5.61592322277894,13.41701043813
Mongolia,2021,15286441738.0,1.636769577,4517.61578,52.9,100.0,100.0,100.0,2427.49075653249,44.0636570761922,1366321.0,27.7742557525635,92.6094818115234,89.8047561645508,68.0478439331055,63.7420196533203,97.0610427856445,95.3407516479492,37.1015510559082,95.03,104.63434450674,6.16819515777145,7.35281243380219
Mongolia,2022,17146471714.0,5.032709637,4993.514875,54.2,100.0,100.0,100.0,2545.61487913499,44.4524910953134,1420881.0,26.1017665863037,92.1286468505859,89.8496017456055,64.3526763916016,58.7878570556641,96.8059997558594,95.6307144165039,36.4625854492188,94.72,108.110968813531,,15.1479560897226
Mongolia,2023,20325121394.0,7.422112762,5838.631081,,100.0,100.0,100.0,,44.5818995398377,1433842.0,25.2698345184326,94.1747131347656,92.6716690063477,59.3744583129883,60.1385726928711,97.8904342651367,97.2366790771484,37.0463409423828,,91.4290175988193,,10.3475831314339
Morocco,2021,142022000000.0,8.154738898,3785.936279,98.0,100.0,100.0,100.0,950.467605491107,22.7575490518184,12266110.0,,,,,,,,,90.26,109.251247294493,8.7322327235262,1.40195883962006
Morocco,2022,130952000000.0,1.52720358,3455.39624,97.9,100.0,100.0,100.0,978.27258674367,22.0255512657148,12170356.0,,,,,,,,,90.12,111.508780526666,7.96111730498483,6.65704202759067
Morocco,2023,144417000000.0,3.403341301,3771.446289,,100.0,100.0,100.0,,22.1869709286409,12350059.0,,,,,,,,,,108.287240716216,8.01285790687035,6.09114152504141
Nepal,2021,36924841394.0,4.838149614,1252.750767,38.4,89.9,,94.2,306.293365125237,36.5387806753205,8237363.0,,26.5851192474365,43.1910285949707,,,36.4118003845215,58.9935607910156,,28.01,128.790750321404,3.85657960803328,4.14968003360264
Nepal,2022,41182939601.0,5.631314559,1385.910663,39.6,91.3,93.7,97.7,321.045264151601,36.6799263082657,8404199.0,,,,,,,,,26.47,131.060136194842,,7.6507917679853
Nepal,2023,40908073367.0,1.952544633,1377.626036,,94.0,93.4,96.0,,36.9093183561695,8424737.0,,,,,,,,,,124.251019385784,,7.11475951738199
Netherlands,2021,1054470000000.0,6.276830732,60141.98809,100.0,100.0,100.0,100.0,6704.42622513238,47.1300090887312,9842958.0,36.8335609436035,90.0527572631836,92.4684295654297,37.153507232666,38.8782501220703,98.184211730957,98.2888870239258,34.2246856689453,86.2,90.2548370814873,1.37852571431798,2.67572008805385
Netherlands,2022,1046540000000.0,5.00723459,59123.31856,100.0,100.0,100.0,100.0,6365.46605154448,47.1141736570986,10054815.0,37.7317390441895,91.0731430053711,92.6664123535156,38.4872360229492,39.6803359985352,98.484016418457,98.6139907836914,35.5516586303711,83.92,91.2202410899358,1.31007374266336,10.0012078753473
Netherlands,2023,1154360000000.0,0.074560722,64572.00596,,100.0,100.0,100.0,6198.03517535853,47.1356860908217,10247550.0,,,,,,,,,83.52,88.8312933976147,1.66508098936678,3.83839354342808
New Zealand,2021,253644000000.0,4.546247639,49624.18167,100.0,100.0,100.0,100.0,8160.1549507953,47.293248122804,2919514.0,,,,,,,,,58.39,103.875048103468,2.7790937589294,3.94112060778728
New Zealand,2022,246734000000.0,2.774842648,48216.50958,100.0,100.0,100.0,100.0,8099.15578832174,47.4689512976338,2953183.0,,,,,,,,,54.94,105.05185741011,3.16844434778101,7.17222476016441
New Zealand,2023,252176000000.0,0.733302172,48280.81142,,100.0,100.0,100.0,7941.26093699144,47.4537339222469,3048778.0,,,,,,,,,55.44,102.869102960908,,5.73316283034957
Nicaragua,2021,14144060853.0,10.31609128,2128.609806,58.1,86.3,66.3,100.0,618.233276511455,38.6879652493112,3036947.0,18.8273391723633,60.5289916992188,63.1129302978516,,,82.805778503418,87.2585601806641,21.7039909362793,41.18,113.460552686542,5.89676136916424,4.92841396948968
Nicaragua,2022,15649897117.0,3.752284757,2325.167379,59.2,86.5,66.3,100.0,682.400254120922,39.0648444695096,3092384.0,,,,,,,,,39.85,115.645377615415,5.42369578364592,10.4674244465991
Nicaragua,2023,17829218219.0,4.569223171,2612.870662,,88.3,71.0,100.0,,39.3067308227601,3161456.0,,,,,,,,,,113.270988336478,6.92450959326027,8.38765854872536
Nigeria,2021,440834000000.0,3.647186541,2017.274865,23.0,59.5,26.3,89.2,142.790930090716,46.9536655563638,102508968.0,14.1861295700073,42.3900718688965,57.8144989013672,,,57.8193588256836,73.5159912109375,8.01961994171143,55.75,,,16.9528457221608
Nigeria,2022,477403000000.0,3.251681408,2139.374785,25.6,60.5,27.0,89.0,135.603309430584,46.9421477961804,105432630.0,4.26290273666382,64.6892700195312,75.5948104858398,37.8123435974121,40.5757026672363,82.6653213500977,91.7974319458008,2.73636484146118,55.72,,,18.8471877843274
Nigeria,2023,363846000000.0,2.860214991,1596.636961,,61.2,32.9,85.0,,48.4363330380889,110183277.0,,,,,,,,,,,,24.6595502031139
North Macedonia,2021,14000283827.0,4.51067949,7620.80297,80.2,100.0,100.0,100.0,3793.4499437705,41.112143020028,784953.0,18.6117744445801,62.6685829162598,76.7970962524414,22.7017803192139,21.6956367492676,92.3918533325195,97.1842880249023,20.1716632843018,78.0,115.83354468123,4.21080976112559,3.23074912132919
North Macedonia,2022,13932436550.0,2.758884153,7606.237525,81.3,100.0,100.0,100.0,3479.25874810014,41.3672304700493,802703.0,18.9432697296143,64.0738372802734,77.6455535888672,23.3038082122803,21.7494697570801,92.4895629882812,97.2532958984375,20.6706123352051,82.16,120.576435759064,,14.2047173195833
North Macedonia,2023,15763621848.0,2.072749779,8624.293609,,100.0,100.0,100.0,,41.3365296442787,797169.0,20.7376480102539,68.3109130859375,76.2166519165039,33.6036529541016,33.1498184204102,93.6641311645508,96.2838287353516,21.3288707733154,,113.036179366243,,9.36187249769016
Norway,2021,503368000000.0,3.908686777,93072.89251,100.0,100.0,100.0,100.0,24650.1686290752,46.8232898554815,2940731.0,26.1300392150879,86.59814453125,95.6240463256836,43.8932762145996,39.8116416931152,87.2023010253906,96.0919799804688,34.4795722961426,50.61,85.1501099346868,0.391633770502513,3.48388055266678
Norway,2022,593727000000.0,3.005635161,108798.4512,100.0,100.0,100.0,100.0,23373.4710590389,46.6241997685755,2985855.0,25.2907695770264,95.9295043945312,98.5050964355469,47.1495628356934,39.8636589050293,96.5161056518555,98.955192565918,37.0830993652344,46.54,71.6850525297861,0.457014512720826,5.76412317852272
Norway,2023,485311000000.0,0.479647246,87925.09442,,100.0,100.0,100.0,23520.0270164798,47.172438806884,3005240.0,,,,,,,,,46.29,85.2689944406515,1.03385527254985,5.51784987104659
Pakistan,2021,348517000000.0,6.513885759,1455.319224,51.0,94.9,91.9,99.9,570.098770866866,22.7006727069609,78814704.0,10.1768083572388,27.7954158782959,48.4065818786621,7.08136034011841,10.1768083572388,38.0621452331543,62.9245910644531,7.08136034011841,65.49,108.927222425943,,9.49621056124947
Pakistan,2022,374890000000.0,4.778106869,1538.322813,52.6,95.0,93.0,100.0,605.788247596384,22.6309725165422,80282511.0,,,,,,,,,63.94,111.950173683923,,19.8738599646655
Pakistan,2023,337912000000.0,-0.039692523,1365.277432,,95.6,92.8,100.0,,22.7358153712894,81926413.0,,,,,,,,,,107.640439232144,,30.7681280657005
Papua New Guinea,2021,26109413522.0,-0.511353444,2607.578619,9.8,20.9,14.0,65.2,,47.6319512096089,3374107.0,,,,,,,,,,,16.2269053209577,4.48359014042398
Papua New Guinea,2022,31647277767.0,5.707584118,3101.710632,10.0,19.0,14.0,65.1,,47.44978368356,3494880.0,4.24747848510742,27.4283027648926,41.3095626831055,10.4695806503296,17.8098545074463,55.8578109741211,68.9980545043945,1.98758840560913,,,13.8767385123088,5.25323922215241
Papua New Guinea,2023,30729242919.0,3.035704755,2957.682625,,20.5,13.4,65.2,,47.5038008534612,3574855.0,,,,,,,,,,,13.9388057554887,2.29869991296791
Paraguay,2021,39950899939.0,4.016737318,5976.931798,68.6,100.0,100.0,100.0,2126.51301236262,41.7608034569186,3412056.0,,54.310001373291,53.3499984741211,,,77.3300018310547,79.5500030517578,,37.29,98.7680880008174,6.64579341677256,4.787983101236
Paraguay,2022,41952910858.0,0.176038366,6205.625954,68.5,100.0,100.0,100.0,2213.01378130259,41.9716209207027,3391301.0,,57.4799995422363,56.939998626709,,,80.4100036621094,80.4300003051758,,34.84,104.99913585175,7.23990261827236,9.76556667164402
Paraguay,2023,42956263544.0,4.714124079,6276.351139,,99.8,99.5,100.0,,41.8940462872589,3448638.0,,,,,,,,,,97.8934725403797,9.23714257628647,4.63202285403356
Peru,2021,226354000000.0,13.35522951,6826.972007,86.4,95.6,83.6,98.9,1531.64376685862,45.6298825718232,17853296.0,,55.560001373291,66.7200012207031,,,68.7799987792969,78.6800003051758,,73.64,96.9835378765455,6.55420064925363,4.27166381536798
Peru,2022,246489000000.0,2.725500216,7363.272069,88.1,96.2,85.1,99.0,1588.44822284327,45.364958473676,18756175.0,,57.0200004577637,67.9199981689453,24.7750930786133,25.1189136505127,70.1500015258789,80.3000030517578,,76.85,99.4422047773844,,8.33370630096231
Peru,2023,267603000000.0,-0.550182306,7906.585029,,96.2,85.1,99.0,,45.3332232054438,18608668.0,,65.9185638427734,73.87255859375,26.2976608276367,26.3699035644531,82.0098266601562,89.5293045043945,,,96.7322779629888,,6.45561348369586
Philippines,2021,394087000000.0,5.714733134,3484.385939,56.9,97.5,96.5,98.6,846.694921660693,39.5506381926216,44699749.0,18.8504791259766,64.7939682006836,59.1400299072266,29.3138484954834,23.7215309143066,87.9263000488281,83.6290893554688,24.5563278198242,65.61,111.980539981119,14.289552421245,3.92718022100332
Philippines,2022,404353000000.0,7.580982128,3548.069306,59.1,94.8,91.1,98.0,884.680258485773,41.4438447286486,49481401.0,15.9393396377563,63.6305389404297,60.0255012512207,28.893030166626,23.2302951812744,87.2008438110352,84.1670989990234,20.1498203277588,66.2,115.654880519172,14.1895600248204,5.82115811213955
Philippines,2023,437146000000.0,5.545851171,3804.87258,,98.0,97.6,98.4,,41.4784616706064,50352675.0,,,,,,,,,,114.08923687241,16.4345728844051,5.97802515541409
Poland,2021,689170000000.0,6.927182661,18635.51049,100.0,100.0,100.0,100.0,4631.20010705876,45.1234778257029,18231897.0,24.4346084594727,97.5792846679688,98.3862915039062,36.8755683898926,26.2579212188721,97.8612670898438,98.9520492553711,31.6396541595459,87.22,96.7983308773414,2.92109045364879,5.05502704719272
Poland,2022,695607000000.0,5.255456974,18891.21212,100.0,100.0,100.0,100.0,4596.71266565855,45.4775731494996,18259831.0,24.7140331268311,97.6652450561523,98.463752746582,37.2951812744141,26.4782943725586,97.9530715942383,98.9876174926758,32.1605682373047,86.42,98.3163003692536,4.05151988034782,14.4294507575758
Poland,2023,809201000000.0,0.138832755,22056.66617,,100.0,100.0,100.0,4355.69717989739,45.8486429967589,18341629.0,,,,,,99.6583480834961,99.6958389282227,,84.61,94.2395806691537,5.21673872257117,11.5289127961105
Portugal,2021,256056000000.0,5.558757523,24711.45101,100.0,100.0,100.0,100.0,4901.6433485549,49.2719688274369,5158639.0,20.9722499847412,63.2117195129395,65.305793762207,29.1036891937256,22.2114696502686,94.123908996582,97.4921646118164,28.5162925720215,67.8,102.776690846195,6.00580997592147,1.26565719069044
Portugal,2022,256899000000.0,6.985841938,24620.51956,100.0,100.0,100.0,100.0,5085.23209727273,49.2968828485589,5275650.0,21.5089321136475,63.9583015441895,65.3792190551758,29.3014507293701,22.7047214508057,94.1874694824219,97.5181427001953,28.6646671295166,67.38,102.400782918032,4.95387039532298,7.83269124233323
Portugal,2023,289114000000.0,2.526281108,27331.20949,,100.0,100.0,100.0,5143.13718038671,49.4003807674927,5414853.0,20.8361186981201,64.1178894042969,65.4293899536133,27.5635433197021,22.228946685791,94.5374984741211,97.354736328125,26.6510124206543,63.08,99.0778176935214,5.49078464014046,4.31128191898672
Romania,2021,286578000000.0,5.545709626,14986.78549,100.0,100.0,100.0,100.0,2900.83824132119,42.4376702872259,8418497.0,13.8026008605957,90.4599990844727,94.8199996948242,19.3299999237061,18.1299991607666,98.620002746582,99.1399993896484,14.1383724212646,71.19,105.652542077195,4.7328902069968,5.05232876096582
Romania,2022,296354000000.0,3.965307663,15557.88262,100.0,100.0,100.0,100.0,2717.53652859422,42.7389276101244,8415279.0,14.8340311050415,91.0400009155273,95.0199966430664,20.4699993133545,18.5599994659424,98.7600021362305,99.1500015258789,15.6972007751465,70.42,106.899262298032,4.63101086103234,13.7954887432521
Romania,2023,350776000000.0,2.404271779,18404.27309,,100.0,100.0,100.0,,42.3608675530409,8280024.0,,,,,,,,,,104.785666297301,,10.3971874764996
Russian Federation,2021,1843390000000.0,5.614290376,12521.52246,99.3,100.0,100.0,99.2,7186.67544355845,48.5747580073877,73846056.0,39.2299995422363,98.2799987792969,98.9400024414062,76.870002746582,75.5800018310547,99.8300018310547,99.8099975585938,42.8300018310547,89.46,89.77529376951,,6.69445891957612
Russian Federation,2022,2266030000000.0,-2.069711525,15445.24219,99.4,100.0,100.0,99.1,7184.42203703818,48.7434189452399,73531906.0,,99.2005081176758,98.8655395507812,74.7691802978516,73.145378112793,100.0,100.0,,89.45,88.5293450227239,,
Russian Federation,2023,2021420000000.0,3.6,13817.0459,,100.0,100.0,100.0,,48.8625697448913,73184751.0,,99.3309783935547,99.0782165527344,76.4508590698242,74.5323867797852,100.0,100.0,,,93.9733292774238,,
Rwanda,2021,11069280650.0,10.85796776,828.8330328,6.2,48.7,38.2,98.0,60.6502606463671,47.2300323394419,4769099.0,7.19986581802368,20.8754482269287,26.0230960845947,5.48545026779175,8.73312664031982,78.367919921875,87.407356262207,4.72861051559448,9.92,115.599823823205,6.19834384801656,-0.391346748300791
Rwanda,2022,13316160895.0,8.157733085,975.4693159,8.3,50.6,38.2,98.0,68.1267274337541,47.4707674788239,5079189.0,5.44000005722046,15.7399997711182,20.4599990844727,,,40.5299987792969,47.6599998474121,3.59999990463257,11.55,116.188956604488,6.21021774540179,17.6892095588153
Rwanda,2023,14097768472.0,8.241287695,1010.268929,,63.9,57.9,99.9,,47.5557355208761,5531930.0,6.24203491210938,20.5178680419922,24.4651737213135,,,80.0146560668945,87.3814315795898,4.21580123901367,,115.142634802513,7.68293070581152,19.789546746467
Saudi Arabia,2021,874156000000.0,5.07511035,28396.08642,100.0,100.0,100.0,100.0,12069.9836667183,19.3803231669986,14623461.0,30.2839450836182,69.5205459594727,78.1518478393555,37.3692817687988,39.7794151306152,81.5829696655273,89.7099685668945,32.4151191711426,99.96,91.5935370803381,2.83627486303424,3.06328988941547
Saudi Arabia,2022,1108570000000.0,7.485984291,34454.19577,100.0,100.0,100.0,100.0,11835.3177587823,19.2797441654337,15469059.0,29.6599979400635,71.8790893554688,80.1127090454102,38.8877029418945,39.2555923461914,84.4306640625,92.4248809814453,33.9029006958008,99.91,83.0711139838105,2.39041526354088,2.4740737192537
Saudi Arabia,2023,1067580000000.0,-0.754914811,32093.9623,,100.0,100.0,100.0,,19.3860112616667,16120882.0,28.4633502960205,75.6534576416016,81.5068359375,41.0626411437988,37.1403732299805,88.1825332641602,94.5509948730469,35.9603233337402,,92.6286070265642,3.11717626441745,2.32708518362692
Senegal,2021,27520784130.0,6.5440011,1598.10677,31.3,68.0,43.4,93.9,329.600129888931,36.9457630100958,5262663.0,,,,,,,,,58.89,120.096789757029,9.5061670120264,2.18032278088147
Senegal,2022,27619479060.0,3.825863637,1564.745221,32.3,67.9,43.4,96.6,399.521774928173,36.7518079590849,5412180.0,7.42461538314819,15.3707942962646,24.8341293334961,3.7800087928772,8.4315767288208,30.4678592681885,42.8605690002441,3.10535168647766,63.21,126.317962507135,9.86295387445667,9.69681899081073
Senegal,2023,30848333084.0,4.584061405,1706.44218,,74.2,56.5,96.1,,36.7405628614132,5579313.0,,,,,,,,,,125.019154074442,12.3194106049545,5.93947798773215
Serbia,2021,66159884073.0,7.949056505,9680.527981,81.5,100.0,100.0,100.0,5034.14674687745,46.0268910759741,3322738.0,15.9443225860596,70.2372970581055,79.8359680175781,24.1038284301758,24.1420307159424,97.9545745849609,99.3538513183594,17.7910041809082,82.44,107.661498802316,4.7123609854641,4.08510285335102
Serbia,2022,66797564758.0,2.630986444,10022.96885,82.9,100.0,100.0,100.0,5113.70107266182,46.3955722549783,3289801.0,16.2567672729492,71.1810989379883,80.4408874511719,24.0078296661377,24.1400146484375,98.2387771606445,99.3438034057617,17.8429203033447,83.02,110.438883965447,3.63076915282743,11.9815117344703
Serbia,2023,81342660752.0,3.847471128,12281.50585,,100.0,100.0,100.0,,46.2566353226955,3246451.0,17.4752941131592,72.813346862793,81.1883010864258,26.0098705291748,25.3013172149658,98.2494125366211,99.2801666259766,19.7617740631104,,104.342915347445,,12.3719043552519
Seychelles,2021,1487173795.0,0.552281631,14982.91115,100.0,100.0,100.0,100.0,,,,,,,,,,,,,123.243072465677,,9.76909936973542
Seychelles,2022,2057968520.0,14.97685133,17167.19098,100.0,100.0,100.0,100.0,,,,,,,,,,,,,109.399116523581,,2.6260363285129
Seychelles,2023,2141450171.0,3.161714355,17879.23965,,100.0,100.0,100.0,,,,,,,,,,,,,111.217559980224,,-1.03530088431952
Slovak Republic,2021,120592000000.0,5.72698854,22138.19498,100.0,100.0,100.0,100.0,5404.56491141305,46.832407760377,2757031.0,21.4944400787354,99.1065292358398,99.1825790405273,29.5774478912354,23.3670082092285,99.8579864501953,99.7216186523438,27.2983646392822,62.73,100.455557027592,2.85808646107375,3.14960629921268
Slovak Republic,2022,115929000000.0,0.449673875,21342.76667,100.0,100.0,100.0,100.0,4957.70057248564,47.0144315936728,2791445.0,22.8654556274414,98.9654541015625,99.0303039550781,30.8172245025635,24.4294528961182,99.6445541381836,99.5340957641602,28.564733505249,60.63,105.946473987621,2.69487509407558,12.7741463637611
Slovak Republic,2023,132908000000.0,1.378337272,24491.37719,,100.0,100.0,100.0,4577.14944884037,47.0160520414733,2792542.0,,,,,,,,,59.47,98.4174718405968,,10.5319476645211
Slovenia,2021,61529280461.0,8.389650321,29187.36938,100.0,100.0,100.0,100.0,7006.37879320462,45.7936298900004,1044095.0,23.1259365081787,98.3296966552734,99.1415405273438,39.1911125183105,30.8242111206055,99.6871490478516,99.7397918701172,30.0709190368652,58.93,94.1280437753974,2.83511775546834,1.91706506089259
Slovenia,2022,59927702746.0,2.699237557,28373.83823,100.0,100.0,100.0,100.0,6730.81839858035,45.6051137061149,1058958.0,22.2955379486084,98.2980117797852,98.9072875976562,39.3728446960449,29.9545383453369,99.7306213378906,99.6892852783203,29.8897438049316,59.15,98.2542743411956,2.62663234267473,8.83369886749452
Slovenia,2023,69148468417.0,2.112591843,32610.11092,,100.0,100.0,100.0,6470.29113008916,45.5931855908048,1058463.0,,,,,,,,,57.79,93.5963398613747,2.89733036045673,7.44687717385838
Solomon Islands,2021,1522794913.0,2.564349754,1996.869768,8.8,76.3,75.4,79.2,,48.1374209976363,394292.0,,,,,,,,,,107.342863217808,0.600097039501874,-0.115437894412839
Solomon Islands,2022,1566360686.0,2.402481436,2005.413993,8.7,76.0,75.4,79.0,,47.9881178081791,410362.0,,,,,,,,,,114.276096911817,1.23314029497938,5.51812928576938
Solomon Islands,2023,1633319401.0,3.079769815,2041.636491,,81.3,81.3,81.2,,48.0267609165709,422706.0,,,,,,,,,,,,5.88585897042164
South Africa,2021,420887000000.0,4.955032594,6843.399419,88.7,89.3,93.4,87.4,3512.0627333448,46.3305259577606,25167040.0,12.9200000762939,83.0400009155273,84.879997253418,48.6100006103516,49.560001373291,87.0199966430664,89.0400009155273,13.0100002288818,93.13,93.8275063119217,14.8298357767618,4.61874544887136
South Africa,2022,406920000000.0,1.91147996,6523.410978,89.4,86.5,93.4,87.1,3357.92464091342,46.4303621677625,26170358.0,10.5708084106445,76.0601959228516,78.2090301513672,15.1270332336426,13.623441696167,86.0569305419922,88.5138854980469,12.2236385345459,93.32,97.8536800713666,15.6234762427279,7.03987272546482
South Africa,2023,380699000000.0,0.698485195,6022.542542,,87.7,94.0,96.0,,46.9377224270212,27346329.0,11.1641149520874,76.9785003662109,78.7042617797852,16.2778396606445,14.2619953155518,86.5508728027344,88.6752014160156,13.1484613418579,,99.2839699259742,,6.0752438457966
Spain,2021,1461240000000.0,6.683144185,30817.68286,100.0,100.0,100.0,100.0,5239.5199793554,46.7708715208445,23445165.0,22.1335792541504,81.084228515625,84.6579895019531,35.8322830200195,33.8744506835938,93.1941452026367,94.9775848388672,26.9198131561279,70.32,99.0104202921308,5.94138552560565,3.0931351197642
Spain,2022,1446500000000.0,6.179312226,30287.36576,100.0,100.0,100.0,100.0,5182.69523645187,46.6733503627834,23828133.0,22.1627388000488,81.5416717529297,85.0253372192383,36.4175987243652,33.9397201538086,93.590705871582,95.1544189453125,27.0949516296387,71.76,99.1173016877192,6.44093611786415,8.39057634118627
Spain,2023,1620090000000.0,2.675663493,33509.0128,,100.0,100.0,100.0,5110.85174105768,46.9448728434836,24199271.0,,,,,,93.2106246948242,95.2223739624023,,68.51,96.0732124693991,6.37339784488122,3.53236133492433
Sri Lanka,2021,88609324902.0,4.207476495,3999.337647,34.1,100.0,100.0,100.0,713.666726846001,32.8882949763279,8500316.0,0.870556175708771,80.6500015258789,83.2900009155273,,,86.2168960571289,88.8398971557617,0.661343932151794,58.53,107.387129216901,71.6201004077685,7.01478071238195
Sri Lanka,2022,74144870023.0,-7.346791236,3342.719896,35.5,100.0,100.0,100.0,684.05392002164,33.2585609984405,8527218.0,1.0550582408905,81.120002746582,83.0899963378906,,,86.2683029174805,88.5122146606445,0.791702389717102,53.93,103.563395220939,77.7699768805255,49.7211021114327
Sri Lanka,2023,84356863744.0,-2.298010562,3827.964956,,100.0,100.0,100.0,,33.2105214946521,8526051.0,,,,,,,,,,101.637118365082,79.8744543518094,16.5411742279832
St. Lucia,2021,1867185185.0,11.59947362,10459.13212,93.1,100.0,100.0,100.0,,46.8187300089141,95355.0,,37.6425361633301,40.5844841003418,,16.8583450317383,58.5124740600586,51.356575012207,,,,,2.41070312174393
St. Lucia,2022,2342703704.0,20.38676757,13103.76217,92.5,100.0,100.0,100.0,,46.0838877410809,101159.0,,37.5350036621094,42.1984710693359,22.2962741851807,,63.1918029785156,54.0104484558105,,,,,6.37814695133351
St. Lucia,2023,2430148148.0,2.21007266,13554.66519,,100.0,100.0,100.0,,46.2978397936871,101981.0,,,,,,,,,,,,4.07060821926204
Suriname,2021,3107923198.0,-2.435385836,5029.848385,95.1,98.8,97.5,99.5,2955.18987013996,41.0602558929146,245337.0,,,,,,,,,89.54,,,59.1196626251977
Suriname,2022,3791603200.0,2.406222356,6084.438767,95.5,99.0,97.0,100.0,2955.88320249565,41.290058014015,248733.0,,,,,,,,,90.44,,,52.446027276241
Suriname,2023,3455146281.0,2.539566754,5494.074094,,99.6,98.8,100.0,,41.4825617106603,252347.0,,,,,,,,,,,,51.5873159600861
Sweden,2021,637187000000.0,5.937508573,61174.96802,100.0,100.0,100.0,100.0,13017.9973503743,47.2323542656069,5522907.0,27.5063858032227,94.7414093017578,94.2133712768555,54.4576606750488,44.1910743713379,100.0,100.0,37.8494529724121,25.12,95.6786942649751,0.577883505140297,2.16319736447153
Sweden,2022,579896000000.0,1.459288508,55296.93715,100.0,100.0,100.0,100.0,12418.3973191038,47.167795771586,5602668.0,28.4081382751465,94.9234924316406,94.123908996582,55.9418106079102,45.7203712463379,99.9862823486328,100.0,38.9912719726562,24.28,98.0944590058226,1.36745236754797,8.36929098869189
Sweden,2023,584960000000.0,-0.310670185,55516.83648,,100.0,100.0,100.0,12121.7102390973,47.364341235668,5669759.0,,,,,,,,,24.88,96.0228308111222,,8.54862489748902
Switzerland,2021,813409000000.0,5.391888041,93446.43445,100.0,100.0,100.0,100.0,7315.37290974165,46.8119896362294,4987374.0,45.0184288024902,97.7458801269531,98.1810302734375,35.349308013916,45.0184288024902,99.6234664916992,99.7077026367188,35.349308013916,48.3,87.6810504697474,0.590221176255857,0.581814168489856
Switzerland,2022,818427000000.0,2.568328178,93245.79521,100.0,100.0,100.0,100.0,7309.48578845284,46.7424530195269,4967649.0,44.9455337524414,97.873649597168,98.2827911376953,35.217960357666,44.9455337524414,99.6375427246094,99.6519546508789,35.217960357666,45.34,86.2983180018842,0.676569274072201,2.83502798644463
Switzerland,2023,884940000000.0,0.716066869,99564.71003,,100.0,100.0,100.0,7095.78533887978,46.8186826023507,5089291.0,45.9148368835449,98.0365600585938,98.3241653442383,,,99.6839752197266,99.6226043701172,36.7342910766602,44.47,87.5631845512636,0.950426380119413,2.13540088016377
Tajikistan,2021,8937805347.0,9.39999955,896.7480534,85.2,99.6,99.8,98.9,1427.12263422116,39.8297432458001,2600308.0,,,,,,,,,61.92,126.126995151188,5.68722007513638,
Tajikistan,2022,10713525200.0,8.000000338,1052.179495,86.1,100.0,100.0,99.0,1475.70932945677,39.7314291924562,2659187.0,,,,,,,,,60.89,133.238140930449,3.89462595752124,
Tajikistan,2023,12060602009.0,8.299999217,1160.81187,,100.0,100.0,100.0,,39.7945975713003,2720221.0,,,,,,,,,,,2.96197047274816,
Tanzania,2021,70655628148.0,4.321384295,1159.856567,8.1,42.7,23.3,77.3,120.92869930568,49.1248914239078,29877664.0,,,,,,,,,21.55,101.729238646373,11.4647748306719,3.69091958802199
Tanzania,2022,75769974505.0,4.566005764,1207.853027,9.2,45.8,36.0,74.7,123.470486172843,48.9879875800505,30918000.0,3.309809923172,12.5732202529907,18.2996406555176,,,62.7696418762207,72.6069030761719,1.51076996326447,23.06,104.233253055963,11.4073087312149,4.35027204269101
Tanzania,2023,79062403821.0,5.069523532,1224.489624,,48.3,27.9,82.4,,48.9705856716908,31951809.0,,,,,,,,,,103.881419177533,13.2380126605938,3.79923291384916
Thailand,2021,506256000000.0,1.568181765,7058.0695,85.3,100.0,100.0,99.8,2753.70621620221,45.6435884456132,40439671.0,,50.0710372924805,47.9351463317871,22.3233699798584,19.329984664917,66.8533401489258,74.1960830688477,,81.05,99.090330651592,6.39672203912046,1.23039541318384
Thailand,2022,495645000000.0,2.462769341,6909.359975,86.1,99.9,100.0,100.0,2867.4155798463,45.8392322037323,40754978.0,14.8299999237061,51.1599998474121,56.4000015258789,23.8178405761719,20.9338073730469,69.4100036621094,77.4700012207031,19.6000003814697,79.65,100.111019008788,6.75505455085063,6.07741228434321
Thailand,2023,514969000000.0,1.887257251,7182.025258,,100.0,100.0,100.0,,45.8541326238565,40729354.0,,51.9336051940918,56.7260437011719,23.8868293762207,20.694507598877,71.2167053222656,78.8803329467773,,,96.8527351632666,5.71867102914376,1.22802623546169
Timor-Leste,2021,3624889700.0,5.363126627,2684.827044,16.4,100.0,100.0,100.0,,45.6962565796842,571456.0,11.815336227417,46.9296875,52.0851135253906,10.4178972244263,13.9850158691406,55.0048217773438,61.0632934570312,9.2096529006958,,72.837129361481,0.159591458898645,3.69792094666786
Timor-Leste,2022,3208594000.0,-20.58424404,2343.245247,17.7,99.7,100.0,100.0,,45.7003089598352,594252.0,1.59040260314941,35.2608528137207,40.8955307006836,2.21867418289185,3.0428638458252,43.8927841186523,48.9640808105469,0.935539841651917,,86.3877698456084,0.119603513050457,7.00530945399787
Timor-Leste,2023,2079916900.0,-18.11781338,1502.519638,,100.0,100.0,100.0,,45.8337758014203,602680.0,,,,,,,,,,143.446000174334,,8.42035103310377
Togo,2021,8342243646.0,5.990876104,939.6133738,11.0,55.7,24.7,96.3,161.515970426583,48.0790507038483,3047816.0,,,,,,,,,16.5,110.326132774755,12.9541596011051,4.1862150652352
Togo,2022,8169476149.0,5.759542515,898.7581544,11.9,57.2,25.0,96.5,191.864716012717,48.0377027641683,3157116.0,9.75323963165283,26.255350112915,52.4119758605957,3.32531976699829,10.9990587234497,52.221378326416,76.8500747680664,2.74154734611511,16.89,114.289639094233,13.9523973416975,7.96757361617945
Togo,2023,9171261838.0,6.407922156,985.6975126,,59.2,30.5,95.0,,48.0398789969448,3253141.0,,,,,,,,,,113.61690883173,14.0042496499961,5.48928568141124
Tonga,2021,518228012.1,0.362601972,4912.579506,87.6,100.0,100.0,100.0,,42.960760337928,35984.0,5.48247671127319,94.1549835205078,94.0618209838867,24.3886299133301,24.2177963256836,99.84423828125,100.0,5.28426790237427,,154.016035093165,0.797654768404177,5.64051140636751
Tonga,2022,518180042.2,-2.309860027,4933.074791,89.5,100.0,100.0,100.0,,43.4121574237707,35649.0,,,,,,,,,,134.620377192673,1.11313782272486,10.9713652903022
Tonga,2023,,,,,100.0,100.0,100.0,,44.1697721389355,35153.0,,,,,,,,,,,1.25540829121458,6.35112980255189
Turkiye,2021,819865000000.0,11.43939569,9743.212778,95.2,100.0,100.0,100.0,3587.45836676577,32.0955466642628,33490693.0,22.6306686401367,43.0357894897461,59.7846412658691,18.4376373291016,22.6306686401367,76.8506622314453,93.5403671264648,18.4376373291016,83.83,99.5950517497562,10.5196841575142,19.5964926913324
Turkiye,2022,907118000000.0,5.533427875,10674.50416,95.1,100.0,100.0,100.0,3554.2281621305,33.2107714375806,35081594.0,22.8418922424316,44.3571510314941,61.016773223877,19.1076641082764,22.8418922424316,77.2250366210938,93.8049392700195,19.1076641082764,81.77,104.001725333234,18.1693820958405,72.3088359891207
Turkiye,2023,1118250000000.0,5.111168185,13105.65857,,100.0,100.0,100.0,3522.5385379468,33.7733158299225,35554975.0,,,,,,78.4662857055664,94.2785263061523,,81.35,102.444933328497,12.9680624489379,53.8594087593315
Uganda,2021,40529788749.0,3.536580341,882.7917175,0.7,45.2,35.9,72.3,84.2500903379653,48.09564486883,20084883.0,5.99678754806519,32.6903381347656,46.6981315612793,9.87834644317627,15.4138269424438,80.9695739746094,92.2135925292969,2.97589683532715,9.1,106.14267322265,17.8527787215045,2.20457204757414
Uganda,2022,45565333211.0,4.588021922,963.0673141,0.6,47.1,35.9,72.0,89.8701256209773,48.2247194587173,21366285.0,,,,,,,,,8.73,104.924441527914,19.5207035883671,7.1957888597581
Uganda,2023,48768955863.0,5.336972955,1002.309139,,51.5,42.4,76.4,,48.2857414368039,22045945.0,,,,,,,,,,103.992427789961,20.8331652860004,5.35094804280395
United Kingdom,2021,3143320000000.0,8.575950905,46896.86624,100.0,100.0,100.0,100.0,4568.580341577,47.9770696325641,34115633.0,38.2099990844727,99.7900009155273,99.8399963378906,,,100.0,100.0,40.939998626709,77.54,100.223987048219,7.89829173582968,2.51837109614213
United Kingdom,2022,3114040000000.0,4.839085147,45935.92765,100.0,100.0,100.0,99.9,4323.34675694414,47.7428002846933,34567721.0,35.0792808532715,99.0031661987305,98.9367523193359,,,99.467155456543,99.4016189575195,36.627269744873,77.21,101.746141192229,11.8163853934984,7.92204883147902
United Kingdom,2023,3380850000000.0,0.339966158,49463.85546,,100.0,100.0,100.0,4144.03803950256,47.5395837224322,34877594.0,36.4908866882324,99.1117401123047,98.9811477661133,,,99.486213684082,99.5049133300781,37.7587814331055,75.54,100.560361672615,9.03091696679821,6.79396706793963
United States,2021,23681200000000.0,6.055052933,71318.30736,100.0,100.0,100.0,100.0,12558.0118863007,45.1871646061113,167156631.0,33.926570892334,95.4242782592773,95.0670928955078,49.8460350036621,45.8285980224609,97.3503875732422,97.2186889648438,36.1168403625488,81.38,103.63170385451,11.39536261799,4.69785886363742
United States,2022,26006900000000.0,2.51237532,78035.17536,100.0,100.0,100.0,100.0,12997.1874485207,45.3048330640353,169115595.0,36.2400016784668,96.6500015258789,96.3300018310547,,,99.0999984741211,98.9499969482422,39.0099983215332,81.37,103.687230150868,13.4056894070101,8.00279982052121
United States,2023,27720700000000.0,2.887556009,82769.41221,,100.0,100.0,100.0,12715.9199652795,45.5675715992238,171333247.0,37.4134254455566,97.8671188354492,97.8290481567383,51.0278244018555,47.1489868164062,99.6151351928711,99.6895904541016,39.6601219177246,81.59,102.876336965263,17.9836824101844,4.11633838374488
Uruguay,2021,60760798596.0,5.561892793,17888.21151,100.0,100.0,100.0,100.0,3524.60259163687,46.4839120459757,1722127.0,,62.5299987792969,59.2999992370605,,,92.5500030517578,91.5699996948242,,46.76,92.859567414349,7.50974291433145,7.74791402314762
Uruguay,2022,70164683290.0,4.707257615,20691.9739,100.0,100.0,100.0,100.0,3589.8886229166,45.942897085336,1733922.0,18.1100006103516,64.620002746582,60.7099990844727,,,93.25,92.4000015258789,25.4200000762939,44.91,94.9292879671729,6.63893366279478,9.10437983075437
Uruguay,2023,77240830877.0,0.367475176,22797.81117,,100.0,100.0,100.0,,46.7190843951169,1761109.0,,63.2317161560059,59.2935447692871,17.0897464752197,12.1885824203491,93.1510848999023,92.3171081542969,,,96.7378878895147,6.62244216838713,5.86910359896119
