Country,Time,Fossil fuel energy consumption (% of total),Electric power consumption (kWh per capita),Access to electricity (% of population),Gross national expenditure (% of GDP),Interest payments (% of revenue),GDP (Current $),GDP Growth (Yrly %),"Inflation, consumer prices (annual %)"
Albania,2021,56.22,2509.89982451685,100.0,113.324263171913,6.50561490957785,18032010564.0,8.969553392,2.04147163139545
Albania,2022,55.06,2507.48013906524,100.0,110.303936086105,7.32763843345551,19017242586.0,4.826688314,6.7252027153006
Albania,2023,86.92,2792.95367053278,100.0,105.163525308261,7.05727887013296,23547179830.0,3.936625257,4.75976421930106
Argentina,2021,87.4,2942.91077511635,100.0,96.945271229393,7.83661395979877,486564000000.0,10.44181199,113.84638691295845
Argentina,2022,86.96,2833.11909750338,100.0,98.5299349575039,9.47259379330155,632790000000.0,5.269879674,113.84638691295845
Argentina,2023,47.230000000000004,9887.38765808867,100.0,101.708189111569,0.9166458981774386,646075000000.0,-1.611001621,113.84638691295845
Armenia,2021,78.22,2262.09364345272,100.0,107.857008842587,10.9441131132779,13878908629.0,5.800000001,7.18483629443371
Armenia,2022,75.78,2403.67775831874,100.0,100.960817340158,9.85904112142016,19513506553.0,12.6,8.64091108973855
Armenia,2023,79.38,3804.00457586802,100.0,100.810471614034,11.1089311863769,24085749592.0,8.3,1.98041877615554
Australia,2021,91.53,9848.54749458564,100.0,96.1890803721506,3.20656117385791,1556740000000.0,2.111168148,2.86391042204994
Australia,2022,90.42,9933.15278973003,100.0,94.7585941727542,3.08204640033961,1690860000000.0,4.242385553,6.59409671341846
Australia,2023,90.19,9829.34510394034,100.0,95.6266628445504,2.8811118135572853,1728060000000.0,3.4419922,5.5970149253731
Austria,2021,64.9,8381.61025757953,100.0,99.1366789303958,2.492931518597,480467000000.0,4.795329106,2.7666666666667
Austria,2022,64.1,8260.47675415134,100.0,100.723954933383,2.1554046097905,471774000000.0,5.277894212,8.5468699318845
Austria,2023,62.06,7772.32343246828,100.0,98.1101024815763,2.60985387989499,511685000000.0,-0.954962367,7.81413417002832
Bangladesh,2021,82.5,574.118203146015,99.0,105.676920936264,20.8277384040526,416272000000.0,6.938679124,5.54565430773473
Bangladesh,2022,83.13,602.674747324137,99.4,106.822881412177,1.7054064505025401,460132000000.0,7.099828776,7.69695437176898
Bangladesh,2023,74.44,1827.426831717758,99.5,105.191686003985,8.84499058780984,437415000000.0,5.77511237,9.8835030377921
Barbados,2021,89.99000000000001,2955.5365363178053,100.0,105.88923033413471,5.49347299694786,5275242050.0,-0.25496588,113.84638691295845
Barbados,2022,16.695,176.69034321965,100.0,99.08496251098795,9.04388356062989,6257303500.0,17.83286303,113.84638691295845
Barbados,2023,16.695,176.69034321965,100.0,99.08496251098795,9.04388356062989,6720733200.0,4.09382011,9.79207077126447
Belgium,2021,67.18,7680.00193333532,100.0,98.1310935941277,3.8028487616935,598494000000.0,6.202554016,2.44024851144084
Belgium,2022,67.09,7282.40331295413,100.0,101.460685561862,3.31026343382765,593439000000.0,4.233431834,9.597511728725
Belgium,2023,69.34,6756.77796580304,100.0,100.599627113335,0.9166458981774386,644783000000.0,1.251700632,4.04901077613941
Bolivia,2021,84.13,833.601399304369,98.6,103.37070474402,9.55409350635954,40406111695.0,6.111372752,0.737383721452275
Bolivia,2022,84.84,859.308409911805,99.9,102.532789066883,5.246275433750525,44008282878.0,3.605680383,1.74632872945969
Bolivia,2023,46.785000000000004,474.5892677663912,99.8,105.393759328364,10.388055939790839,45135398009.0,3.081965241,2.57688800489192
Bosnia and Herzegovina,2021,79.95,3835.85723720279,100.0,113.600640934544,1.51220444054424,23672712242.0,7.38996234,1.98163900587622
Bosnia and Herzegovina,2022,78.81,3772.15191453325,100.0,113.539033702049,1.47421825812242,24534663636.0,4.226811011,14.0208440826771
Bosnia and Herzegovina,2023,61.05,364.560952408552,100.0,114.101310556985,2.01260988789197,27514782476.0,2.211124472,6.1059011284828
Botswana,2021,66.27,1455.7925845357,73.7,102.195108664477,1.70232678290708,18750946600.0,11.92063651,7.24097765588442
Botswana,2022,66.7,1522.19852354121,75.9,95.256192210626,2.18057642885417,20321958850.0,5.486028178,11.665567478802
Botswana,2023,81.475,3786.92178431091,76.0,102.206982230167,5.5572247063173705,19396084498.0,2.73379817,5.0676154934383
Brazil,2021,53.72,2723.96659104663,99.5,99.4374700132333,23.935768122229,1670650000000.0,4.762604379,8.30165975585673
Brazil,2022,51.04,2787.76089640442,100.0,99.5545359694656,25.8537229370519,1951920000000.0,3.016694354,9.28010608956873
Brazil,2023,49.35,2916.48609397384,99.8,97.6333877496451,30.8390881041646,2173670000000.0,2.908480487,4.59356282283204
Bulgaria,2021,65.86,5261.46440772794,99.8,97.5160399961702,1.32799708932145,84417951261.0,7.780614814,3.29774435299515
Bulgaria,2022,68.8,5387.96542212904,100.0,98.8859665999234,1.00199456087962,90642851836.0,4.038777583,15.3252589264366
Bulgaria,2023,27.17,429.98326378350055,100.0,95.897488942343,1.33562637850456,102408000000.0,1.886814839,9.44284140088564
Burkina Faso,2021,24.89,129.709864992171,19.0,96.8262116284175,8.62379397927597,19697516284.0,6.942524926,3.65353287214209
Burkina Faso,2022,24.03,131.191746177691,19.5,101.354188147324,8.62113509852307,18820218691.0,1.497239741,14.2902354303358
Burkina Faso,2023,77.39,3229.5874670254,21.7,107.097730096299,1.717992360034375,20324617845.0,2.960181474,0.742910428668841
Cambodia,2021,55.82,725.390524089204,82.5,99.7543374472379,1.85235096785957,36790163687.0,3.089842841,2.92073477592949
Cambodia,2022,54.93,813.232441120437,92.3,100.512003543664,3.9506008539935697,39994532960.0,5.103368887,5.34370264895437
Cambodia,2023,41.325,2920.94086874386,95.0,99.6994048931773,1.55981498128824,42335646896.0,4.960066589,2.12746796594194
Canada,2021,76.34,14782.8716127233,100.0,99.9745741467541,5.21937669967861,2007470000000.0,5.286956891,3.39519318527528
Canada,2022,76.91,14591.314180806,100.0,99.8449146177304,6.14076007081138,2161480000000.0,3.819866339,6.80280115341613
Canada,2023,76.78,14148.3211494028,100.0,100.438395098439,7.43937006784603,2142470000000.0,1.248927304,3.87900159788426
Chile,2021,70.71,4306.7208858565,100.0,100.891280249983,3.54372318434982,315515000000.0,11.33395707,4.52456838259144
Chile,2022,70.08,4422.38228375379,100.0,103.957566068883,3.81839448820788,302117000000.0,2.058740081,11.643866711056
Chile,2023,66.66,4240.07831593276,100.0,98.6936209445554,4.62593321269895,335533000000.0,0.218780667,7.58168251407962
China,2021,87.16,5847.80226004701,100.0,97.0620027287315,3.4419404251668,17820500000000.0,8.448469417,0.981015135544882
China,2022,86.72,6112.13553560996,100.0,96.5881911119158,2.3486743581906904,17881800000000.0,2.95066993,1.97357555739051
China,2023,86.94,5979.968897828485,100.0,97.7167870019781,2.3486743581906904,17794800000000.0,5.249557864,0.234836828893051
Colombia,2021,76.07,1569.1710661367,100.0,107.66513448384,12.7782491036127,318525000000.0,10.80119819,3.49505757399448
Colombia,2022,73.8,1548.65063830136,100.0,107.609177087082,15.4737835773436,345330000000.0,7.288883887,10.1772313546166
Colombia,2023,75.26,2715.188536430423,98.7,104.819206617919,13.8179876064218,363494000000.0,0.610409566,11.7359044948689
"Congo, Dem. Rep.",2021,2.86,133.667602188594,20.8,99.7096522903166,0.557011168639761,55328482784.0,6.200154011,113.84638691295845
"Congo, Dem. Rep.",2022,3.97,130.667931495784,21.5,102.73276735231,0.514036894677786,65801547620.0,8.924447626,113.84638691295845
"Congo, Dem. Rep.",2023,82.72999999999999,5073.923909769635,22.1,102.769285406614,2.9838846383393403,66383287003.0,8.560862509,113.84638691295845
Costa Rica,2021,50.17,2111.26982909841,100.0,98.4289282487777,16.0641742418659,64960725734.0,7.935762247,1.72647755109241
Costa Rica,2022,50.71,2125.2458545407,100.0,97.4171403066588,15.2927261286011,69243626029.0,4.55149178,8.27477490232654
Costa Rica,2023,51.55,2067.75992674603,100.0,94.6407350098788,15.8726448263341,86497941439.0,5.111921832,0.525193508693455
Cote d'Ivoire,2021,35.9,308.099910201629,71.1,100.521497102363,14.8113398704174,72794636654.0,7.063329102,4.09195189692863
Cote d'Ivoire,2022,37.58,323.704535370651,72.0,104.377934441899,17.4439105528207,70173140101.0,6.217850913,5.27616724262846
Cote d'Ivoire,2023,66.39,7916.00260756483,72.4,103.534001642215,18.0465156613231,78875489245.0,6.2,4.38711707003279
Croatia,2021,66.42,4506.59593331341,100.0,102.749020069014,4.45653656154736,69006802299.0,12.63170033,2.55450699642041
Croatia,2022,67.97,4475.52041281852,100.0,106.219914563597,3.84002783469285,71198635102.0,7.287936432,10.7805806758686
Croatia,2023,69.94,8706.68710837352,100.0,101.832600858672,4.19525733263229,84393795502.0,3.302544881,7.9412817758683
Cyprus,2021,86.87,3716.66784330783,100.0,95.3121101672452,4.2117025800263,30372874320.0,11.38776336,2.44608867175474
Cyprus,2022,86.5,3848.66716239663,100.0,96.7805004677601,3.27726419684437,30976176887.0,7.365622524,8.39548297993334
Cyprus,2023,32.895,25596.3632029491,100.0,98.7492688654103,2.94038103251397,33886930712.0,2.611900909,3.54134188751663
Czechia,2021,70.25,6690.60779160256,100.0,96.2780260171804,2.31247683033459,290973000000.0,4.029018306,3.83984491500146
Czechia,2022,70.25,6362.84194009099,100.0,99.1926378237789,3.39431675553378,301831000000.0,2.847170657,15.1001651468371
Czechia,2023,67.78,5987.64253672804,100.0,95.0054190052001,8.36459593427909,343208000000.0,-0.085330276,10.6612601372426
Denmark,2021,53.53,6160.08959261076,100.0,93.7631958881996,1.00067624992885,408378000000.0,7.38206629,1.8530454398968
Denmark,2022,54.36,5870.02927476145,100.0,90.4462114493322,1.64048292956573,401946000000.0,1.540173107,7.6965669988926
Denmark,2023,50.01,5929.08770745081,100.0,91.849280677718,1.20740375161758,407092000000.0,2.495184331,3.30517811237606
Dominican Republic,2021,88.12,1714.48205578904,98.1,109.229462908226,18.9576345146679,94243425938.0,12.27199023,8.24300347981809
Dominican Republic,2022,89.36,1716.80675546229,98.1,110.106062478081,17.7800326047216,113537000000.0,4.858324036,8.81109209279587
Dominican Republic,2023,61.68,5181.132741949345,99.6,107.337819927212,2.0567473761441653,121444000000.0,2.360615687,4.78561281021135
El Salvador,2021,51.37,1070.6894837448,97.9,124.28211963307,11.074827718446,29043140000.0,11.9047617,3.46692585313082
El Salvador,2022,55.46,1109.9754646221,100.0,124.824626777022,11.182101706662,31988920000.0,2.799552169,7.19861615609867
El Salvador,2023,55.64,917.682994355652,98.3,118.67045198647,13.0279080903743,34015620000.0,3.510977066,4.04554694222477
Estonia,2021,65.31,6644.21623343642,100.0,100.61480647401,0.193777037421066,37204563051.0,7.154447483,4.65316673847473
Estonia,2022,69.95,6464.07283295276,100.0,100.466270365303,0.298587881373055,38376046175.0,0.060427832,19.3982634080616
Estonia,2023,60.93,5749.16477290142,100.0,101.838703520239,0.954794520547945,41291245222.0,-3.023035841,9.15922507983982
Fiji,2021,89.99000000000001,2955.5365363178053,92.1,127.218552180626,17.1738754944798,4305031631.0,-4.881036056,0.155855722131516
Fiji,2022,89.99000000000001,2955.5365363178053,92.0,121.369134299383,17.1372744769299,4969503561.0,19.79272669,4.52019266394958
Fiji,2023,89.99000000000001,2955.5365363178053,99.3,105.88923033413471,16.8323588300452,5442046565.0,7.524290882,2.14817440623896
Finland,2021,36.31,15646.5861772306,100.0,99.9344760495892,1.22108861706105,294223000000.0,2.734713486,2.19457432340007
Finland,2022,35.74,14749.7185978813,100.0,102.333122905112,1.30450765516488,280242000000.0,1.450048073,7.12350773301402
Finland,2023,32.66,14352.4852025758,100.0,100.289770232694,2.08793277541031,295532000000.0,-1.163962815,6.25064322154763
France,2021,47.34,6942.44523564921,100.0,101.212382764451,3.07667323376769,2966430000000.0,6.882337866,1.64233141038385
France,2022,49.71,6677.39513463708,100.0,102.782805830307,4.1510830155335,2796300000000.0,2.570840474,5.22236748369735
France,2023,46.47,6456.64409937944,100.0,101.999493632245,3.77583730635875,3051830000000.0,0.936487503,4.87835726508441
Georgia,2021,75.86,3604.85464904641,100.0,116.252415848758,5.18531948509415,18853115589.0,10.64423366,9.56691433824769
Georgia,2022,78.88,3682.96097887624,100.0,109.737760225089,3.8975768505699,24984568960.0,10.95853214,11.8981654203198
Georgia,2023,86.685,3782.66750285223,100.0,108.617059533248,5.24102402355044,30777833585.0,7.832201215,2.48776056578715
Germany,2021,77.03,6582.54587433797,100.0,94.8414507433781,0.976158361457174,4348300000000.0,3.669999862,3.06666666666673
Germany,2022,78.47,6285.24659632329,100.0,97.5030919230623,1.47665269641737,4163600000000.0,1.369731055,6.87257438551097
Germany,2023,77.6,6045.29298751201,100.0,95.9944093368852,1.115783326335877,4525700000000.0,-0.26643841,5.94643667725823
Greece,2021,81.81,4997.1582541623,100.0,107.491838597389,5.64754145062959,218304000000.0,8.654497853,1.22382501019854
Greece,2022,81.71,4827.78285698736,100.0,109.639438339911,5.43904586568478,218881000000.0,5.74364919,9.64525981280632
Greece,2023,79.08,4534.19835572963,100.0,104.739772806189,7.46163429686217,243498000000.0,2.332123883,3.46480128513405
Guatemala,2021,35.64,784.094234500942,97.9,113.998060791921,13.4309783450153,86478835636.0,8.033267715,4.26105127422813
Guatemala,2022,34.57,669.883594558613,99.1,116.537510708073,12.6698683066773,95630524813.0,4.200155889,6.88512823344287
Guatemala,2023,20.285,187.2544861520405,100.0,115.065464747778,12.5579875198037,104450000000.0,3.526792142,6.20657592272126
Honduras,2021,53.21,780.475801605792,94.1,124.641846740067,5.559181082835625,28144331507.0,12.56528438,4.48087963413445
Honduras,2022,54.72,757.081126374635,94.4,127.820135333071,8.09796222082154,31426041807.0,4.14356194,9.08963911525025
Honduras,2023,55.64,917.682994355652,95.6,123.932316935702,7.14165819079444,34400509852.0,3.582603626,6.66325180347457
Hungary,2021,67.9,4719.10549768272,100.0,99.8059975643138,6.06394341980823,182110000000.0,7.06122061,5.11096534382855
Hungary,2022,66.04,4680.96591412799,100.0,104.440373724147,7.13723096058085,177006000000.0,4.583407673,14.6081439492433
Hungary,2023,64.22,4601.66222798432,100.0,94.8878644394882,3.451474870922085,212389000000.0,-0.907685956,17.1249659678737
Iceland,2021,11.11,51135.5095028455,100.0,101.728096355834,12.3594773915544,25825287184.0,5.254209753,4.44423970189739
Iceland,2022,11.69,51258.7597479601,100.0,100.139350030153,16.3468153902564,28770206627.0,8.992507613,8.3087551155892
Iceland,2023,10.33,50082.7509412761,100.0,99.5073082744008,14.9405161504285,31325116556.0,5.03717944,8.73630299937298
Indonesia,2021,75.94,1028.37477325366,99.2,96.324627286146,1.46024464029068,1186510000000.0,3.702885628,1.56012990525673
Indonesia,2022,77.18,1257.23679274733,100.0,90.4753313272083,8.540673277570189,1319080000000.0,5.307419348,4.20946383402165
Indonesia,2023,82.91,1953.9881933565398,99.4,92.3883560368781,8.540673277570189,1371170000000.0,5.048105771,3.67013142377007
Ireland,2021,86.58,6167.09489299375,100.0,58.3804319620943,3.41260597010586,531307000000.0,16.25561324,2.34034113447044
Ireland,2022,85.84,6125.9848616838,100.0,58.1563959550143,2.9595615709144,548570000000.0,8.619503552,7.82945736434105
Ireland,2023,82.36,6057.7285402065,100.0,66.7216734986914,2.10748493106449,551395000000.0,-5.530007361,6.29942487419125
Israel,2021,97.42,6809.86832276928,100.0,96.9987396334208,8.17542767848765,489708000000.0,9.343907746,1.51020047690539
Israel,2022,97.3,6842.79361757782,100.0,97.5607384359967,9.7586771351396,525000000000.0,6.470371502,4.39359665912654
Israel,2023,96.52,6622.90142057684,100.0,96.3201649301763,9.12834901707753,513611000000.0,2.42300691,4.22535211267609
Italy,2021,78.28,5290.22854904133,100.0,97.9587653216481,8.44362371964955,2179210000000.0,8.931062066,1.87378325762481
Italy,2022,78.73,5215.69012140866,100.0,101.819148787547,10.1440708273473,2103000000000.0,4.661762651,8.20128991161718
Italy,2023,76.77,5049.79576131089,100.0,98.780639899955,8.9438207443549,2300940000000.0,0.697632994,5.62219442195901
Japan,2021,86.74,7959.55856479318,100.0,100.520530016573,1.115783326335877,5034620000000.0,2.559320239,-0.233352779398264
Japan,2022,87.31,7803.26941727044,100.0,103.760303771542,1.115783326335877,4256410000000.0,0.954736938,2.49770278172255
Japan,2023,84.82,7044.258006796865,100.0,101.546231797474,1.366030493815975,4204490000000.0,1.679019523,3.26813365933163
Kazakhstan,2021,98.46,5321.52110230336,100.0,89.444065655368,8.89201718246527,197112000000.0,4.299999997,8.04147134028396
Kazakhstan,2022,98.15,5271.52788457214,100.0,84.9123094342143,7.06990907348092,225496000000.0,3.2,15.0278644440851
Kazakhstan,2023,67.59,4993.437722913815,100.0,92.1429027616659,8.9577841399038,262642000000.0,5.1,14.7249900200331
Kenya,2021,20.8,184.426039295693,76.5,108.034254703865,23.4089223789498,109704000000.0,7.590489473,6.10793603659176
Kenya,2022,20.2,189.355465367737,76.0,106.955210523749,21.7935192162773,114449000000.0,4.859981043,7.65986268272224
Kenya,2023,19.77,190.082933008388,76.2,105.221325894316,24.2772783373307,108039000000.0,5.555873013,7.67139634029402
"Korea, Rep.",2021,82.19,11397.3392731969,100.0,96.4449931100325,3.32515319325515,1818430000000.0,4.304734819,2.49833333333339
"Korea, Rep.",2022,79.89,11492.9257726667,100.0,100.029346269746,3.5979328479696,1673920000000.0,2.612672192,5.08951365062842
"Korea, Rep.",2023,79.05,11307.6655429113,100.0,99.9553867153918,4.50681533589999,1712790000000.0,1.356733243,3.5974562502901
Kosovo,2021,66.105,1701.26803929628,100.0,131.820065029923,1.82752994436737,9413403724.0,10.74565608,3.35369139207997
Kosovo,2022,66.105,1701.26803929628,100.0,132.76072883082,1.82752994436737,9354903062.0,4.278498958,11.5805104542012
Kosovo,2023,35.405,768.1797950515686,100.0,130.670913744709,2.57501712436791,10468219225.0,4.067627014,4.94432438791283
Kyrgyz Republic,2021,70.29,1975.4134443714,99.7,128.650197105643,2.39965159752016,9249133946.0,5.507007627,11.9050398185147
Kyrgyz Republic,2022,72.86,1971.4074947749,99.7,141.112174387207,2.39381925333642,12134931018.0,8.9675052,13.9229093174176
Kyrgyz Republic,2023,80.08,3636.35434593532,100.0,136.26249777443,2.34718616530786,13987627909.0,6.151391837,10.7532770416742
Latvia,2021,53.05,3838.17372339466,100.0,103.173911966127,1.5796707838096,38185125733.0,6.947233162,3.27582937431156
Latvia,2022,49.12,3696.42590147937,100.0,104.887793081122,1.46087445502,38018905782.0,1.812682402,17.3102830198815
Latvia,2023,47.81,3628.86795618513,100.0,103.739293968085,1.8642216713619,42247850065.0,1.70679525,8.93804623316637
Lebanon,2021,93.89,1750.05010386277,100.0,126.777364785407,13.5908223351618,23131941557.0,-7.001238625,154.756096023393
Lebanon,2022,89.18,680.652360897549,100.0,145.23072047131,1.717992360034375,20992421949.0,-0.621678971,171.205491336641
Lebanon,2023,91.535,1215.3512323801594,100.0,116.321094494629,9.41592317935612,1772571157.5,7.7645664805,221.341644023365
Lesotho,2021,89.99000000000001,2955.5365363178053,50.4,146.894300664057,2.40864972193986,2412130057.0,2.26671067,6.04774591950676
Lesotho,2022,89.99000000000001,2955.5365363178053,50.0,149.361382150055,3.3475027835483,2354683089.0,2.387780202,8.27180389943028
Lesotho,2023,89.99000000000001,2955.5365363178053,57.3,155.668972562938,2.30145553738144,2117962451.0,1.826625259,6.34221743124953
Lithuania,2021,62.69,4711.44539189864,100.0,95.5468488855844,1.39381523157208,67037321009.0,6.380016762,4.68354420903453
Lithuania,2022,61.9,4416.1702815931,100.0,102.091913562406,0.981559371523915,71033884500.0,2.537525009,19.7050461518394
Lithuania,2023,61.44,4202.90536411076,100.0,96.096192807879,1.41140781851233,79789877416.0,0.342262552,9.11731962390475
Luxembourg,2021,74.02,12151.9098090191,100.0,66.6958408178123,0.347271725687034,85584105994.0,7.168401987,2.52692009066166
Luxembourg,2022,71.34,11629.0998510189,100.0,65.957257284371,0.345779771187577,81641807866.0,1.380185891,6.33600807777919
Luxembourg,2023,70.39,11168.4648050058,100.0,69.1594570958868,0.594591293297237,85755006124.0,-1.095723616,3.74140361983136
Madagascar,2021,13.7,80.2934672339167,35.1,108.908471010005,5.41362524812497,14554754117.0,5.739615739,5.81225118787715
Madagascar,2022,13.97,81.3148068743768,36.1,108.098948297841,4.8156264476304,15134700203.0,3.999999999,8.16059031991844
Madagascar,2023,67.44,1554.945505326706,39.4,107.043934441021,3.3395520374302503,15790113247.0,3.8,9.87432675044888
Malawi,2021,80.9,2152.8111981032,14.2,123.838159484279,24.7721619492629,12378129751.0,4.55829212,9.33014410835212
Malawi,2022,80.9,2152.8111981032,14.0,123.838159484279,29.9238225072927,12429060151.0,0.921115069,20.953969729969
Malawi,2023,80.9,2152.8111981032,15.6,123.838159484279,4.642823265326825,12712150082.0,1.892457988,28.7897428247298
Malaysia,2021,95.82,4860.27830199398,100.0,92.7698835274889,16.2860332189783,373785000000.0,3.315349544,2.47710241465447
Malaysia,2022,96.01,4986.12312555985,100.0,92.8050409934553,14.020107638443,407606000000.0,8.861821876,3.37869862549928
Malaysia,2023,60.28,3377.354766623612,100.0,94.9005053250616,14.7101686251226,399705000000.0,3.555487154,2.48886560125754
Maldives,2021,89.99000000000001,2955.5365363178053,100.0,90.4093263688864,9.73153770268114,5252457370.0,37.50787012,0.543149688737013
Maldives,2022,16.695,176.69034321965,100.0,96.9017192367979,9.04388356062989,6177118114.0,13.82608952,2.33314337624567
Maldives,2023,16.695,176.69034321965,100.0,101.268205785178,9.04388356062989,6590894302.0,4.72639189,2.92746542425035
Malta,2021,88.08,4936.97641050959,100.0,83.4546504893242,3.18007304054687,19718565605.0,13.4603052,1.49789217934724
Malta,2022,87.17,5170.16581030308,100.0,86.5265691299489,2.85195836757053,19209979975.0,4.147882816,6.15375621933037
Malta,2023,86.92,2792.95367053278,100.0,81.9227904037924,3.38642939364714,22328640242.0,7.498512459,5.09396758978883
Mauritius,2021,87.3,2211.89670339737,99.6,110.1276714835,9.46200697224062,11484348858.0,3.403798662,4.02852888157383
Mauritius,2022,88.94,2334.2149014315,100.0,106.564144581351,8.03023823943907,12927979286.0,8.879885197,10.7737512242899
Mauritius,2023,47.485,1168.0195070371283,100.0,103.961581917495,9.78887697988304,14644524819.0,6.958287403,7.05298238454735
Mexico,2021,88.64,2650.73959396575,100.0,101.437966653449,15.8259382639258,1316570000000.0,6.048483443,5.68920847683753
Mexico,2022,87.94,2351.59528868272,100.0,104.68204899422,17.1966048280522,1464310000000.0,3.689111093,7.8962761916855
Mexico,2023,88.66,2412.61431663365,99.7,105.975650223597,18.5493152744806,1789110000000.0,3.199981166,5.52796087314389
Moldova,2021,83.5,2401.17820687115,100.0,127.173311114547,2.64945699607183,13691869264.0,13.92999979,5.10641129002836
Moldova,2022,81.27,2255.74554684034,100.0,128.2529785956,3.11978149500439,14510490660.0,-5.015482319,28.7372976766236
Moldova,2023,67.285,1614.007566627956,100.0,124.054802871834,5.61592322277894,16539436547.0,0.78324271,13.41701043813
Mongolia,2021,95.03,2427.49075653249,100.0,104.63434450674,6.16819515777145,15286441738.0,1.636769577,7.35281243380219
Mongolia,2022,94.72,2545.61487913499,100.0,108.110968813531,3.4356657569967597,17146471714.0,5.032709637,15.1479560897226
Mongolia,2023,77.39,3229.5874670254,100.0,91.4290175988193,1.717992360034375,20325121394.0,7.422112762,10.3475831314339
Morocco,2021,90.26,950.467605491107,100.0,109.251247294493,8.7322327235262,142022000000.0,8.154738898,1.40195883962006
Morocco,2022,90.12,978.27258674367,100.0,111.508780526666,7.96111730498483,130952000000.0,1.52720358,6.65704202759067
Morocco,2023,74.86500000000001,2763.8085271657383,100.0,108.287240716216,8.01285790687035,144417000000.0,3.403341301,6.09114152504141
Nepal,2021,28.01,306.293365125237,89.9,128.790750321404,3.85657960803328,36924841394.0,4.838149614,4.14968003360264
Nepal,2022,26.47,321.045264151601,91.3,131.060136194842,1.1051014058812625,41182939601.0,5.631314559,7.6507917679853
Nepal,2023,17.785,202.64767724478315,94.0,124.251019385784,9.55409350635954,40908073367.0,1.952544633,7.11475951738199
Netherlands,2021,86.2,6704.42622513238,100.0,90.2548370814873,1.37852571431798,1054470000000.0,6.276830732,2.67572008805385
Netherlands,2022,83.92,6365.46605154448,100.0,91.2202410899358,1.31007374266336,1046540000000.0,5.00723459,10.0012078753473
Netherlands,2023,83.52,6198.03517535853,100.0,88.8312933976147,1.66508098936678,1154360000000.0,0.074560722,3.83839354342808
New Zealand,2021,58.39,8160.1549507953,100.0,103.875048103468,2.7790937589294,253644000000.0,4.546247639,3.94112060778728
New Zealand,2022,54.94,8099.15578832174,100.0,105.05185741011,3.16844434778101,246734000000.0,2.774842648,7.17222476016441
New Zealand,2023,55.44,7941.26093699144,100.0,102.869102960908,2.0172510250719897,252176000000.0,0.733302172,5.73316283034957
Nicaragua,2021,41.18,618.233276511455,86.3,113.460552686542,5.89676136916424,14144060853.0,10.31609128,4.92841396948968
Nicaragua,2022,39.85,682.400254120922,86.5,115.645377615415,5.42369578364592,15649897117.0,3.752284757,10.4674244465991
Nicaragua,2023,75.47,2527.75735182592,88.3,113.270988336478,6.92450959326027,17829218219.0,4.569223171,8.38765854872536
Nigeria,2021,55.75,142.790930090716,59.5,109.64046143819749,8.84499058780984,440834000000.0,3.647186541,16.9528457221608
Nigeria,2022,55.72,135.603309430584,60.5,99.9303169318894,1.87416990490579,477403000000.0,3.251681408,18.8471877843274
Nigeria,2023,85.53999999999999,2733.033274795182,61.2,98.79454507270395,7.53669794881819,363846000000.0,2.860214991,24.6595502031139
North Macedonia,2021,78.0,3793.4499437705,100.0,115.83354468123,4.21080976112559,14000283827.0,4.51067949,3.23074912132919
North Macedonia,2022,82.16,3479.25874810014,100.0,120.576435759064,6.099760702246241,13932436550.0,2.758884153,14.2047173195833
North Macedonia,2023,67.44,1554.945505326706,100.0,113.036179366243,3.3395520374302503,15763621848.0,2.072749779,9.36187249769016
Norway,2021,50.61,24650.1686290752,100.0,85.1501099346868,0.391633770502513,503368000000.0,3.908686777,3.48388055266678
Norway,2022,46.54,23373.4710590389,100.0,71.6850525297861,0.457014512720826,593727000000.0,3.005635161,5.76412317852272
Norway,2023,46.29,23520.0270164798,100.0,85.2689944406515,1.03385527254985,485311000000.0,0.479647246,5.51784987104659
Pakistan,2021,65.49,570.098770866866,94.9,108.927222425943,8.36459593427909,348517000000.0,6.513885759,9.49621056124947
Pakistan,2022,63.94,605.788247596384,95.0,111.950173683923,8.77072075509644,374890000000.0,4.778106869,19.8738599646655
Pakistan,2023,67.22,5113.8604263304005,95.6,107.640439232144,2.940670751956765,337912000000.0,-0.039692523,30.7681280657005
Papua New Guinea,2021,44.995,27409.23524086087,20.9,105.7329282904615,16.2269053209577,26109413522.0,-0.511353444,4.48359014042398
Papua New Guinea,2022,55.09,933.5282954983675,19.0,126.32238105504649,13.8767385123088,31647277767.0,5.707584118,5.25323922215241
Papua New Guinea,2023,86.685,3782.66750285223,20.5,116.818106803845,13.9388057554887,30729242919.0,3.035704755,2.29869991296791
Paraguay,2021,37.29,2126.51301236262,100.0,98.7680880008174,6.64579341677256,39950899939.0,4.016737318,4.787983101236
Paraguay,2022,34.84,2213.01378130259,100.0,104.99913585175,7.23990261827236,41952910858.0,0.176038366,9.76556667164402
Paraguay,2023,41.325,2920.94086874386,99.8,97.8934725403797,9.23714257628647,42956263544.0,4.714124079,4.63202285403356
Peru,2021,73.64,1531.64376685862,95.6,96.9835378765455,6.55420064925363,226354000000.0,13.35522951,4.27166381536798
Peru,2022,76.85,1588.44822284327,96.2,99.4422047773844,2.211926319497795,246489000000.0,2.725500216,8.33370630096231
Peru,2023,67.59,4993.437722913815,96.2,96.7322779629888,5.106596215559191,267603000000.0,-0.550182306,6.45561348369586
Philippines,2021,65.61,846.694921660693,97.5,111.980539981119,14.289552421245,394087000000.0,5.714733134,3.92718022100332
Philippines,2022,66.2,884.680258485773,94.8,115.654880519172,14.1895600248204,404353000000.0,7.580982128,5.82115811213955
Philippines,2023,74.44,1827.426831717758,98.0,114.08923687241,16.4345728844051,437146000000.0,5.545851171,5.97802515541409
Poland,2021,87.22,4631.20010705876,100.0,96.7983308773414,2.92109045364879,689170000000.0,6.927182661,5.05502704719272
Poland,2022,86.42,4596.71266565855,100.0,98.3163003692536,4.05151988034782,695607000000.0,5.255456974,14.4294507575758
Poland,2023,84.61,4355.69717989739,100.0,94.2395806691537,5.21673872257117,809201000000.0,0.138832755,11.5289127961105
Portugal,2021,67.8,4901.6433485549,100.0,102.776690846195,6.00580997592147,256056000000.0,5.558757523,1.26565719069044
Portugal,2022,67.38,5085.23209727273,100.0,102.400782918032,4.95387039532298,256899000000.0,6.985841938,7.83269124233323
Portugal,2023,63.08,5143.13718038671,100.0,99.0778176935214,5.49078464014046,289114000000.0,2.526281108,4.31128191898672
Romania,2021,71.19,2900.83824132119,100.0,105.652542077195,4.7328902069968,286578000000.0,5.545709626,5.05232876096582
Romania,2022,70.42,2717.53652859422,100.0,106.899262298032,4.63101086103234,296354000000.0,3.965307663,13.7954887432521
Romania,2023,69.645,1059.374704584113,100.0,104.785666297301,8.36459593427909,350776000000.0,2.404271779,10.3971874764996
Russian Federation,2021,89.46,7186.67544355845,100.0,89.77529376951,2.2902807422348648,1843390000000.0,5.614290376,6.69445891957612
Russian Federation,2022,89.45,7184.42203703818,100.0,88.5293450227239,5.09961451778474,2266030000000.0,-2.069711525,113.84638691295845
Russian Federation,2023,63.69,8785.31625456386,100.0,93.9733292774238,3.2373924954465947,2021420000000.0,3.6,113.84638691295845
Rwanda,2021,9.92,60.6502606463671,48.7,115.599823823205,6.19834384801656,11069280650.0,10.85796776,-0.391346748300791
Rwanda,2022,11.55,68.1267274337541,50.6,116.188956604488,6.21021774540179,13316160895.0,8.157733085,17.6892095588153
Rwanda,2023,59.59,2205.8416101409775,63.9,115.142634802513,7.68293070581152,14097768472.0,8.241287695,19.789546746467
Saudi Arabia,2021,99.96,12069.9836667183,100.0,91.5935370803381,2.83627486303424,874156000000.0,5.07511035,3.06328988941547
Saudi Arabia,2022,99.91,11835.3177587823,100.0,83.0711139838105,2.39041526354088,1108570000000.0,7.485984291,2.4740737192537
Saudi Arabia,2023,85.06,6534.94613833843,100.0,92.6286070265642,3.11717626441745,1067580000000.0,-0.754914811,2.32708518362692
Senegal,2021,58.89,329.600129888931,68.0,120.096789757029,9.5061670120264,27520784130.0,6.5440011,2.18032278088147
Senegal,2022,63.21,399.521774928173,67.9,126.317962507135,9.86295387445667,27619479060.0,3.825863637,9.69681899081073
Senegal,2023,86.685,3782.66750285223,74.2,125.019154074442,12.3194106049545,30848333084.0,4.584061405,5.93947798773215
Serbia,2021,82.44,5034.14674687745,100.0,107.661498802316,4.7123609854641,66159884073.0,7.949056505,4.08510285335102
Serbia,2022,83.02,5113.70107266182,100.0,110.438883965447,3.63076915282743,66797564758.0,2.630986444,11.9815117344703
Serbia,2023,66.39,7916.00260756483,100.0,104.342915347445,0.8005940312010785,81342660752.0,3.847471128,12.3719043552519
Seychelles,2021,89.99000000000001,2955.5365363178053,100.0,123.243072465677,0.9277526653582271,1487173795.0,0.552281631,9.76909936973542
Seychelles,2022,89.99000000000001,2955.5365363178053,100.0,109.399116523581,2.30145553738144,2057968520.0,14.97685133,2.6260363285129
Seychelles,2023,89.99000000000001,2955.5365363178053,100.0,111.217559980224,2.30145553738144,2141450171.0,3.161714355,-1.03530088431952
Slovak Republic,2021,62.73,5404.56491141305,100.0,100.455557027592,2.85808646107375,120592000000.0,5.72698854,3.14960629921268
Slovak Republic,2022,60.63,4957.70057248564,100.0,105.946473987621,2.69487509407558,115929000000.0,0.449673875,12.7741463637611
Slovak Republic,2023,59.47,4577.14944884037,100.0,98.4174718405968,4.608262798099705,132908000000.0,1.378337272,10.5319476645211
Slovenia,2021,58.93,7006.37879320462,100.0,94.1280437753974,2.83511775546834,61529280461.0,8.389650321,1.91706506089259
Slovenia,2022,59.15,6730.81839858035,100.0,98.2542743411956,2.62663234267473,59927702746.0,2.699237557,8.83369886749452
Slovenia,2023,57.79,6470.29113008916,100.0,93.5963398613747,2.89733036045673,69148468417.0,2.112591843,7.44687717385838
Solomon Islands,2021,89.99000000000001,2955.5365363178053,76.3,107.342863217808,0.600097039501874,1522794913.0,2.564349754,-0.115437894412839
Solomon Islands,2022,89.99000000000001,2955.5365363178053,76.0,114.276096911817,1.23314029497938,1566360686.0,2.402481436,5.51812928576938
Solomon Islands,2023,89.99000000000001,2955.5365363178053,81.3,110.8094800648125,1.24427429309698,1633319401.0,3.079769815,5.88585897042164
South Africa,2021,93.13,3512.0627333448,89.3,93.8275063119217,14.8298357767618,420887000000.0,4.955032594,4.61874544887136
South Africa,2022,93.32,3357.92464091342,86.5,97.8536800713666,15.6234762427279,406920000000.0,1.91147996,7.03987272546482
South Africa,2023,79.88,2733.033274795182,87.7,99.2839699259742,8.77072075509644,380699000000.0,0.698485195,6.0752438457966
Spain,2021,70.32,5239.5199793554,100.0,99.0104202921308,5.94138552560565,1461240000000.0,6.683144185,3.0931351197642
Spain,2022,71.76,5182.69523645187,100.0,99.1173016877192,6.44093611786415,1446500000000.0,6.179312226,8.39057634118627
Spain,2023,68.51,5110.85174105768,100.0,96.0732124693991,6.37339784488122,1620090000000.0,2.675663493,3.53236133492433
Sri Lanka,2021,58.53,713.666726846001,100.0,107.387129216901,71.6201004077685,88609324902.0,4.207476495,7.01478071238195
Sri Lanka,2022,53.93,684.05392002164,100.0,103.563395220939,77.7699768805255,74144870023.0,-7.346791236,49.7211021114327
Sri Lanka,2023,69.94,8706.68710837352,100.0,101.637118365082,79.8744543518094,84356863744.0,-2.298010562,16.5411742279832
St. Lucia,2021,89.99000000000001,2955.5365363178053,100.0,126.4225583489575,1.24427429309698,1867185185.0,11.59947362,2.41070312174393
St. Lucia,2022,89.99000000000001,2955.5365363178053,100.0,148.127841407056,2.30145553738144,2342703704.0,20.38676757,6.37814695133351
St. Lucia,2023,89.99000000000001,2955.5365363178053,100.0,148.127841407056,1.83202900657722,2430148148.0,2.21007266,4.07060821926204
Suriname,2021,89.54,2955.18987013996,98.8,79.6124496035447,0.6875059021325185,3107923198.0,-2.435385836,59.1196626251977
Suriname,2022,90.44,2955.88320249565,99.0,100.0278407710535,0.7074998750566126,3791603200.0,2.406222356,52.446027276241
Suriname,2023,89.99000000000001,2955.5365363178053,99.6,79.6124496035447,0.7074998750566126,3455146281.0,2.539566754,51.5873159600861
Sweden,2021,25.12,13017.9973503743,100.0,95.6786942649751,0.577883505140297,637187000000.0,5.937508573,2.16319736447153
Sweden,2022,24.28,12418.3973191038,100.0,98.0944590058226,1.36745236754797,579896000000.0,1.459288508,8.36929098869189
Sweden,2023,24.88,12121.7102390973,100.0,96.0228308111222,1.311430329381275,584960000000.0,-0.310670185,8.54862489748902
Switzerland,2021,48.3,7315.37290974165,100.0,87.6810504697474,0.590221176255857,813409000000.0,5.391888041,0.581814168489856
Switzerland,2022,45.34,7309.48578845284,100.0,86.2983180018842,0.676569274072201,818427000000.0,2.568328178,2.83502798644463
Switzerland,2023,44.47,7095.78533887978,100.0,87.5631845512636,0.950426380119413,884940000000.0,0.716066869,2.13540088016377
Tajikistan,2021,61.92,1427.12263422116,99.6,126.126995151188,5.68722007513638,8937805347.0,9.39999955,113.84638691295845
Tajikistan,2022,60.89,1475.70932945677,100.0,133.238140930449,3.89462595752124,10713525200.0,8.000000338,113.84638691295845
Tajikistan,2023,80.08,2091.652099086135,100.0,125.6199229353535,2.96197047274816,12060602009.0,8.299999217,113.84638691295845
Tanzania,2021,21.55,120.92869930568,42.7,101.729238646373,11.4647748306719,70655628148.0,4.321384295,3.69091958802199
Tanzania,2022,23.06,123.470486172843,45.8,104.233253055963,11.4073087312149,75769974505.0,4.566005764,4.35027204269101
Tanzania,2023,66.39,7916.00260756483,48.3,103.881419177533,13.2380126605938,79062403821.0,5.069523532,3.79923291384916
Thailand,2021,81.05,2753.70621620221,100.0,99.090330651592,6.39672203912046,506256000000.0,1.568181765,1.23039541318384
Thailand,2022,79.65,2867.4155798463,99.9,100.111019008788,6.75505455085063,495645000000.0,2.462769341,6.07741228434321
Thailand,2023,79.28999999999999,7197.61242652256,100.0,96.8527351632666,5.71867102914376,514969000000.0,1.887257251,1.22802623546169
Timor-Leste,2021,89.99000000000001,2955.5365363178053,100.0,72.837129361481,0.159591458898645,3624889700.0,5.363126627,3.69792094666786
Timor-Leste,2022,89.99000000000001,2955.5365363178053,99.7,86.3877698456084,0.119603513050457,3208594000.0,-20.58424404,7.00530945399787
Timor-Leste,2023,89.99000000000001,2955.5365363178053,100.0,143.446000174334,2.30145553738144,2079916900.0,-18.11781338,8.42035103310377
Togo,2021,16.5,161.515970426583,55.7,110.326132774755,12.9541596011051,8342243646.0,5.990876104,4.1862150652352
Togo,2022,16.89,191.864716012717,57.2,114.289639094233,13.9523973416975,8169476149.0,5.759542515,7.96757361617945
Togo,2023,66.105,1701.26803929628,59.2,113.61690883173,14.0042496499961,9171261838.0,6.407922156,5.48928568141124
Tonga,2021,89.99000000000001,2955.5365363178053,100.0,154.016035093165,0.797654768404177,518228012.1,0.362601972,5.64051140636751
Tonga,2022,89.99000000000001,2955.5365363178053,100.0,134.620377192673,1.11313782272486,518180042.2,-2.309860027,10.9713652903022
Tonga,2023,11.399999999999999,51197.1346254028,100.0,127.53156874780001,1.25540829121458,5450288759.5,5.6489688555,6.35112980255189
Turkiye,2021,83.83,3587.45836676577,100.0,99.5950517497562,10.5196841575142,819865000000.0,11.43939569,19.5964926913324
Turkiye,2022,81.77,3554.2281621305,100.0,104.001725333234,18.1693820958405,907118000000.0,5.533427875,72.3088359891207
Turkiye,2023,81.35,3522.5385379468,100.0,102.444933328497,12.9680624489379,1118250000000.0,5.111168185,53.8594087593315
Uganda,2021,9.1,84.2500903379653,45.2,106.14267322265,17.8527787215045,40529788749.0,3.536580341,2.20457204757414
Uganda,2022,8.73,89.8701256209773,47.1,104.924441527914,19.5207035883671,45565333211.0,4.588021922,7.1957888597581
Uganda,2023,46.785000000000004,474.5892677663912,51.5,103.992427789961,20.8331652860004,48768955863.0,5.336972955,5.35094804280395
United Kingdom,2021,77.54,4568.580341577,100.0,100.223987048219,7.89829173582968,3143320000000.0,8.575950905,2.51837109614213
United Kingdom,2022,77.21,4323.34675694414,100.0,101.746141192229,11.8163853934984,3114040000000.0,4.839085147,7.92204883147902
United Kingdom,2023,75.54,4144.03803950256,100.0,100.560361672615,9.03091696679821,3380850000000.0,0.339966158,6.79396706793963
United States,2021,81.38,12558.0118863007,100.0,103.63170385451,11.39536261799,23681200000000.0,6.055052933,4.69785886363742
United States,2022,81.37,12997.1874485207,100.0,103.687230150868,13.4056894070101,26006900000000.0,2.51237532,8.00279982052121
United States,2023,81.59,12715.9199652795,100.0,102.876336965263,17.9836824101844,27720700000000.0,2.887556009,4.11633838374488
Uruguay,2021,46.76,3524.60259163687,100.0,92.859567414349,7.50974291433145,60760798596.0,5.561892793,7.74791402314762
Uruguay,2022,44.91,3589.8886229166,100.0,94.9292879671729,6.63893366279478,70164683290.0,4.707257615,9.10437983075437
Uruguay,2023,42.25,2163.1879251418018,100.0,96.7378878895147,6.62244216838713,77240830877.0,0.367475176,5.86910359896119
