Country Name,Country Code,Time,Time Code,Broad_Money_Perc,Broad_Money_Total,Broad_Money_Growth,Broad_Money_Reserves,Exchange_Rate,Total_Reserves_Perc,Total_Reserves_Gold,Total_Reserves_Months_Imports,Total_Reserves_Without_Gold
Afghanistan,AFG,2021,YR2021,..,..,..,..,..,..,..,..,..
Afghanistan,AFG,2022,YR2022,..,..,..,..,..,..,..,..,..
Afghanistan,AFG,2023,YR2023,..,..,..,..,..,..,..,..,..
Albania,ALB,2021,YR2021,84.76628623,1.58E+12,8.60129445,2.712734022,103.52,50.96958248,5634561134,7.75053225,5470752134
Albania,ALB,2022,YR2022,77.1857456,1.66E+12,4.865258241,2.787183515,113.0416667,50.54093935,5266463584,6.336559908,5085228584
Albania,ALB,2023,YR2023,71.658119,1.70E+12,2.34657299,2.61383448,100.645,56.80632927,6455445543,6.730994152,6228581543
Algeria,DZA,2021,YR2021,79.82603177,2.01E+13,13.18375865,2.644695297,135.0640583,761.7927584,56211005199,13.76621611,46054847199
Algeria,DZA,2022,YR2022,71.6469589,2.30E+13,14.32625276,2.24993653,141.994975,1007.85098,71852290094,16.3300602,61739377094
Algeria,DZA,2023,YR2023,72.33077372,2.43E+13,5.991936822,2.205332567,135.8429333,1110.236304,81216738412,16.91419652,69708546412
American Samoa,ASM,2021,YR2021,..,..,..,..,1,..,..,..,..
American Samoa,ASM,2022,YR2022,..,..,..,..,1,..,..,..,..
American Samoa,ASM,2023,YR2023,..,..,..,..,1,..,..,..,..
Andorra,AND,2021,YR2021,..,..,..,..,0.845376564,..,..,..,..
Andorra,AND,2022,YR2022,..,..,..,..,0.950915534,..,..,..,..
Andorra,AND,2023,YR2023,..,..,..,..,0.924709623,..,..,..,..
Angola,AGO,2021,YR2021,25.862961,1.15E+13,-9.322347297,1.188834705,631.4419555,21.91484308,14468113826,6.949154146,14468113826
Angola,AGO,2022,YR2022,21.76057945,1.14E+13,-1.413168253,1.663746817,460.5675116,22.59003536,13654715740,4.376832867,13654715740
Angola,AGO,2023,YR2023,25.23496312,1.56E+13,37.76490742,1.53531021,685.0202378,24.44623283,13942114199,5.089271136,13942114199
Antigua and Barbuda,ATG,2021,YR2021,92.83112908,4013730245,13.86523493,4.044950441,2.7,..,367511735.7,4.685122483,367511735.7
Antigua and Barbuda,ATG,2022,YR2022,83.25028184,4198211813,4.596262243,3.921489869,2.7,..,396505745.5,3.550130456,396505745.5
Antigua and Barbuda,ATG,2023,YR2023,79.03426084,4338451391,3.340459803,4.409932182,2.7,..,364367020.2,3.09391802,364367020.2
Argentina,ARG,2021,YR2021,30.73095443,1.42E+13,51.28172177,3.770809452,94.99074167,14.86486538,39653498611,5.604903426,36448369072
Argentina,ARG,2022,YR2022,32.25307067,2.67E+13,87.68578788,4.556149155,130.61655,16.78354232,44795335172,4.765151282,41197886699
Argentina,ARG,2023,YR2023,36.00961261,6.89E+13,158.5490548,10.0798767,296.2580417,8.671449891,23080560550,2.470422637,18986771972
Armenia,ARM,2021,YR2021,54.38682631,3.80E+12,13.10419514,2.33704429,503.769675,23.00525906,3229848045,5.516744855,3229848045
Armenia,ARM,2022,YR2022,51.93199922,4.41E+12,16.10386614,2.46462003,435.6661797,25.80911907,4111690218,4.196563128,4111690218
Armenia,ARM,2023,YR2023,54.82816029,5.18E+12,17.39601509,3.660661589,392.4763022,22.77619124,3607482711,2.703979226,3607482711
Aruba,ABW,2021,YR2021,102.3226044,5365500000,11.84183099,1.981206032,1.79,..,1512960280,8.608908926,1330950280
Aruba,ABW,2022,YR2022,94.44252884,5543800000,3.323082658,2.005967712,1.79,..,1543940590,6.978284418,1362705590
Aruba,ABW,2023,YR2023,85.55422252,5587500000,0.788267975,2.126148351,1.79,..,1468151730,..,1261911730
Australia,AUS,2021,YR2021,139.2054501,2.90E+12,6.699811053,37.44220032,1.33122426,..,57877502314,1.786299478,53789557714
Australia,AUS,2022,YR2022,134.3693505,3.13E+12,7.841017065,40.06911886,1.441664459,..,56701901830,1.32965995,53385301330
Australia,AUS,2023,YR2023,126.7532589,3.25E+12,3.93320687,35.49838134,1.505191066,..,61703347652,1.466371114,56605094852
Austria,AUT,2021,YR2021,..,..,..,..,0.845494139,..,33957000221,1.342777457,17572460021
Austria,AUT,2022,YR2022,..,..,..,..,0.949623753,..,33077693776,1.186715351,16762919076
Austria,AUT,2023,YR2023,..,..,..,..,0.924839558,..,31212271322,1.110698067,12646546522
Azerbaijan,AZE,2021,YR2021,37.1732317,34646641487,18.71058014,2.458395652,1.7,52.97875482,8290112835,5.084340277,8290112835
Azerbaijan,AZE,2022,YR2022,31.96541534,42824929995,23.60485218,2.221758214,1.7,74.21835723,11338378376,4.807216425,11338378376
Azerbaijan,AZE,2023,YR2023,36.64344638,45073454435,5.250503483,1.928451295,1.7,94.60575387,13748751032,5.465855159,13748751032
"Bahamas, The",BHS,2021,YR2021,76.85293943,8737333830,4.338730286,3.591595933,1,..,2432716261,5.109377985,2432716261
"Bahamas, The",BHS,2022,YR2022,72.73901152,9555287509,9.361593535,3.661841932,1,..,2609421075,4.624338191,2609421075
"Bahamas, The",BHS,2023,YR2023,..,..,..,..,1,..,2511681591,4.173338464,2511681591
Bahrain,BHR,2021,YR2021,..,..,..,..,0.376,..,4993195963,1.810033035,4720180963
Bahrain,BHR,2022,YR2022,..,..,..,..,0.376,..,4774898055,1.46267601,4503045555
Bahrain,BHR,2023,YR2023,..,..,..,..,0.376,..,5117552035,1.53805743,4808192035
Bangladesh,BGD,2021,YR2021,56.63727859,2.00E+13,9.175709444,5.106947118,85.08376325,50.46649395,46165532457,6.290239857,45348046446
Bangladesh,BGD,2022,YR2022,54.11770085,2.15E+13,7.502298439,7.378765473,91.74545444,34.78370078,33747202272,4.181372761,32929526841
Bangladesh,BGD,2023,YR2023,51.21856333,2.30E+13,7.013254294,10.24889427,106.3094843,21.54781348,21859709191,3.384646659,20928020362
Barbados,BRB,2021,YR2021,125.5864571,13249979186,5.970572924,3.9602194,2,..,1672884485,..,1672884485
Barbados,BRB,2022,YR2022,111.5357496,13958260733,5.345529507,4.592559875,2,..,1519660180,..,1519660180
Barbados,BRB,2023,YR2023,104.8185998,14089156876,0.937768287,4.386632381,2,..,1605919491,..,1605919491
Belarus,BLR,2021,YR2021,30.72803691,54351444400,6.98964542,2.541250377,2.538675,20.22567908,8424740406,2.065315093,5301812826
Belarus,BLR,2022,YR2022,..,..,..,..,2.6261,19.87846232,7923329893,2.034287479,4781802403
Belarus,BLR,2023,YR2023,..,..,..,..,3.00735,22.11660455,8117798862,1.894130133,4535616302
Belgium,BEL,2021,YR2021,..,..,..,..,0.845494139,..,41872371153,0.852356591,28565620053
Belgium,BEL,2022,YR2022,..,..,..,..,0.949623753,..,41273547745,0.769754858,28023456895
Belgium,BEL,2023,YR2023,..,..,..,..,0.924839558,..,40812779631,0.759967659,25734573231
Belize,BLZ,2021,YR2021,82.04112475,3971692890,12.39149571,4.727049017,2,28.9409853,420102782.5,3.780038473,420102782.5
Belize,BLZ,2022,YR2022,72.18794492,4109948456,3.481023571,4.262144473,2,32.84106763,482145605.5,3.3673237,482145605.5
Belize,BLZ,2023,YR2023,72.51020023,4447558151,8.214450835,4.694200514,2,31.37446246,473729034.1,3.333815477,473729034.1
Benin,BEN,2021,YR2021,32.72816126,3.21E+12,16.66648131,..,554.6077989,..,..,..,..
Benin,BEN,2022,YR2022,33.42626715,3.63E+12,13.01106326,..,622.9123482,..,..,..,..
Benin,BEN,2023,YR2023,30.28052489,3.61E+12,-0.394339776,..,606.6549823,..,..,..,..
Bermuda,BMU,2021,YR2021,..,..,..,..,1,..,..,..,..
Bermuda,BMU,2022,YR2022,..,..,..,..,1,..,..,..,..
Bermuda,BMU,2023,YR2023,..,..,..,..,1,..,..,..,..
Bhutan,BTN,2021,YR2021,87.2733153,1.79E+11,3.203890791,2.302222644,73.91801282,32.10915114,1049605755,10.46847917,1012732077
Bhutan,BTN,2022,YR2022,86.66846404,1.97E+11,10.53941467,3.041880724,78.60449058,26.1294906,825755411.7,5.607388752,806906971.7
Bhutan,BTN,2023,YR2023,82.52721876,2.06E+11,4.23945081,3.807070514,82.59927645,20.02039125,654480752.4,4.055965768,647849987.4
Bolivia,BOL,2021,YR2021,102.3352426,2.86E+11,6.358249516,8.741694813,6.91,29.51630421,4730168840,5.027404908,2242414461
Bolivia,BOL,2022,YR2022,..,..,..,..,6.91,23.55299511,3752070997,3.037841512,1274909496
Bolivia,BOL,2023,YR2023,..,..,..,..,6.91,11.03794946,1799951503,1.50359754,241058645.2
Bosnia and Herzegovina,BIH,2021,YR2021,80.50915608,31515582075,11.5635719,2.011463039,1.653606154,68.53263603,9475044026,8.261167866,9300314426
Bosnia and Herzegovina,BIH,2022,YR2022,72.86604152,33239985643,5.471590414,2.040407308,1.859325877,65.45631106,8761700726,6.466546191,8674707926
Bosnia and Herzegovina,BIH,2023,YR2023,71.89820976,35790804432,7.673946725,2.149137942,1.8092028,65.70158131,9204916834,6.651922206,9105921634
Botswana,BWA,2021,YR2021,45.34386524,94268346288,5.020386515,1.770740623,11.08725833,240.3861651,4801608912,6.003736144,4801608912
Botswana,BWA,2022,YR2022,40.04848616,1.01E+11,6.785830958,1.902017026,12.36880833,213.6572683,4278950590,4.986045584,4278950590
Botswana,BWA,2023,YR2023,41.74014763,1.10E+11,9.348273077,1.702321394,13.59638333,228.7760382,4755831849,6.960654699,4755831849
Brazil,BRA,2021,YR2021,103.4656345,9.32E+12,12.25920825,4.772219302,5.39440079,63.37541311,3.62E+11,11.14023012,3.55E+11
Brazil,BRA,2022,YR2022,104.7900295,1.06E+13,13.27717587,6.299935139,5.163970291,56.02956521,3.25E+11,8.376308371,3.17E+11
Brazil,BRA,2023,YR2023,111.0699078,1.21E+13,14.15742748,6.800402655,4.994379763,58.47674808,3.55E+11,9.571627233,3.46E+11
British Virgin Islands,VGB,2021,YR2021,..,..,..,..,..,..,..,..,..
British Virgin Islands,VGB,2022,YR2022,..,..,..,..,..,..,..,..,..
British Virgin Islands,VGB,2023,YR2023,..,..,..,..,..,..,..,..,..
Brunei Darussalam,BRN,2021,YR2021,84.57934315,15919547816,2.7055958,2.377813477,1.343806963,..,4982141346,5.92653381,4717077820
Brunei Darussalam,BRN,2022,YR2022,70.07220055,16118781705,1.251504704,2.321693252,1.378956397,..,5034739047,5.479803092,4770778313
Brunei Darussalam,BRN,2023,YR2023,81.46400573,16552270306,2.68933849,2.749235549,1.343079601,..,4482741926,5.464041468,4181486854
Bulgaria,BGR,2021,YR2021,90.09688302,1.26E+11,10.69871484,1.94086052,1.653775,..,39187742752,8.273926464,36798315472
Bulgaria,BGR,2022,YR2022,84.56485632,1.42E+11,13.19509716,1.870057415,1.860141667,..,40989114450,7.046923966,38609136430
Bulgaria,BGR,2023,YR2023,83.54766352,1.55E+11,8.69825983,1.846579368,1.808966667,..,46333887862,8.290876467,43624306742
Burkina Faso,BFA,2021,YR2021,51.1321303,5.59E+12,16.86232166,..,554.530675,..,..,..,..
Burkina Faso,BFA,2022,YR2022,48.69861451,5.72E+12,2.359381729,..,623.7597009,..,..,..,..
Burkina Faso,BFA,2023,YR2023,45.03467034,5.55E+12,-2.883831444,..,606.5697502,..,..,..,..
Burundi,BDI,2021,YR2021,49.75122556,3.29E+12,20.34124075,5.188505648,1975.950881,27.27153272,266164087.5,2.615506942,264405557.8
Burundi,BDI,2022,YR2022,56.6206444,4.51E+12,37.16047385,11.9245745,2034.306634,16.59976324,158530300.6,1.293947248,156779258.7
Burundi,BDI,2023,YR2023,57.14977142,5.21E+12,15.45211022,16.71268703,2574.051749,8.663983586,90349885.18,0.732720783,88357252.05
Cabo Verde,CPV,2021,YR2021,111.3283355,2.13E+11,3.036648205,2.967947621,93.21809241,31.33461999,769650450.7,7.911725436,711407250.7
Cabo Verde,CPV,2022,YR2022,95.61284583,2.25E+11,5.801675041,2.944795881,104.8630658,30.26609644,729566303.8,6.420250727,671571103.8
Cabo Verde,CPV,2023,YR2023,92.8135051,2.39E+11,6.270475956,2.806756359,101.8048125,34.17903142,837880565.1,6.715097759,771883765.1
Cambodia,KHM,2021,YR2021,105.4023234,1.59E+14,16.40292144,1.913084404,4098.722795,101.094875,20269721098,7.022587906,17317625963
Cambodia,KHM,2022,YR2022,104.8171901,1.72E+14,8.193795534,2.35493998,4102.037865,79.20958464,17801364792,5.827670739,14738493292
Cambodia,KHM,2023,YR2023,111.2070739,1.94E+14,12.54251,2.355906271,4110.652746,88.68494798,19983916475,7.770164243,17158428475
Cameroon,CMR,2021,YR2021,..,..,..,..,554.530675,27.96216812,4299788713,5.212840749,4299788713
Cameroon,CMR,2022,YR2022,..,..,..,..,623.7597009,33.97500144,5133480338,5.585373216,5133480338
Cameroon,CMR,2023,YR2023,..,..,..,..,606.5697502,..,..,..,..
Canada,CAN,2021,YR2021,..,..,..,..,1.253876902,..,1.07E+11,1.727643613,1.07E+11
Canada,CAN,2022,YR2022,..,..,..,..,1.301554775,..,1.07E+11,1.476763168,1.07E+11
Canada,CAN,2023,YR2023,..,..,..,..,1.349908641,..,1.18E+11,1.584135236,1.18E+11
Cayman Islands,CYM,2021,YR2021,..,..,..,..,0.83333,..,228300000,0.400695592,228300000
Cayman Islands,CYM,2022,YR2022,..,..,..,..,0.83333,..,225400000,0.283059874,225400000
Cayman Islands,CYM,2023,YR2023,..,..,..,..,0.83333,..,234000000,..,234000000
Central African Republic,CAF,2021,YR2021,34.18576524,4.77E+11,14.56903384,1.777916543,554.530675,43.20929438,483872115.8,..,483872115.8
Central African Republic,CAF,2022,YR2022,32.8986741,4.89E+11,2.490284119,2.093589539,623.7597009,36.8864786,374404781.3,..,374404781.3
Central African Republic,CAF,2023,YR2023,..,..,..,..,606.5697502,..,..,..,..
Chad,TCD,2021,YR2021,22.89388171,1.50E+12,13.63201884,12.74580731,554.530675,5.901241856,211590754.9,..,211590754.9
Chad,TCD,2022,YR2022,..,..,..,..,623.7597009,..,..,..,..
Chad,TCD,2023,YR2023,..,..,..,..,606.5697502,..,..,..,..
Channel Islands,CHI,2021,YR2021,..,..,..,..,0.727064945,..,..,..,..
Channel Islands,CHI,2022,YR2022,..,..,..,..,0.811301716,..,..,..,..
Channel Islands,CHI,2023,YR2023,..,..,..,..,0.804538907,..,..,..,..
Chile,CHL,2021,YR2021,93.67899597,2.24E+14,19.2852459,5.767000904,758.9553787,..,51252167800,4.694239745,51237789010
Chile,CHL,2022,YR2022,88.28321971,2.33E+14,3.791803424,6.821029538,873.3141895,..,39102338845,3.193850571,39088021280
Chile,CHL,2023,YR2023,84.79563902,2.39E+14,2.612362095,6.134840525,840.0665267,..,46377347797,4.322678396,46361054837
China,CHN,2021,YR2021,203.8378734,2.34E+14,9.075745734,10.59672482,6.44897518,125.8254924,3.43E+12,11.60198619,3.31E+12
China,CHN,2022,YR2022,217.1287767,2.62E+14,11.66330022,11.74127048,6.737158112,135.0805473,3.31E+12,11.12662989,3.19E+12
China,CHN,2023,YR2023,227.9445732,2.87E+14,9.848834535,11.75872445,7.083998423,142.5307401,3.45E+12,11.78185163,3.30E+12
Colombia,COL,2021,YR2021,54.62613756,6.51E+14,11.96036896,2.998994567,3744.244167,33.70136212,58018679407,8.136344452,57745106149
Colombia,COL,2022,YR2022,48.94135306,7.19E+14,10.41393185,2.980551596,4256.194167,30.75005297,56703971713,5.98632396,56431563332
Colombia,COL,2023,YR2023,48.52770667,7.63E+14,6.080917318,2.987689058,4325.955,29.89323696,59040690524,7.14907151,58730697949
Comoros,COM,2021,YR2021,36.4193927,1.96E+11,18.54156282,1.431811839,415.9558491,88.72224568,329671752,9.383879509,328618435.6
Comoros,COM,2022,YR2022,36.31952252,2.11E+11,7.378317322,1.590425703,467.1842612,72.98630096,283746116.1,7.015509042,282697284.8
Comoros,COM,2023,YR2023,37.46943902,2.31E+11,9.357295193,1.561278572,454.9912367,79.28867671,324560634.1,7.610575432,323367095.5
"Congo, Dem. Rep.",COD,2021,YR2021,..,..,..,..,1989.391471,37.81732869,3467115961,1.709804378,3467115961
"Congo, Dem. Rep.",COD,2022,YR2022,..,..,..,..,2006.708219,45.06880934,4378100482,1.53179039,4378100482
"Congo, Dem. Rep.",COD,2023,YR2023,..,..,..,..,2340.035704,46.12118572,5104181647,1.690394451,5104181647
"Congo, Rep.",COG,2021,YR2021,26.8786445,2.21E+12,7.330500036,4.809480251,554.530675,10.03772145,828560334.6,1.604246646,828560334.6
"Congo, Rep.",COG,2022,YR2022,24.39935796,2.41E+12,8.936343717,4.618268678,623.7597009,10.62896392,835649477,..,835649477
"Congo, Rep.",COG,2023,YR2023,28.40012831,2.64E+12,9.640016168,6.08226717,606.5697502,9.196255464,715391052.4,..,715391052.4
Costa Rica,CRI,2021,YR2021,54.00707015,2.18E+13,8.768853271,5.068997098,620.78472,20.56079591,6921168831,3.138325005,6921168831
Costa Rica,CRI,2022,YR2022,47.45879626,2.13E+13,-2.355124874,3.841727755,647.1358176,22.1133502,8554013584,3.143633361,8554013584
Costa Rica,CRI,2023,YR2023,47.43786752,2.23E+13,4.973192397,3.102657631,544.0507755,33.88853904,13225042447,4.345744525,13225042447
Cote d'Ivoire,CIV,2021,YR2021,38.36660693,1.55E+13,18.7449777,..,554.530675,..,..,..,..
Cote d'Ivoire,CIV,2022,YR2022,38.56104695,1.69E+13,8.982982807,..,623.7597009,..,..,..,..
Cote d'Ivoire,CIV,2023,YR2023,36.45234785,1.74E+13,3.326395512,..,606.5697502,..,..,..,..
Croatia,HRV,2021,YR2021,..,..,..,..,6.360083167,..,28308830586,8.389372006,28308830586
Croatia,HRV,2022,YR2022,..,..,..,..,7.1597415,..,29726299387,6.968854942,29613933687
Croatia,HRV,2023,YR2023,..,..,..,..,0.924839558,..,3176284868,0.722732947,3176284868
Cuba,CUB,2021,YR2021,..,..,..,..,..,..,..,..,..
Cuba,CUB,2022,YR2022,..,..,..,..,..,..,..,..,..
Cuba,CUB,2023,YR2023,..,..,..,..,..,..,..,..,..
Curacao,CUW,2021,YR2021,..,..,..,..,1.79,..,..,..,..
Curacao,CUW,2022,YR2022,..,..,..,..,1.79,..,..,..,..
Curacao,CUW,2023,YR2023,..,..,..,..,1.79,..,..,..,..
Cyprus,CYP,2021,YR2021,..,..,..,..,0.845494139,..,1611044560,0.315627408,797459860.4
Cyprus,CYP,2022,YR2022,..,..,..,..,0.949623753,..,1670555054,0.369061854,860434604.1
Cyprus,CYP,2023,YR2023,..,..,..,..,0.924839558,..,1789231286,0.370479399,867338486.2
Czechia,CZE,2021,YR2021,88.9538671,5.61E+12,6.769411043,1.490813799,21.67816667,..,1.74E+11,9.363554473,1.73E+11
Czechia,CZE,2022,YR2022,84.44963256,5.95E+12,6.105854366,1.820924709,23.357,..,1.40E+11,6.833720878,1.39E+11
Czechia,CZE,2023,YR2023,85.74970299,6.53E+12,9.730245158,1.983433605,22.19808333,..,1.48E+11,7.094453739,1.46E+11
Denmark,DNK,2021,YR2021,61.0661007,1.57E+12,-1.04652285,3.03250543,6.287113083,..,82235844736,4.171553246,78341558776
Denmark,DNK,2022,YR2022,60.54116541,1.72E+12,9.824986323,2.532903835,7.076151863,..,96072552269,4.253977773,92194848209
Denmark,DNK,2023,YR2023,64.348869,1.80E+12,4.813856583,2.395145197,6.889702586,..,1.09E+11,4.757071451,1.05E+11
Djibouti,DJI,2021,YR2021,79.50700674,4.78E+11,5.295580515,4.574928549,177.721,18.35050347,588417559.8,1.255711171,588417559.8
Djibouti,DJI,2022,YR2022,72.02732496,4.70E+11,-1.68907589,4.48987393,177.721,18.59345428,589437241.8,1.344304406,589437241.8
Djibouti,DJI,2023,YR2023,69.52836727,5.06E+11,7.675893685,5.67619697,177.721,14.64225554,502033555.8,1.104117479,502033555.8
Dominica,DMA,2021,YR2021,94.35205049,1414544811,1.830880882,2.745212636,2.7,37.42135701,190843317.1,7.11377685,190843317.1
Dominica,DMA,2022,YR2022,85.20372203,1396770176,-1.256562172,2.531636446,2.7,34.12304777,204343039.9,6.874592464,204343039.9
Dominica,DMA,2023,YR2023,78.74654362,1390490718,-0.449569902,2.80606191,2.7,30.68366256,183530007.1,5.236549816,183530007.1
Dominican Republic,DOM,2021,YR2021,40.17507875,2.17E+12,13.70420963,2.884830405,57.22111667,29.90713627,13124643489,4.634967197,13091343649
Dominican Republic,DOM,2022,YR2022,36.53287227,2.29E+12,5.56820716,2.856058188,55.14099167,30.10383211,14522975012,4.141847768,14489816964
Dominican Republic,DOM,2023,YR2023,38.39292407,2.62E+12,14.48260731,2.99909091,56.1576,29.75070312,15546714438,4.515171696,15508981572
Ecuador,ECU,2021,YR2021,50.88096489,54664016019,12.60465281,6.908834772,1,13.61448188,7912190380,3.176943106,6082559726
Ecuador,ECU,2022,YR2022,51.632448,60196246616,10.12042473,7.116009037,1,13.93992398,8459270682,2.659834702,6490900849
Ecuador,ECU,2023,YR2023,53.29288423,63335835534,5.215589168,14.25980542,1,7.333715859,4441563799,1.416916197,2698912578
"Egypt, Arab Rep.",EGY,2021,YR2021,87.38649407,5.82E+12,18.33390897,9.318555382,15.64452728,27.27729012,39824388217,4.382256434,35089750384
"Egypt, Arab Rep.",EGY,2022,YR2022,94.39260975,7.40E+12,27.13697496,13.99998914,19.16043974,19.70902071,32143926008,3.327381464,24823644493
"Egypt, Arab Rep.",EGY,2023,YR2023,87.40059898,8.88E+12,19.92307108,10.46588031,30.6264137,19.67733438,33070180836,3.87390992,24695657741
El Salvador,SLV,2021,YR2021,60.86474506,17677033119,2.257990857,5.15959236,1,16.84226724,3426052270,2.368162725,3345767659
El Salvador,SLV,2022,YR2022,57.82923029,18498946214,4.649609973,..,1,..,..,..,..
El Salvador,SLV,2023,YR2023,59.2149062,20142317476,8.883593925,..,1,..,..,..,..
Equatorial Guinea,GNQ,2021,YR2021,11.55876673,7.83E+11,-0.634517766,31.89444391,554.530675,..,44271185.59,..,44271185.59
Equatorial Guinea,GNQ,2022,YR2022,11.18714374,9.55E+11,21.98416347,1.05052402,623.7597009,..,1457611930,..,1457611930
Equatorial Guinea,GNQ,2023,YR2023,13.87673159,1.04E+12,8.725563689,1.112831695,606.5697502,..,1538461554,..,1538461554
Eritrea,ERI,2021,YR2021,..,..,..,..,15.075,..,..,..,..
Eritrea,ERI,2022,YR2022,..,..,..,..,15.075,..,..,..,..
Eritrea,ERI,2023,YR2023,..,..,..,..,15.075,..,..,..,..
Estonia,EST,2021,YR2021,..,..,..,..,0.845494139,..,2371477145,0.862676427,2356916345
Estonia,EST,2022,YR2022,..,..,..,..,0.949623753,..,2216592399,0.723277814,2202093599
Estonia,EST,2023,YR2023,..,..,..,..,0.924839558,..,2593038274,0.864156715,2576539074
Eswatini,SWZ,2021,YR2021,30.35986271,21263762400,0.273398495,2.513361971,14.78343514,48.54637951,572281510.9,2.577985328,572281510.9
Eswatini,SWZ,2022,YR2022,28.67972972,22033781200,3.621272593,2.976931623,16.36228306,36.25031654,452351748.2,1.940104255,452351748.2
Eswatini,SWZ,2023,YR2023,..,..,..,..,18.45359249,38.62866438,479261051.2,2.063592186,479261051.2
Ethiopia,ETH,2021,YR2021,..,..,..,..,43.73377832,..,..,..,..
Ethiopia,ETH,2022,YR2022,..,..,..,..,51.75621503,..,..,..,..
Ethiopia,ETH,2023,YR2023,..,..,..,..,54.60094807,..,..,..,..
Faroe Islands,FRO,2021,YR2021,..,..,..,..,6.287113083,..,..,..,..
Faroe Islands,FRO,2022,YR2022,..,..,..,..,7.076151863,..,..,..,..
Faroe Islands,FRO,2023,YR2023,..,..,..,..,6.889702586,..,..,..,..
Fiji,FJI,2021,YR2021,109.3630792,9748778604,11.42117043,3.101900006,2.070633333,60.76107138,1517816546,6.857876969,1515996446
Fiji,FJI,2022,YR2022,93.63963245,10244082081,5.080672118,2.989139521,2.201406987,52.10021602,1556777406,4.976317611,1554965056
Fiji,FJI,2023,YR2023,90.983014,11141129391,8.756736845,3.197913139,2.250125,46.25000132,1548302838,..,1546240438
Finland,FIN,2021,YR2021,..,..,..,..,0.845494139,..,16744106303,1.435718049,13875628703
Finland,FIN,2022,YR2022,..,..,..,..,0.949623753,..,16036363939,1.213489837,13180100339
Finland,FIN,2023,YR2023,..,..,..,..,0.924839558,..,16928837297,1.299981482,13678494897
France,FRA,2021,YR2021,..,..,..,..,0.845494139,..,2.44E+11,2.653186576,1.02E+11
France,FRA,2022,YR2022,..,..,..,..,0.949623753,..,2.42E+11,2.283524031,1.00E+11
France,FRA,2023,YR2023,..,..,..,..,0.924839558,..,2.41E+11,2.062866484,79200905384
French Polynesia,PYF,2021,YR2021,..,..,..,..,100.8802226,..,..,..,..
French Polynesia,PYF,2022,YR2022,..,..,..,..,113.4743672,..,..,..,..
French Polynesia,PYF,2023,YR2023,..,..,..,..,110.3471713,..,..,..,..
Gabon,GAB,2021,YR2021,..,..,..,..,554.530675,..,..,..,..
Gabon,GAB,2022,YR2022,..,..,..,..,623.7597009,..,..,..,..
Gabon,GAB,2023,YR2023,..,..,..,..,606.5697502,..,..,..,..
"Gambia, The",GMB,2021,YR2021,57.02079376,60149546097,21.73998393,1.759675922,51.48444388,58.65449251,652670952.2,10.0176585,652670952.2
"Gambia, The",GMB,2022,YR2022,53.5153549,64803459704,7.737238115,2.076344796,54.92346736,48.17239335,568244498.4,7.800570635,568244498.4
"Gambia, The",GMB,2023,YR2023,48.26706476,70808699767,9.266851015,2.00429095,61.09633301,43.54770287,577028229.5,4.858778853,577028229.5
Georgia,GEO,2021,YR2021,55.73782195,33846235000,11.4110987,2.460419379,3.221558333,19.36594856,4270945063,3.830079754,4270945063
Georgia,GEO,2022,YR2022,51.58098682,37581907000,11.03718626,2.637409451,2.9162,20.37481317,4886343006,3.10590131,4886343006
Georgia,GEO,2023,YR2023,53.40106484,43192256000,14.92832442,3.285655924,2.627958333,20.44445318,5002255638,2.716404918,5002255638
Germany,DEU,2021,YR2021,..,..,..,..,0.845494139,..,2.96E+11,2.005167312,99169059614
Germany,DEU,2022,YR2022,..,..,..,..,0.949623753,..,2.94E+11,1.782494508,98413683337
Germany,DEU,2023,YR2023,..,..,..,..,0.924839558,..,3.23E+11,1.884034555,1.00E+11
Ghana,GHA,2021,YR2021,31.73461693,1.47E+11,21.30345322,2.54482022,5.8057,22.63875533,9916916900,3.899614757,9405468800
Ghana,GHA,2022,YR2022,31.48801694,1.93E+11,32.02709978,4.492220318,8.2724,12.19880111,5205457212,1.971551451,4696186862
Ghana,GHA,2023,YR2023,31.58270436,2.66E+11,37.41070892,6.655758539,11.02040833,8.284729944,3623904995,1.507106621,3044370595
Gibraltar,GIB,2021,YR2021,..,..,..,..,0.727064945,..,..,..,..
Gibraltar,GIB,2022,YR2022,..,..,..,..,0.811301716,..,..,..,..
Gibraltar,GIB,2023,YR2023,..,..,..,..,0.804538907,..,..,..,..
Greece,GRC,2021,YR2021,..,..,..,..,0.845494139,..,14447242598,1.561535794,7772935898
Greece,GRC,2022,YR2022,..,..,..,..,0.949623753,..,12061425398,1.057950323,5404663848
Greece,GRC,2023,YR2023,..,..,..,..,0.924839558,..,13608310629,1.213722649,6022803429
Greenland,GRL,2021,YR2021,..,..,..,..,6.287113083,..,..,..,..
Greenland,GRL,2022,YR2022,..,..,..,..,7.076151863,..,..,..,..
Greenland,GRL,2023,YR2023,..,..,..,..,6.889702586,..,..,..,..
Grenada,GRD,2021,YR2021,95.15433333,2884660707,8.495675059,3.067808992,2.7,46.23059953,348259248.6,5.662316671,348259248.6
Grenada,GRD,2022,YR2022,95.87119756,3169846928,9.886300305,3.157935917,2.7,53.12714521,371767322.5,4.960326877,371767322.5
Grenada,GRD,2023,YR2023,90.37509796,3212997408,1.36127961,2.944595269,2.7,55.5778598,404129916.3,4.272581804,404129916.3
Guam,GUM,2021,YR2021,..,..,..,..,1,..,..,..,..
Guam,GUM,2022,YR2022,..,..,..,..,1,..,..,..,..
Guam,GUM,2023,YR2023,..,..,..,..,1,..,..,..,..
Guatemala,GTM,2021,YR2021,60.82137353,4.07E+11,8.02431661,2.512439147,7.734388333,79.55964008,20934881435,8.239436857,20531547275
Guatemala,GTM,2022,YR2022,58.75028161,4.35E+11,7.008374833,2.752063326,7.74824375,80.78889168,20414938168,6.542594,20013321408
Guatemala,GTM,2023,YR2023,56.4386901,4.62E+11,6.0593946,2.766180945,7.831974167,84.01821355,21311089849,6.944474983,20854062009
Guinea,GIN,2021,YR2021,24.51694396,3.91E+13,8.666525841,..,..,..,..,..,..
Guinea,GIN,2022,YR2022,..,..,..,..,..,..,..,..,..
Guinea,GIN,2023,YR2023,..,..,..,..,..,..,..,..,..
Guinea-Bissau,GNB,2021,YR2021,46.95039235,4.83E+11,20.89352406,..,554.530675,..,..,..,..
Guinea-Bissau,GNB,2022,YR2022,44.57818892,5.00E+11,3.506194695,..,623.7597009,..,..,..,..
Guinea-Bissau,GNB,2023,YR2023,39.76708731,4.94E+11,-1.095715605,..,606.5697502,..,..,..,..
Guyana,GUY,2021,YR2021,43.67539834,7.32E+11,13.77076214,4.441282932,208.5,41.84697984,790784502.1,1.147088779,790784502.1
Guyana,GUY,2022,YR2022,27.55998977,8.46E+11,15.49752564,4.419312967,208.5,44.33956491,917877051.4,0.850905478,917877051.4
Guyana,GUY,2023,YR2023,28.86022775,1.03E+12,22.08585661,5.531565763,208.5,30.32185703,895275181.2,..,895275181.2
Haiti,HTI,2021,YR2021,31.54002916,5.34E+11,35.49315941,2.679513986,89.22663651,94.32805056,2457439222,5.820046373,2352803894
Haiti,HTI,2022,YR2022,32.40512392,7.03E+11,31.52248192,3.019783333,115.6307155,84.84348152,2173397186,4.76946099,2067769333
Haiti,HTI,2023,YR2023,22.68767045,6.35E+11,-9.641223018,1.741284475,141.0359127,98.05918719,2586418762,5.800531538,2466360230
Honduras,HND,2021,YR2021,74.40611264,5.03E+11,9.262596218,2.416226551,24.01665532,69.29186406,8666862381,5.993357688,8626200784
Honduras,HND,2022,YR2022,73.59481558,5.66E+11,12.60053221,2.74992292,24.48587373,66.54547726,8410394831,4.877898532,8369906372
Honduras,HND,2023,YR2023,74.55360421,6.31E+11,11.41539136,3.399923178,24.60164682,58.83786506,7543352780,4.33499977,7497278127
"Hong Kong SAR, China",HKG,2021,YR2021,437.7982139,1.26E+13,3.197339628,3.250918916,7.77325,..,4.97E+11,6.466907795,4.97E+11
"Hong Kong SAR, China",HKG,2022,YR2022,461.6073606,1.30E+13,3.269597191,3.904674064,7.831416667,..,4.24E+11,5.717190403,4.24E+11
"Hong Kong SAR, China",HKG,2023,YR2023,451.7222867,1.35E+13,3.872244589,4.042291428,7.829583333,..,4.26E+11,5.687394881,4.25E+11
Hungary,HUN,2021,YR2021,72.04805049,3.98E+13,18.49896676,3.017399266,303.1408333,..,43483375179,3.038322205,37953911379
Hungary,HUN,2022,YR2022,65.40884466,4.31E+13,8.45817899,2.808863568,372.5958333,..,41218685384,2.537864013,35712766084
Hungary,HUN,2023,YR2023,59.60500418,4.47E+13,3.617985343,2.768990111,353.0883333,..,45718623573,2.764677204,39453052373
Iceland,ISL,2021,YR2021,71.43170525,2.34E+12,10.86720855,2.605994671,126.9888602,..,7078849096,7.874353743,6962726716
Iceland,ISL,2022,YR2022,65.52765801,2.55E+12,8.867714194,3.202160866,135.279902,..,5887412718,4.998701966,5771784788
Iceland,ISL,2023,YR2023,63.93214621,2.76E+12,8.320483383,3.447722136,137.9429524,..,5808710368,4.946628576,5677129248
India,IND,2021,YR2021,82.10203483,1.94E+14,11.29710567,4.072757428,73.91801282,104.3297648,6.38E+11,9.842385745,5.94E+11
India,IND,2022,YR2022,..,..,..,..,78.60449058,92.16626841,5.67E+11,7.009512105,5.21E+11
India,IND,2023,YR2023,..,..,..,..,82.59927645,97.06328154,6.28E+11,7.972315863,5.75E+11
Indonesia,IDN,2021,YR2021,46.36018204,7.87E+15,13.96643547,3.795986246,14308.1439,34.67787586,1.45E+11,6.785175854,1.40E+11
Indonesia,IDN,2022,YR2022,43.53677337,8.53E+15,8.354912554,4.185056001,14849.85394,34.64929469,1.37E+11,5.213220775,1.33E+11
Indonesia,IDN,2023,YR2023,42.2476157,8.83E+15,3.500327529,3.957987879,15236.88466,36.04418121,1.46E+11,5.733281631,1.41E+11
"Iran, Islamic Rep.",IRN,2021,YR2021,..,..,..,..,42000,..,..,..,..
"Iran, Islamic Rep.",IRN,2022,YR2022,..,..,..,..,42000,..,..,..,..
"Iran, Islamic Rep.",IRN,2023,YR2023,..,..,..,..,42000,..,..,..,..
Iraq,IRQ,2021,YR2021,46.00705478,1.40E+14,16.66278157,1.501970308,1450,253.2476602,64231022303,14.46842881,58588712303
Iraq,IRQ,2022,YR2022,40.49081671,1.68E+14,20.30610513,1.196411999,1450,426.8660072,97009236972,16.26559642,89415490472
Iraq,IRQ,2023,YR2023,54.83339095,1.81E+14,7.537080288,1.225537309,1312.5,552.0177645,1.12E+11,15.8737026,1.03E+11
Ireland,IRL,2021,YR2021,..,..,..,..,0.845494139,..,13246996093,0.198183801,12690045493
Ireland,IRL,2022,YR2022,..,..,..,..,0.949623753,..,13039213741,0.179938644,12337834291
Ireland,IRL,2023,YR2023,..,..,..,..,0.924839558,..,12904794778,0.157781626,12106645978
Isle of Man,IMN,2021,YR2021,..,..,..,..,0.727064945,..,..,..,..
Isle of Man,IMN,2022,YR2022,..,..,..,..,0.811301716,..,..,..,..
Isle of Man,IMN,2023,YR2023,..,..,..,..,0.804538907,..,..,..,..
Israel,ISR,2021,YR2021,108.6564846,1.72E+12,15.49948514,2.498899483,3.230198323,..,2.13E+11,16.89605465,2.13E+11
Israel,ISR,2022,YR2022,103.2803547,1.82E+12,5.985027876,2.791629965,3.359614402,..,1.94E+11,13.31369812,1.94E+11
Israel,ISR,2023,YR2023,101.1862222,1.91E+12,4.627119307,2.53934082,3.667374716,..,2.05E+11,15.11659864,2.05E+11
Italy,ITA,2021,YR2021,..,..,..,..,0.845494139,..,2.27E+11,3.829986524,84001664259
Italy,ITA,2022,YR2022,..,..,..,..,0.949623753,..,2.25E+11,3.092564938,81714839462
Italy,ITA,2023,YR2023,..,..,..,..,0.924839558,..,2.47E+11,3.332650006,84819454654
Jamaica,JAM,2021,YR2021,72.48213666,1.60E+12,13.4734136,2.196173617,150.7901059,30.21353695,4837564537,7.07548947,4837564537
Jamaica,JAM,2022,YR2022,66.27350345,1.74E+12,8.521089118,2.506654675,153.4268165,28.61017803,4520481085,5.151658092,4520481085
Jamaica,JAM,2023,YR2023,64.94666136,1.94E+12,11.85848845,2.591034008,154.158779,31.71874805,4868643493,5.462112703,4868643493
Japan,JPN,2021,YR2021,281.9455368,1.56E+15,2.945157822,10.09774055,109.7543238,..,1.41E+12,16.07221583,1.36E+12
Japan,JPN,2022,YR2022,284.665258,1.59E+15,2.268993929,9.870305126,131.4981404,..,1.23E+12,12.33841762,1.18E+12
Japan,JPN,2023,YR2023,275.5569422,1.63E+15,2.158940293,8.949061357,140.4911001,..,1.29E+12,13.61613978,1.24E+12
Jordan,JOR,2021,YR2021,115.6873854,38026710926,7.035692922,..,0.71,..,..,..,..
Jordan,JOR,2022,YR2022,115.7375358,40071950533,5.378428891,..,0.71,..,..,..,..
Jordan,JOR,2023,YR2023,113.0465409,40908047175,2.086488506,..,0.71,..,..,..,..
Kazakhstan,KAZ,2021,YR2021,35.85315222,3.01E+13,20.79440859,2.055703049,425.9075,21.30729717,34377998806,5.428393319,10831712874
Kazakhstan,KAZ,2022,YR2022,33.05139818,3.43E+13,13.94273389,2.124802626,460.165,21.78984457,35076053023,4.686267276,14584854725
Kazakhstan,KAZ,2023,YR2023,31.9691168,3.83E+13,11.67956185,2.334637767,456.165,22.0432696,35964591354,4.201416297,16454546721
Kenya,KEN,2021,YR2021,38.98878246,4.69E+12,6.218815716,4.506647033,109.6377466,23.02548231,9490896581,4.800835559,9489876378
Kenya,KEN,2022,YR2022,37.37993042,5.04E+12,7.52712261,5.368092446,117.8659892,19.17756894,7969488013,3.607846044,7968472155
Kenya,KEN,2023,YR2023,40.00668753,6.04E+12,19.87367678,5.887221237,139.8463838,17.10969875,7341776190,3.649696818,7340620173
Kiribati,KIR,2021,YR2021,..,..,..,..,1.33122426,..,..,..,..
Kiribati,KIR,2022,YR2022,..,..,..,..,1.441664459,..,..,..,..
Kiribati,KIR,2023,YR2023,..,..,..,..,1.505191066,..,..,..,..
"Korea, Dem. People's Rep.",PRK,2021,YR2021,..,..,..,..,..,..,..,..,..
"Korea, Dem. People's Rep.",PRK,2022,YR2022,..,..,..,..,..,..,..,..,..
"Korea, Dem. People's Rep.",PRK,2023,YR2023,..,..,..,..,..,..,..,..,..
"Korea, Rep.",KOR,2021,YR2021,173.7184024,3.61E+15,12.93353755,6.818645963,1143.951667,..,4.63E+11,7.567286199,4.57E+11
"Korea, Rep.",KOR,2022,YR2022,173.8496083,3.76E+15,4.000009773,6.873715313,1291.446667,..,4.23E+11,5.941420822,4.17E+11
"Korea, Rep.",KOR,2023,YR2023,174.5964895,3.90E+15,3.893241135,7.104449647,1305.6625,..,4.21E+11,6.307756219,4.14E+11
Kosovo,XKX,2021,YR2021,55.49218159,4415998446,11.98240061,4.198040432,0.845376564,37.19188731,1244319385,2.370028844,1244319385
Kosovo,XKX,2022,YR2022,55.43903799,4931705471,11.67815232,4.156491905,0.950915534,34.08788135,1247751320,2.168127518,1247751320
Kosovo,XKX,2023,YR2023,56.69177188,5487801502,11.27593758,4.765139565,0.924709623,29.35749335,1245423955,1.950456131,1245423955
Kuwait,KWT,2021,YR2021,80.93812071,36245471300,3.792786817,2.426251778,0.301643111,..,49525016981,11.58560435,44903838898
Kuwait,KWT,2022,YR2022,68.49484208,38584302700,6.45275483,2.40155214,0.306250154,..,52461721623,10.31609296,47860219923
Kuwait,KWT,2023,YR2023,77.5006455,38973279100,1.008120849,2.411134218,0.307185351,..,52619359335,9.165727252,47382988267
Kyrgyz Republic,KGZ,2021,YR2021,43.40249499,3.40E+11,19.11673607,1.345954776,84.64082201,32.91761434,2982533268,5.455919082,2386075493
Kyrgyz Republic,KGZ,2022,YR2022,43.47044982,4.44E+11,30.59170384,1.884971747,84.11622257,28.71490811,2798508310,3.06541572,1843398312
Kyrgyz Republic,KGZ,2023,YR2023,..,..,..,..,87.85612559,32.00027633,3236844683,..,1806601842
Lao PDR,LAO,2021,YR2021,..,..,..,..,9697.915789,10.14589416,1950518268,3.036049427,1950518268
Lao PDR,LAO,2022,YR2022,..,..,..,..,14035.22669,8.348270083,1576038535,1.996331011,1576038535
Lao PDR,LAO,2023,YR2023,..,..,..,..,17688.87359,8.809682633,1769745792,2.168512067,1769745792
Latvia,LVA,2021,YR2021,..,..,..,..,0.845494139,..,5491144973,2.259596342,5101643573
Latvia,LVA,2022,YR2022,..,..,..,..,0.949623753,..,4460033443,1.578389109,4072190543
Latvia,LVA,2023,YR2023,..,..,..,..,0.924839558,..,4956772380,1.75821163,4515418780
Lebanon,LBN,2021,YR2021,..,..,..,..,1507.5,52.67423734,35239219336,21.56172653,18454257136
Lebanon,LBN,2022,YR2022,..,..,..,..,1507.5,48.46877661,32512880022,14.90291159,15799388322
Lebanon,LBN,2023,YR2023,..,..,..,..,..,..,..,..,..
Lesotho,LSO,2021,YR2021,..,..,..,..,14.77867821,43.54403993,798207194.3,4.078437713,798207194.3
Lesotho,LSO,2022,YR2022,..,..,..,..,16.35585348,42.62586089,771278260.4,3.915288001,771278260.4
Lesotho,LSO,2023,YR2023,..,..,..,..,18.45024418,48.10104621,854088923.8,4.709405976,854088923.8
Liberia,LBR,2021,YR2021,..,..,..,..,166.1537008,37.91033492,700828780.1,4.502290872,700828780.1
Liberia,LBR,2022,YR2022,..,..,..,..,152.9337568,31.49471213,599660417.5,3.436735956,599660417.5
Liberia,LBR,2023,YR2023,..,..,..,..,..,..,..,..,..
Libya,LBY,2021,YR2021,64.41246841,1.02E+11,-20.26376796,0.275762317,4.514425,..,82262074686,36.81425872,75436699686
Libya,LBY,2022,YR2022,..,..,..,..,4.813175,..,86683417844,..,79887105344
Libya,LBY,2023,YR2023,..,..,..,..,4.812883333,..,92427294787,..,82703078787
Liechtenstein,LIE,2021,YR2021,..,..,..,..,..,..,..,..,..
Liechtenstein,LIE,2022,YR2022,..,..,..,..,..,..,..,..,..
Liechtenstein,LIE,2023,YR2023,..,..,..,..,..,..,..,..,..
Lithuania,LTU,2021,YR2021,..,..,..,..,0.845494139,..,5579844284,1.235273881,5239485584
Lithuania,LTU,2022,YR2022,..,..,..,..,0.949623753,..,5365254190,0.95839786,5026344740
Lithuania,LTU,2023,YR2023,..,..,..,..,0.924839558,..,6168341356,1.167628952,5782672556
Luxembourg,LUX,2021,YR2021,..,..,..,..,0.845494139,..,2920761393,0.069760601,2789714193
Luxembourg,LUX,2022,YR2022,..,..,..,..,0.949623753,..,2873502279,0.076350199,2743013079
Luxembourg,LUX,2023,YR2023,..,..,..,..,0.924839558,..,2977407186,0.069888437,2828914386
"Macao SAR, China",MAC,2021,YR2021,277.3166469,6.88E+11,-0.695929453,3.220833784,8.00553175,..,26664872000,10.77237258,26664872000
"Macao SAR, China",MAC,2022,YR2022,355.9666824,7.18E+11,4.388200094,3.426468219,8.065206083,..,25970915000,12.21944222,25970915000
"Macao SAR, China",MAC,2023,YR2023,196.4593946,7.26E+11,1.096381725,3.240272217,8.063390083,..,27770639000,8.949744512,27770639000
Madagascar,MDG,2021,YR2021,27.78123201,1.55E+13,10.93939632,1.732010334,3829.977849,43.67906863,2334564598,5.469465055,2334564598
Madagascar,MDG,2022,YR2022,28.41422013,1.76E+13,13.74418243,1.991008118,4096.116184,36.37659041,2159914364,3.981706001,2159914364
Madagascar,MDG,2023,YR2023,27.25648838,1.91E+13,8.227042216,1.635205982,4429.579214,40.79117437,2631980575,..,2631980575
Malawi,MWI,2021,YR2021,20.0931499,2.00E+12,30.04153097,..,805.8996501,..,..,..,..
Malawi,MWI,2022,YR2022,23.58570242,2.78E+12,38.79937564,..,949.0390167,..,..,..,..
Malawi,MWI,2023,YR2023,24.92459277,3.68E+12,32.23409118,..,1161.094367,..,..,..,..
Malaysia,MYS,2021,YR2021,132.547636,2.05E+12,5.559034094,4.237602285,4.143297598,..,1.17E+11,5.186206096,1.15E+11
Malaysia,MYS,2022,YR2022,119.0039588,2.13E+12,3.997014915,4.230526008,4.401076345,..,1.15E+11,4.328619081,1.12E+11
Malaysia,MYS,2023,YR2023,123.9399337,2.26E+12,5.83145875,4.36614516,4.560623432,..,1.13E+11,4.77774044,1.11E+11
Maldives,MDV,2021,YR2021,64.6752386,52221659806,26.18511194,4.215692246,15.37269841,19.65639891,805808189.4,2.399263936,805808189.4
Maldives,MDV,2022,YR2022,58.26155227,55374692357,6.037786931,4.325092324,15.386625,20.83986128,832094352.9,1.768150076,832094352.9
Maldives,MDV,2023,YR2023,58.41639579,59241663431,6.983282272,6.519925273,15.38679435,14.76224369,590522550.6,1.222094028,590522550.6
Mali,MLI,2021,YR2021,40.34451864,4.32E+12,36.41251429,..,554.530675,..,..,..,..
Mali,MLI,2022,YR2022,40.83081487,4.78E+12,10.72051025,..,623.7597009,..,..,..,..
Mali,MLI,2023,YR2023,37.73358088,4.73E+12,-1.129117685,..,606.5697502,..,..,..,..
Malta,MLT,2021,YR2021,..,..,..,..,0.845494139,..,1149326794,0.341763522,1143866494
Malta,MLT,2022,YR2022,..,..,..,..,0.949623753,..,1199148721,0.333158926,1195524021
Malta,MLT,2023,YR2023,..,..,..,..,0.924839558,..,1222820471,0.311811067,1204258871
Marshall Islands,MHL,2021,YR2021,..,..,..,..,1,..,..,..,..
Marshall Islands,MHL,2022,YR2022,..,..,..,..,1,..,..,..,..
Marshall Islands,MHL,2023,YR2023,..,..,..,..,1,..,..,..,..
Mauritania,MRT,2021,YR2021,..,..,..,..,36.06333333,42.34553176,2038562789,5.413780652,2038562789
Mauritania,MRT,2022,YR2022,..,..,..,..,36.935,..,..,..,..
Mauritania,MRT,2023,YR2023,..,..,..,..,36.48916667,..,..,..,..
Mauritius,MUS,2021,YR2021,159.9490734,7.66E+11,8.84810655,2.145258375,41.69213333,58.24822754,8562656040,7.408661029,7834980060
Mauritius,MUS,2022,YR2022,141.1263247,8.06E+11,5.256627054,2.341233534,44.182775,44.14494083,7792807408,4.651113699,7068773583
Mauritius,MUS,2023,YR2023,130.434719,8.65E+11,7.265656412,2.63546275,45.267225,37.64680462,7247890260,6.231617173,6424580180
Mexico,MEX,2021,YR2021,42.99093586,1.15E+13,9.507690063,2.723806175,20.27240833,34.5483714,2.08E+11,4.123981148,2.01E+11
Mexico,MEX,2022,YR2022,41.78337993,1.23E+13,7.324278335,3.042180395,20.12735,34.35200244,2.01E+11,3.32749188,1.94E+11
Mexico,MEX,2023,YR2023,43.02953618,1.37E+13,11.01773883,3.592100786,17.75871667,35.96416717,2.14E+11,3.475019346,2.06E+11
"Micronesia, Fed. Sts.",FSM,2021,YR2021,85.22205128,332366000,15.42129261,0.668160841,1,..,497434120.4,..,497434120.4
"Micronesia, Fed. Sts.",FSM,2022,YR2022,..,..,..,..,1,..,..,..,..
"Micronesia, Fed. Sts.",FSM,2023,YR2023,..,..,..,..,1,..,..,..,..
Moldova,MDA,2021,YR2021,49.47703991,1.20E+11,11.28149478,1.73614727,17.68046614,43.18911588,3901933745,5.471042376,3897595634
Moldova,MDA,2022,YR2022,45.98229924,1.26E+11,5.27126726,1.491276936,18.89718962,46.01481355,4474190590,4.835551342,4469870951
Moldova,MDA,2023,YR2023,49.65714125,1.49E+11,18.31571259,1.50611483,18.16393776,51.25741317,5453111014,6.134259149,5448195394
Monaco,MCO,2021,YR2021,..,..,..,..,0.845494139,..,..,..,..
Monaco,MCO,2022,YR2022,..,..,..,..,0.949623753,..,..,..,..
Monaco,MCO,2023,YR2023,..,..,..,..,0.924839558,..,..,..,..
Mongolia,MNG,2021,YR2021,63.97237206,2.79E+13,13.8179148,2.232606852,2849.288615,12.61824884,4380126029,4.462132565,3814096564
Mongolia,MNG,2022,YR2022,55.0862715,2.97E+13,6.464848237,2.779304764,3140.677884,10.15946313,3398458522,2.898223576,3018528968
Mongolia,MNG,2023,YR2023,53.41179957,3.76E+13,26.83069187,2.268501452,3465.736536,13.94336919,4785543820,3.537818554,4385614039
Montenegro,MNE,2021,YR2021,57.9655123,2872258374,15.61107222,1.714509654,0.845376564,20.98856067,1981678245,6.045938873,1981678245
Montenegro,MNE,2022,YR2022,59.61153778,3531398228,22.94848749,1.819693071,0.950915534,23.36219371,2040827974,5.014569988,2040827974
Montenegro,MNE,2023,YR2023,56.78193278,3954075188,11.96911062,2.717379382,0.924709623,18.26241777,1573580964,3.40557258,1573580964
Morocco,MAR,2021,YR2021,122.2633891,1.56E+12,5.093941927,4.870951222,8.988484024,54.26960493,35648269520,6.771292414,34354119831
Morocco,MAR,2022,YR2022,126.6434551,1.69E+12,7.963729416,5.132165107,10.16066024,49.7357999,32314245660,5.062121333,31025606471
Morocco,MAR,2023,YR2023,119.6418151,1.75E+12,3.900351887,4.756239321,10.1314261,52.4456859,36327701788,5.670434458,34861268999
Mozambique,MOZ,2021,YR2021,56.18141117,5.95E+11,1.879146805,2.402499682,65.465,6.033067502,3780829522,4.08988414,3550532063
Mozambique,MOZ,2022,YR2022,53.62700831,6.47E+11,8.736082055,3.445922931,63.85083333,4.564404735,2938739968,2.009554863,2709341999
Mozambique,MOZ,2023,YR2023,50.01373849,6.70E+11,3.545710723,2.881492355,63.88583333,5.440725166,3637000552,3.269690318,3375952537
Myanmar,MMR,2021,YR2021,..,..,..,..,1615.366667,..,..,..,..
Myanmar,MMR,2022,YR2022,..,..,..,..,1932.543333,..,..,..,..
Myanmar,MMR,2023,YR2023,..,..,..,..,2100,..,..,..,..
Namibia,NAM,2021,YR2021,72.60540182,1.33E+11,6.761140088,3.258008784,14.778675,..,2763919782,4.534440086,2763919782
Namibia,NAM,2022,YR2022,..,..,..,..,16.35585833,..,2803462865,4.057317421,2803462865
Namibia,NAM,2023,YR2023,..,..,..,..,18.44630833,..,2956284638,3.830921111,2956284638
Nauru,NRU,2021,YR2021,..,..,..,..,1.33122426,..,..,..,..
Nauru,NRU,2022,YR2022,..,..,..,..,1.441664459,..,..,..,..
Nauru,NRU,2023,YR2023,..,..,..,..,1.505191066,..,..,..,..
Nepal,NPL,2021,YR2021,120.6567696,5.25E+12,14.69163161,4.622165045,118.1340816,109.2729846,9638842484,6.722982721,9171416560
Nepal,NPL,2022,YR2022,113.5930524,5.65E+12,7.642884471,5.019873786,125.1994578,101.4740787,9319150273,7.119748682,8853714653
Nepal,NPL,2023,YR2023,120.7897328,6.46E+12,14.28347872,3.966944917,132.1154601,124.954881,12456122669,10.41167508,11926470878
Netherlands,NLD,2021,YR2021,..,..,..,..,0.845494139,..,64469433091,0.687881397,28629843991
Netherlands,NLD,2022,YR2022,..,..,..,..,0.949623753,..,63352655591,0.58276308,27665671741
Netherlands,NLD,2023,YR2023,..,..,..,..,0.924839558,..,69829689143,0.638475948,29218970743
New Caledonia,NCL,2021,YR2021,..,..,..,..,100.8802226,..,..,..,..
New Caledonia,NCL,2022,YR2022,..,..,..,..,113.4743672,..,..,..,..
New Caledonia,NCL,2023,YR2023,..,..,..,..,110.3471713,..,..,..,..
New Zealand,NZL,2021,YR2021,109.2023859,3.92E+11,7.059434035,17.18938067,1.4138,..,16113750240,2.530915195,16113750240
New Zealand,NZL,2022,YR2022,102.4757473,3.99E+11,1.832545058,17.55901679,1.577183333,..,14399554617,2.022234601,14399554617
New Zealand,NZL,2023,YR2023,100.5691629,4.13E+11,3.56339695,16.37531861,1.628433333,..,15487380828,2.213719917,15487380828
Nicaragua,NIC,2021,YR2021,39.79507202,1.98E+11,13.82309041,1.390970227,35.17101667,27.7485764,4046556204,5.247090513,4046556204
Nicaragua,NIC,2022,YR2022,39.25649887,2.20E+11,11.33189963,1.394868496,35.87442114,29.56413163,4404430742,4.612532849,4404430742
Nicaragua,NIC,2023,YR2023,..,..,..,..,36.44119428,35.92198519,5446998878,5.566492926,5446998878
Niger,NER,2021,YR2021,20.11598752,1.66E+12,9.72874157,..,554.530675,..,..,..,..
Niger,NER,2022,YR2022,19.3426896,1.86E+12,11.92272251,..,623.7597009,..,..,..,..
Niger,NER,2023,YR2023,18.08373765,1.84E+12,-0.924792571,..,606.5697502,..,..,..,..
Nigeria,NGA,2021,YR2021,25.24143011,4.44E+13,14.23741434,2.749078855,401.1520292,42.02704196,40476363167,6.230226894,40476363167
Nigeria,NGA,2022,YR2022,25.78868188,5.22E+13,17.42260517,3.461821431,425.9791581,34.49462588,35563949955,4.659506677,35563949955
Nigeria,NGA,2023,YR2023,..,..,..,..,..,..,..,..,..
North Macedonia,MKD,2021,YR2021,65.08414922,4.75E+11,8.830692181,2.206667638,52.10215833,37.98382723,4129287737,4.080064349,3726098880
North Macedonia,MKD,2022,YR2022,61.24400256,5.00E+11,5.276307844,2.07100072,58.57439167,35.39722815,4120124979,3.591435812,3718640226
North Macedonia,MKD,2023,YR2023,58.95817169,5.29E+11,5.89462108,1.853235781,56.94719167,39.75635067,5014981540,4.374080425,4557918557
Northern Mariana Islands,MNP,2021,YR2021,..,..,..,..,1,..,..,..,..
Northern Mariana Islands,MNP,2022,YR2022,..,..,..,..,1,..,..,..,..
Northern Mariana Islands,MNP,2023,YR2023,..,..,..,..,1,..,..,..,..
Norway,NOR,2021,YR2021,67.33696722,2.91E+12,10.50191849,4.022178092,8.59,..,84270941751,5.705800788,84270941751
Norway,NOR,2022,YR2022,53.83671532,3.07E+12,5.546702093,4.434721631,9.614166667,..,72077375479,4.282834221,72077375479
Norway,NOR,2023,YR2023,60.20503267,3.09E+12,0.433080321,3.631429564,10.56333333,..,80459096008,4.794490188,80459096008
Oman,OMN,2021,YR2021,..,..,..,..,0.3845,..,19729709614,5.253783552,19729709614
Oman,OMN,2022,YR2022,..,..,..,..,0.3845,..,17496554659,3.683652109,17496554659
Oman,OMN,2023,YR2023,..,..,..,..,0.3845,..,17298247786,3.828838715,17298247786
Pakistan,PAK,2021,YR2021,51.26238684,2.86E+13,10.41935806,7.831916928,162.9062537,17.4331999,22811522858,3.357263678,19028414245
Pakistan,PAK,2022,YR2022,46.12265617,3.07E+13,7.411518601,17.4188128,204.8671875,7.77287767,9926587077,1.440621587,6159296212
Pakistan,PAK,2023,YR2023,42.57173843,3.57E+13,16.25306318,10.47716224,280.3561117,10.49341181,13730353485,2.504061599,9442627602
Palau,PLW,2021,YR2021,..,..,..,..,1,..,..,..,..
Palau,PLW,2022,YR2022,..,..,..,..,1,..,..,..,..
Palau,PLW,2023,YR2023,..,..,..,..,1,..,..,..,..
Panama,PAN,2021,YR2021,..,..,..,..,1,..,8832242051,3.582664104,8832242051
Panama,PAN,2022,YR2022,..,..,..,..,1,..,6876072134,2.156427043,6876072134
Panama,PAN,2023,YR2023,..,..,..,..,1,..,6756683682,1.846579649,6756683682
Papua New Guinea,PNG,2021,YR2021,..,..,..,..,3.50877193,16.43867608,3240131311,4.799176693,3162173316
Papua New Guinea,PNG,2022,YR2022,..,..,..,..,3.519229705,20.31361803,3982557796,4.550765033,3904931746
Papua New Guinea,PNG,2023,YR2023,..,..,..,..,3.589622749,25.46457535,3901331641,5.144830209,3771400441
Paraguay,PRY,2021,YR2021,52.01844278,1.41E+14,8.308153992,2.151055741,6774.162735,43.07892548,9661226173,7.322280834,9181766330
Paraguay,PRY,2022,YR2022,50.03745463,1.47E+14,4.122458601,2.205331674,6982.752378,38.06065011,9518826117,6.113157892,9041407818
Paraguay,PRY,2023,YR2023,50.89228742,1.59E+14,8.70633274,2.211422692,7288.872054,37.50072109,9885683630,6.038477255,9342395910
Peru,PER,2021,YR2021,60.54718013,5.32E+11,2.880139916,1.743877219,3.880554131,90.53006528,78589897923,12.124173,76560945306
Peru,PER,2022,YR2022,61.49810023,5.81E+11,9.31212092,2.095808612,3.835181375,81.42420122,72328123071,9.74774184,70307850583
Peru,PER,2023,YR2023,..,..,..,..,3.74382621,79.26758743,71394387240,10.37089169,69095470568
Philippines,PHL,2021,YR2021,90.36719081,1.75E+13,7.980268434,3.274572607,49.25459773,102.1652971,1.09E+11,9.661809663,99461671284
Philippines,PHL,2022,YR2022,85.85591954,1.89E+13,7.820339239,3.614750346,54.47778584,86.34138949,96040188241,7.171027111,86850194729
Philippines,PHL,2023,YR2023,..,..,..,..,55.63036322,85.45341778,1.04E+11,7.644753781,93196024816
Poland,POL,2021,YR2021,74.57458488,1.98E+12,8.91363802,3.095496364,3.861916667,..,1.66E+11,4.780770586,1.53E+11
Poland,POL,2022,YR2022,67.36746376,2.09E+12,5.247237023,2.811724884,4.457758333,..,1.67E+11,4.256145708,1.53E+11
Poland,POL,2023,YR2023,66.65299667,2.27E+12,8.535857966,2.783297509,4.203666667,..,1.94E+11,4.856855622,1.70E+11
Portugal,PRT,2021,YR2021,..,..,..,..,0.845494139,..,32535115418,3.117130781,10147885418
Portugal,PRT,2022,YR2022,..,..,..,..,0.949623753,..,32231572059,2.647397524,9939667059
Portugal,PRT,2023,YR2023,..,..,..,..,0.924839558,..,35243055048,2.762095006,9871410248
Puerto Rico,PRI,2021,YR2021,..,..,..,..,1,..,..,..,..
Puerto Rico,PRI,2022,YR2022,..,..,..,..,1,..,..,..,..
Puerto Rico,PRI,2023,YR2023,..,..,..,..,1,..,..,..,..
Qatar,QAT,2021,YR2021,93.01092916,6.09E+11,1.435803504,3.960207174,3.64,..,42212542110,6.814639556,38892974935
Qatar,QAT,2022,YR2022,83.27468937,7.14E+11,17.41683611,4.141991147,3.64,..,47389335670,5.863046574,42041594225
Qatar,QAT,2023,YR2023,93.20615601,7.23E+11,1.144003948,3.852088309,3.64,..,51538727786,6.481048471,44844912182
Romania,ROU,2021,YR2021,47.33961215,5.64E+11,15.81472865,2.614695345,4.160416667,..,51885588481,4.278092787,45821015281
Romania,ROU,2022,YR2022,43.40149076,6.03E+11,6.842211144,2.304639985,4.688475,..,55810109299,4.039149055,49772084039
Romania,ROU,2023,YR2023,41.53098598,6.66E+11,10.50425707,1.995635303,4.574291667,..,72999646522,5.088474234,66128554682
Russian Federation,RUS,2021,YR2021,..,..,..,..,73.65435,..,6.32E+11,15.12149853,4.98E+11
Russian Federation,RUS,2022,YR2022,..,..,..,..,68.48494167,..,5.82E+11,16.09633559,4.46E+11
Russian Federation,RUS,2023,YR2023,..,..,..,..,85.16200833,..,5.97E+11,16.27285462,4.43E+11
Rwanda,RWA,2021,YR2021,26.08413054,2.85E+12,18.27152666,1.54628693,988.6248066,20.04001722,1867263804,5.469746956,1867263804
Rwanda,RWA,2022,YR2022,25.57308283,3.51E+12,22.91419848,1.973459894,1030.3083,17.8076731,1725574899,3.934789637,1725574899
Rwanda,RWA,2023,YR2023,26.76502151,4.38E+12,24.76236273,2.057342435,1160.098694,16.11080092,1834050910,3.601094603,1834050910
Samoa,WSM,2021,YR2021,61.39968436,1332037540,1.689862295,1.758393122,2.556092342,58.28151443,294681800.1,7.666312469,294681800.1
Samoa,WSM,2022,YR2022,65.88031862,1429713000,7.332785831,1.708622944,2.688997647,68.23055048,321163283.7,7.064445138,321163283.7
Samoa,WSM,2023,YR2023,63.44389115,1625257640,13.67719535,1.33132956,2.73843913,103.3745918,447089817.1,8.839019026,447089817.1
San Marino,SMR,2021,YR2021,..,..,..,..,0.845376564,..,954382643.4,3.536400295,954382643.4
San Marino,SMR,2022,YR2022,..,..,..,..,0.950915534,..,716066334.1,2.493774722,716066334.1
San Marino,SMR,2023,YR2023,..,..,..,..,0.924709623,..,836088074.1,..,836088074.1
Sao Tome and Principe,STP,2021,YR2021,29.94943665,3277079039,-2.596183599,2.093589081,20.71040152,22.64047784,75017386.46,4.387171462,75017386.46
Sao Tome and Principe,STP,2022,YR2022,28.15740399,3573212860,9.036517519,2.361759608,23.29040395,15.2937381,64476467.04,3.470336583,64476467.04
Sao Tome and Principe,STP,2023,YR2023,24.43512263,3787423971,5.994916029,3.587420479,22.65842479,10.18051763,46247347.89,..,46247347.89
Saudi Arabia,SAU,2021,YR2021,..,..,..,..,3.75,..,4.74E+11,25.03900587,4.55E+11
Saudi Arabia,SAU,2022,YR2022,..,..,..,..,3.75,..,4.78E+11,20.90144981,4.59E+11
Saudi Arabia,SAU,2023,YR2023,..,..,..,..,3.75,..,4.58E+11,17.46269408,4.37E+11
Senegal,SEN,2021,YR2021,48.32679497,7.38E+12,15.34059835,..,554.530675,..,..,..,..
Senegal,SEN,2022,YR2022,52.04368903,8.97E+12,21.5700224,..,623.7597009,..,..,..,..
Senegal,SEN,2023,YR2023,52.52126594,9.83E+12,9.609138867,..,606.5697502,..,..,..,..
Serbia,SRB,2021,YR2021,57.45187749,3.78E+12,13.29335589,2.041724593,99.39594167,45.22334622,18616661464,5.252457515,16431439705
Serbia,SRB,2022,YR2022,54.12661087,4.04E+12,6.858718871,1.748349593,111.6621833,46.49278512,20679650166,4.835953419,18438006336
Serbia,SRB,2023,YR2023,51.58027565,4.55E+12,12.6586446,1.521859719,108.4026917,56.26394252,27569406104,6.179346245,24920546115
Seychelles,SYC,2021,YR2021,93.35838594,23492478683,-5.092833462,1.976133805,16.92052257,..,702584737.7,4.397002228,702584737.7
Seychelles,SYC,2022,YR2022,80.46379246,23634599826,0.604964446,2.591582128,14.27279453,..,638960849.8,3.203548037,638960849.8
Seychelles,SYC,2023,YR2023,83.24176014,24988415730,5.728110116,2.610715523,14.0181107,..,682793969.3,3.19602364,682793969.3
Sierra Leone,SLE,2021,YR2021,0.019239199,14391059.19,22.05201919,0.001457362,10.43942532,37.361639,945907747.2,5.714570014,945907747.2
Sierra Leone,SLE,2022,YR2022,0.020397035,20398492.98,41.74420871,0.002325222,14.04764979,26.0166978,624496474.6,3.596621208,624496474.6
Sierra Leone,SLE,2023,YR2023,0.019835293,27095819.28,32.83245636,0.002565697,21.30487511,20.81087035,495698793.8,2.83469282,495698793.8
Singapore,SGP,2021,YR2021,..,..,..,..,1.343483333,..,4.25E+11,5.926293902,4.16E+11
Singapore,SGP,2022,YR2022,..,..,..,..,1.378666667,..,2.97E+11,3.605351411,2.88E+11
Singapore,SGP,2023,YR2023,..,..,..,..,1.342766667,..,3.60E+11,4.574734853,3.45E+11
Sint Maarten (Dutch part),SXM,2021,YR2021,..,..,..,..,1.79,..,..,..,..
Sint Maarten (Dutch part),SXM,2022,YR2022,..,..,..,..,1.79,..,..,..,..
Sint Maarten (Dutch part),SXM,2023,YR2023,..,..,..,..,1.79,..,..,..,..
Slovak Republic,SVK,2021,YR2021,..,..,..,..,0.845494139,..,9609533729,0.975004031,7754851829
Slovak Republic,SVK,2022,YR2022,..,..,..,..,0.949623753,..,10280260081,0.955725751,8433475431
Slovak Republic,SVK,2023,YR2023,..,..,..,..,0.924839558,..,11288019854,1.064912361,9186434254
Slovenia,SVN,2021,YR2021,..,..,..,..,0.845494139,..,2266987092,0.529740844,2081336892
Slovenia,SVN,2022,YR2022,..,..,..,..,0.949623753,..,2267946375,0.463561996,2083086675
Slovenia,SVN,2023,YR2023,..,..,..,..,0.924839558,..,2369992496,0.496463074,2159627696
Solomon Islands,SLB,2021,YR2021,45.17097096,5523596671,1.941801665,0.990418989,8.030102991,154.8146346,694515407.8,12.7003668,684504857.8
Solomon Islands,SLB,2022,YR2022,45.51544007,5814369892,5.264200814,1.07758753,8.155528698,138.5937209,661603758,9.66577746,647286193
Solomon Islands,SLB,2023,YR2023,45.10720807,6170677376,6.128049821,1.070507554,8.375596776,130.3897461,688220067,8.932842413,679970467
Somalia,SOM,2021,YR2021,..,..,..,..,..,..,..,..,..
Somalia,SOM,2022,YR2022,..,..,..,..,..,..,..,..,..
Somalia,SOM,2023,YR2023,..,..,..,..,..,..,..,..,..
South Africa,ZAF,2021,YR2021,69.99466047,4.35E+12,5.709985199,5.114807641,14.77867821,33.99302117,57597149617,5.560464725,50262146617
South Africa,ZAF,2022,YR2022,71.06639907,4.73E+12,8.637725943,4.775698226,16.35585348,35.26203456,60553113006,4.920403839,53247530156
South Africa,ZAF,2023,YR2023,72.45183758,5.09E+12,7.593742777,4.413765745,18.45024418,37.69404408,62491675820,5.340399852,54176079020
South Sudan,SSD,2021,YR2021,34.20165438,3.24E+11,55.28295681,..,306.3546199,..,..,..,..
South Sudan,SSD,2022,YR2022,28.74820147,6.18E+11,90.8329254,..,534.5111887,..,..,..,..
South Sudan,SSD,2023,YR2023,32.53000115,1.01E+12,63.39568826,..,930.3314295,..,..,..,..
Spain,ESP,2021,YR2021,..,..,..,..,0.845494139,..,92201269195,2.032351751,75723903895
Spain,ESP,2022,YR2022,..,..,..,..,0.949623753,..,92905070060,1.749204434,76497865510
Spain,ESP,2023,YR2023,..,..,..,..,0.924839558,..,1.03E+11,1.833936375,84417863328
Sri Lanka,LKA,2021,YR2021,..,..,..,..,198.7643168,5.340297781,3136991506,1.594994503,2962484486
Sri Lanka,LKA,2022,YR2022,..,..,..,..,322.6326743,..,..,..,..
Sri Lanka,LKA,2023,YR2023,..,..,..,..,327.5065333,..,..,..,..
St. Kitts and Nevis,KNA,2021,YR2021,130.1442751,3017108701,8.860092008,3.310636128,2.7,..,337532614.3,8.76673242,337532614.3
St. Kitts and Nevis,KNA,2022,YR2022,118.1171407,3129938865,3.739678448,3.943256481,2.7,..,293979512.2,5.331353807,293979512.2
St. Kitts and Nevis,KNA,2023,YR2023,107.7919831,3071909183,-1.854019688,3.977089031,2.7,..,286074597,4.687056743,286074597
St. Lucia,LCA,2021,YR2021,71.1407571,3586490129,14.86439795,3.06690392,2.7,48.51563558,433117473.5,5.157141099,433117473.5
St. Lucia,LCA,2022,YR2022,58.99986223,3731918285,4.054887974,3.552430934,2.7,42.78852295,389083414.4,3.263556501,389083414.4
St. Lucia,LCA,2023,YR2023,63.1210977,4141627705,10.97852064,3.615014645,2.7,39.06265579,424323643.9,3.330928353,424323643.9
St. Martin (French part),MAF,2021,YR2021,..,..,..,..,0.845494139,..,..,..,..
St. Martin (French part),MAF,2022,YR2022,..,..,..,..,0.949623753,..,..,..,..
St. Martin (French part),MAF,2023,YR2023,..,..,..,..,0.924839558,..,..,..,..
St. Vincent and the Grenadines,VCT,2021,YR2021,78.70577691,1853528917,12.78161125,2.200980223,2.7,61.71829843,311902935,8.347467771,311902935
St. Vincent and the Grenadines,VCT,2022,YR2022,71.15847431,1856901735,0.181967367,2.147894178,2.7,57.83288529,320193327.2,6.957854249,320193327.2
St. Vincent and the Grenadines,VCT,2023,YR2023,66.95003865,1926889062,3.769037774,2.54367134,2.7,44.63964074,280564003.8,5.781802231,280564003.8
Sudan,SDN,2021,YR2021,..,..,..,..,370.7905833,..,..,..,..
Sudan,SDN,2022,YR2022,..,..,..,..,546.75885,..,..,..,..
Sudan,SDN,2023,YR2023,..,..,..,..,..,..,..,..,..
Suriname,SUR,2021,YR2021,77.27962287,47315289131,43.90682417,2.420533733,18.23866667,23.97082105,992256911.9,5.230875536,906664252.2
Suriname,SUR,2022,YR2022,74.16665342,69484799617,46.85485578,2.35401871,24.70917476,28.47763158,1194597644,5.38622846,1109369438
Suriname,SUR,2023,YR2023,65.41056368,83114591429,19.61550136,1.6789188,36.77586917,33.25761077,1346122671,6.284262271,1249135526
Sweden,SWE,2021,YR2021,89.3220267,4.88E+12,10.44753155,9.171945576,8.576566716,..,62053165557,2.306813273,54696321357
Sweden,SWE,2022,YR2022,85.47670323,5.01E+12,2.705221396,7.710143243,10.11425128,..,64288785008,2.176981487,56963266308
Sweden,SWE,2023,YR2023,79.74842605,4.95E+12,-1.27225316,7.66473234,10.6101613,..,60862760991,1.999147637,52526540191
Switzerland,CHE,2021,YR2021,..,..,..,..,0.913845833,..,1.11E+12,19.59396286,1.05E+12
Switzerland,CHE,2022,YR2022,..,..,..,..,0.9548325,..,9.24E+11,15.34402617,8.63E+11
Switzerland,CHE,2023,YR2023,..,..,..,..,0.89849,..,8.64E+11,12.87215349,7.95E+11
Syrian Arab Republic,SYR,2021,YR2021,..,..,..,..,1256,..,..,..,..
Syrian Arab Republic,SYR,2022,YR2022,..,..,..,..,2505.746911,..,..,..,..
Syrian Arab Republic,SYR,2023,YR2023,..,..,..,..,..,..,..,..,..
Tajikistan,TJK,2021,YR2021,28.09770155,28400117109,8.178958552,1.005017782,11.30885,37.91415867,2498779540,6.67264536,2382718716
Tajikistan,TJK,2022,YR2022,22.2140171,26252903050,-7.560581708,0.618581659,11.031075,57.22219425,3847356746,8.299183772,3354506559
Tajikistan,TJK,2023,YR2023,30.23789927,39548602018,50.64468087,..,10.844525,..,..,..,..
Tanzania,TZA,2021,YR2021,21.28613976,3.46E+13,15.49929226,..,2297.764226,..,..,..,..
Tanzania,TZA,2022,YR2022,22.11487404,3.86E+13,11.63830307,..,..,..,..,..,..
Tanzania,TZA,2023,YR2023,23.36410154,4.40E+13,14.05534704,..,..,..,..,..,..
Thailand,THA,2021,YR2021,148.6329941,2.41E+13,4.805109326,3.058483664,31.97709344,125.0918153,2.46E+11,8.975902781,2.32E+11
Thailand,THA,2022,YR2022,143.8264994,2.50E+13,3.875771904,3.292690187,35.06135021,107.6844818,2.17E+11,7.109207614,2.02E+11
Thailand,THA,2023,YR2023,142.1808031,2.55E+13,1.950480913,3.261839521,34.80218858,115.9297952,2.24E+11,7.568990165,2.08E+11
Timor-Leste,TLS,2021,YR2021,30.85819265,1118575447,28.2876981,1.196618193,1,335.5109232,934780578.6,6.470879242,934780578.6
Timor-Leste,TLS,2022,YR2022,37.86175316,1214829940,8.605096186,1.462223489,1,286.7881281,830810029.6,5.361818037,830810029.6
Timor-Leste,TLS,2023,YR2023,59.98992435,1247740575,2.709073398,1.595586595,1,254.4032221,781994896.7,7.074939385,781994896.7
Togo,TGO,2021,YR2021,48.8650457,2.26E+12,12.27977608,..,554.530675,..,..,..,..
Togo,TGO,2022,YR2022,51.17522507,2.61E+12,15.36246558,..,623.7597009,..,..,..,..
Togo,TGO,2023,YR2023,50.00689075,2.78E+12,6.676414347,..,606.5697502,..,..,..,..
Tonga,TON,2021,YR2021,69.59355621,821537568.5,16.11897297,0.996797935,2.264959601,161.7927525,361811847.8,13.920709,361811847.8
Tonga,TON,2022,YR2022,72.30761724,851187937.4,3.609131223,0.997655869,2.327929827,178.9019964,375564012.9,13.22525301,375564012.9
Tonga,TON,2023,YR2023,72.25788235,868135116.9,1.991003249,0.927044859,2.363698818,201.8442681,396530126.4,11.98650842,396530126.4
Trinidad and Tobago,TTO,2021,YR2021,72.65649832,1.20E+11,1.677739228,2.58710366,6.758530049,..,6879594622,8.51583253,6765928822
Trinidad and Tobago,TTO,2022,YR2022,60.36688796,1.23E+11,1.86699431,2.655340695,6.754128961,..,6832392605,6.161157265,6719179192
Trinidad and Tobago,TTO,2023,YR2023,67.2349691,1.24E+11,1.382847973,2.941947955,6.750262379,..,6255633382,7.916600649,6126381289
Tunisia,TUN,2021,YR2021,77.40352702,1.01E+11,8.683288223,4.096334842,2.794466667,20.56052761,8845557076,5.309366763,8445135076
Tunisia,TUN,2022,YR2022,79.8350974,1.11E+11,9.133878256,4.396943305,3.1036,19.74152391,8094326709,3.999233716,7695609709
Tunisia,TUN,2023,YR2023,79.85219656,1.20E+11,8.953603884,4.194049281,3.106166667,22.38381107,9239745488,4.597684335,8786017488
Turkiye,TUR,2021,YR2021,71.6054682,5.20E+12,52.51794426,5.359648497,8.850407549,25.10136494,1.10E+11,4.360695516,71046318472
Turkiye,TUR,2022,YR2022,55.49577599,8.33E+12,60.33932726,4.068467711,16.54886042,27.02129498,1.24E+11,3.70374849,77888776366
Turkiye,TUR,2023,YR2023,53.33149467,1.42E+13,69.93635189,4.233905957,23.73856612,28.18054834,1.41E+11,4.125168666,92694068792
Turkmenistan,TKM,2021,YR2021,..,..,..,..,..,..,..,..,..
Turkmenistan,TKM,2022,YR2022,..,..,..,..,..,..,..,..,..
Turkmenistan,TKM,2023,YR2023,..,..,..,..,..,..,..,..,..
Turks and Caicos Islands,TCA,2021,YR2021,..,..,..,..,1,..,..,..,..
Turks and Caicos Islands,TCA,2022,YR2022,..,..,..,..,1,..,..,..,..
Turks and Caicos Islands,TCA,2023,YR2023,..,..,..,..,1,..,..,..,..
Tuvalu,TUV,2021,YR2021,..,..,..,..,..,..,..,..,..
Tuvalu,TUV,2022,YR2022,..,..,..,..,..,..,..,..,..
Tuvalu,TUV,2023,YR2023,..,..,..,..,..,..,..,..,..
Uganda,UGA,2021,YR2021,22.48809351,3.34E+13,5.035429377,..,3587.051707,..,..,..,..
Uganda,UGA,2022,YR2022,22.03039837,3.59E+13,7.502709029,..,3689.817386,..,..,..,..
Uganda,UGA,2023,YR2023,21.68160474,3.97E+13,10.66485393,..,3726.14046,..,..,..,..
Ukraine,UKR,2021,YR2021,38.00064977,2.07E+12,11.96485441,2.45141997,27.28618938,22.61866888,30966674654,3.572940424,29383187654
Ukraine,UKR,2022,YR2022,47.74894015,2.50E+12,20.77204241,2.713409953,32.3423016,19.89000425,28505931892,3.890798047,26929187392
Ukraine,UKR,2023,YR2023,47.0674153,3.08E+12,23.00763152,2.076921479,36.57380812,22.93299886,40510106308,5.047516594,38715818308
United Arab Emirates,ARE,2021,YR2021,102.5106431,1.56E+12,5.709292598,3.245981874,3.6725,..,1.31E+11,..,1.28E+11
United Arab Emirates,ARE,2022,YR2022,92.27323062,1.70E+12,8.995377553,3.350978306,3.6725,..,1.38E+11,..,1.34E+11
United Arab Emirates,ARE,2023,YR2023,107.1362134,2.02E+12,18.74009832,2.906840097,3.6725,..,1.89E+11,..,1.85E+11
United Kingdom,GBR,2021,YR2021,165.5296666,3.78E+12,9.732729491,26.79521436,0.727064945,..,1.94E+11,1.943836247,1.76E+11
United Kingdom,GBR,2022,YR2022,162.6263642,4.11E+12,8.607499574,28.70730121,0.811301716,..,1.76E+11,1.476119138,1.58E+11
United Kingdom,GBR,2023,YR2023,147.0687996,4.00E+12,-2.636494137,27.94689714,0.804538907,..,1.78E+11,1.3436519,1.57E+11
United States,USA,2021,YR2021,114.9809344,2.72E+13,16.85668337,38.0210092,1,..,7.16E+11,1.976327547,2.40E+11
United States,USA,2022,YR2022,103.8161168,2.70E+13,-0.84280258,38.20783613,1,..,7.07E+11,1.678278212,2.33E+11
United States,USA,2023,YR2023,99.12791711,2.75E+13,1.776394992,35.52887385,1,..,7.73E+11,1.796438456,2.34E+11
Uruguay,URY,2021,YR2021,58.73147777,1.55E+12,16.81733762,2.103766915,43.554575,..,16962770287,8.983199348,16956810478
Uruguay,URY,2022,YR2022,52.88358022,1.53E+12,-1.716526626,2.452976812,41.17108333,..,15126762058,6.506844094,15120865214
Uruguay,URY,2023,YR2023,51.62379537,1.55E+12,1.338081726,2.452802726,38.82391667,..,16256769467,7.219105276,16250083310
Uzbekistan,UZB,2021,YR2021,17.7023886,1.45E+14,29.67761677,0.387020952,10609.46439,87.11785514,35375443900,14.08792684,14189479900
Uzbekistan,UZB,2022,YR2022,18.99258677,1.89E+14,30.17495449,0.478324137,11050.14542,73.01846879,35773956818,11.02128958,12702741318
Uzbekistan,UZB,2023,YR2023,17.79003587,2.12E+14,12.16439279,0.522989408,11734.83342,58.38960831,34557511091,8.828415243,9932455091
Vanuatu,VUT,2021,YR2021,98.97910643,1.03E+11,8.871941164,1.415102761,109.4525,139.4354708,664751367.3,14.18909293,664751367.3
Vanuatu,VUT,2022,YR2022,93.70882133,1.10E+11,7.320822786,1.500162753,115.3539167,137.7839503,638537154.3,12.59565106,638537154.3
Vanuatu,VUT,2023,YR2023,87.26167669,1.17E+11,5.9456749,1.526698014,119.1125,136.7788407,643768389.6,..,643768389.6
"Venezuela, RB",VEN,2021,YR2021,..,..,..,..,..,..,..,..,..
"Venezuela, RB",VEN,2022,YR2022,..,..,..,..,..,..,..,..,..
"Venezuela, RB",VEN,2023,YR2023,..,..,..,..,..,..,..,..,..
Viet Nam,VNM,2021,YR2021,146.1579513,1.24E+16,9.675951415,4.897370051,23159.78259,78.20478943,1.09E+11,3.686074295,1.09E+11
Viet Nam,VNM,2022,YR2022,137.292054,1.31E+16,5.679409737,6.509652651,23271.2125,59.02008469,86539530967,2.650555448,86539530967
Viet Nam,VNM,2023,YR2023,..,..,..,..,23787.31917,65.02490657,92237540812,3.016985414,92237540812
Virgin Islands (U.S.),VIR,2021,YR2021,..,..,..,..,1,..,..,..,..
Virgin Islands (U.S.),VIR,2022,YR2022,..,..,..,..,1,..,..,..,..
Virgin Islands (U.S.),VIR,2023,YR2023,..,..,..,..,1,..,..,..,..
West Bank and Gaza,PSE,2021,YR2021,85.45328885,15474736078,8.257399021,17.73525438,..,..,872540971,1.022758125,872540971
West Bank and Gaza,PSE,2022,YR2022,80.64188102,15455419706,-0.124825213,17.23204338,..,..,896900000,0.867681729,896900000
West Bank and Gaza,PSE,2023,YR2023,94.7472118,16505722273,6.795691008,12.47409483,..,..,1323200000,1.349689696,1323200000
"Yemen, Rep.",YEM,2021,YR2021,..,..,..,..,1028.107754,22.20575796,1687999721,..,1687999721
"Yemen, Rep.",YEM,2022,YR2022,..,..,..,..,1115.002387,17.0155735,1250826379,..,1250826379
"Yemen, Rep.",YEM,2023,YR2023,..,..,..,..,1355.116379,..,..,..,..
Zambia,ZMB,2021,YR2021,24.33118285,1.08E+11,3.657025083,1.952274057,20.01848659,10.22185735,2753875454,3.511081263,2753875454
Zambia,ZMB,2022,YR2022,27.12712064,1.34E+11,24.50389378,2.665920888,16.93759433,10.47148461,2967565317,3.053506573,2967565317
Zambia,ZMB,2023,YR2023,29.94854282,1.67E+11,24.57996132,..,20.21201787,..,..,..,..
Zimbabwe,ZWE,2021,YR2021,14.90190815,4.75E+11,131.8294779,4.839594837,88.55244726,6.070384862,838780244.6,1.148207545,836730965.4
Zimbabwe,ZWE,2022,YR2022,18.81817922,2.34E+12,391.8839441,10.30773784,374.9543626,4.328572291,598621573.6,0.704312002,588776316.5
Zimbabwe,ZWE,2023,YR2023,14.14667669,1.89E+13,708.9285998,43.14100428,3509.17222,0.812823219,115529709.9,0.129139506,73941518.84
Africa Eastern and Southern,AFE,2021,YR2021,51.60480361,..,..,..,..,26.33390496,..,5.526208323,..
Africa Eastern and Southern,AFE,2022,YR2022,48.92804658,..,..,..,..,25.74945685,..,4.389742309,..
Africa Eastern and Southern,AFE,2023,YR2023,50.0665701,..,..,..,..,27.5898703,..,4.988005644,..
Africa Western and Central,AFW,2021,YR2021,29.25842607,..,..,..,..,..,..,5.720292307,..
Africa Western and Central,AFW,2022,YR2022,29.4903838,..,..,..,..,..,..,4.503250932,..
Africa Western and Central,AFW,2023,YR2023,..,..,..,..,..,..,..,2.763905088,..
Arab World,ARB,2021,YR2021,..,..,..,..,..,66.05868654,..,20.52490481,..
Arab World,ARB,2022,YR2022,..,..,..,..,..,73.24034731,..,16.4699108,..
Arab World,ARB,2023,YR2023,..,..,..,..,..,88.0103419,..,14.46749962,..
Caribbean small states,CSS,2021,YR2021,79.46089158,..,..,..,..,34.38399564,..,4.975504897,..
Caribbean small states,CSS,2022,YR2022,65.51695755,..,..,..,..,36.97121856,..,4.265686484,..
Caribbean small states,CSS,2023,YR2023,59.49493241,..,..,..,..,34.69816058,..,4.576010288,..
Central Europe and the Baltics,CEB,2021,YR2021,72.76749615,..,..,..,..,..,..,6.37923088,..
Central Europe and the Baltics,CEB,2022,YR2022,66.89715784,..,..,..,..,..,..,5.043570961,..
Central Europe and the Baltics,CEB,2023,YR2023,65.53921876,..,..,..,..,..,..,5.410334936,..
Early-demographic dividend,EAR,2021,YR2021,67.02597196,..,..,..,..,49.23299792,..,12.88104707,..
Early-demographic dividend,EAR,2022,YR2022,..,..,..,..,..,45.92308555,..,9.917888755,..
Early-demographic dividend,EAR,2023,YR2023,..,..,..,..,..,46.77767372,..,9.627719198,..
East Asia & Pacific,EAS,2021,YR2021,203.3715544,..,..,..,..,110.5331444,..,11.4893154,..
East Asia & Pacific,EAS,2022,YR2022,208.0810802,..,..,..,..,113.8724756,..,10.16179046,..
East Asia & Pacific,EAS,2023,YR2023,215.0560763,..,..,..,..,119.8364941,..,10.97107169,..
East Asia & Pacific (excluding high income),EAP,2021,YR2021,188.6450877,..,..,..,..,110.5331444,..,10.80364083,..
East Asia & Pacific (excluding high income),EAP,2022,YR2022,198.0605898,..,..,..,..,113.8724756,..,10.18606252,..
East Asia & Pacific (excluding high income),EAP,2023,YR2023,210.5477128,..,..,..,..,119.8364941,..,10.81305706,..
East Asia & Pacific (IDA & IBRD countries),TEA,2021,YR2021,188.6450877,..,..,..,..,110.5331444,..,10.80364083,..
East Asia & Pacific (IDA & IBRD countries),TEA,2022,YR2022,198.0605898,..,..,..,..,113.8724756,..,10.18606252,..
East Asia & Pacific (IDA & IBRD countries),TEA,2023,YR2023,210.5477128,..,..,..,..,119.8364941,..,10.81305706,..
Euro area,EMU,2021,YR2021,..,..,..,..,0.845494139,..,1.20E+12,2.505142333,5.66E+11
Euro area,EMU,2022,YR2022,..,..,..,..,0.949623753,..,1.18E+12,2.12934187,5.57E+11
Euro area,EMU,2023,YR2023,..,..,..,..,0.924839558,..,1.27E+12,2.050554564,5.53E+11
Europe & Central Asia,ECS,2021,YR2021,..,..,..,..,..,28.98590261,..,9.915293468,..
Europe & Central Asia,ECS,2022,YR2022,..,..,..,..,..,29.72265364,..,8.138344761,..
Europe & Central Asia,ECS,2023,YR2023,..,..,..,..,..,30.79471962,..,7.440875508,..
Europe & Central Asia (excluding high income),ECA,2021,YR2021,56.19684943,..,..,..,..,28.98590261,..,5.870805853,..
Europe & Central Asia (excluding high income),ECA,2022,YR2022,48.72241555,..,..,..,..,29.72265364,..,4.960206667,..
Europe & Central Asia (excluding high income),ECA,2023,YR2023,47.83545978,..,..,..,..,30.79471962,..,4.998220145,..
Europe & Central Asia (IDA & IBRD countries),TEC,2021,YR2021,..,..,..,..,..,28.98590261,..,10.65259324,..
Europe & Central Asia (IDA & IBRD countries),TEC,2022,YR2022,..,..,..,..,..,29.72265364,..,10.43249643,..
Europe & Central Asia (IDA & IBRD countries),TEC,2023,YR2023,..,..,..,..,..,30.79471962,..,10.46900698,..
European Union,EUU,2021,YR2021,..,..,..,..,..,..,..,3.664573677,..
European Union,EUU,2022,YR2022,..,..,..,..,..,..,..,3.02251323,..
European Union,EUU,2023,YR2023,..,..,..,..,..,..,..,3.202112075,..
Fragile and conflict affected situations,FCS,2021,YR2021,35.44837683,..,..,..,..,41.19908923,..,18.73078736,..
Fragile and conflict affected situations,FCS,2022,YR2022,35.09895603,..,..,..,..,45.15968771,..,11.18286663,..
Fragile and conflict affected situations,FCS,2023,YR2023,..,..,..,..,..,..,..,..,..
Heavily indebted poor countries (HIPC),HPC,2021,YR2021,38.50605391,..,..,..,..,..,..,4.711204241,..
Heavily indebted poor countries (HIPC),HPC,2022,YR2022,..,..,..,..,..,..,..,3.681031767,..
Heavily indebted poor countries (HIPC),HPC,2023,YR2023,..,..,..,..,..,..,..,3.631236168,..
High income,HIC,2021,YR2021,..,..,..,..,..,..,..,11.14292074,..
High income,HIC,2022,YR2022,..,..,..,..,..,..,..,9.167984218,..
High income,HIC,2023,YR2023,..,..,..,..,..,..,..,9.040377749,..
IBRD only,IBD,2021,YR2021,145.3114718,..,..,..,..,78.80576526,..,10.66308285,..
IBRD only,IBD,2022,YR2022,155.5862093,..,..,..,..,77.80482778,..,9.547115689,..
IBRD only,IBD,2023,YR2023,160.7203931,..,..,..,..,80.9437937,..,10.08726884,..
IDA & IBRD total,IBT,2021,YR2021,139.0137472,..,..,..,..,74.27759922,..,10.52441529,..
IDA & IBRD total,IBT,2022,YR2022,147.6930419,..,..,..,..,73.09301908,..,9.422577246,..
IDA & IBRD total,IBT,2023,YR2023,154.3912718,..,..,..,..,76.58896814,..,9.996398316,..
IDA blend,IDB,2021,YR2021,35.6603471,..,..,..,..,32.52338762,..,7.685885715,..
IDA blend,IDB,2022,YR2022,33.9065576,..,..,..,..,27.0438349,..,6.47347708,..
IDA blend,IDB,2023,YR2023,..,..,..,..,..,23.4527654,..,6.387205283,..
IDA only,IDX,2021,YR2021,48.70738757,..,..,..,..,..,..,5.774029283,..
IDA only,IDX,2022,YR2022,48.28695405,..,..,..,..,..,..,4.605548085,..
IDA only,IDX,2023,YR2023,..,..,..,..,..,..,..,5.451129621,..
IDA total,IDA,2021,YR2021,42.36776998,..,..,..,..,32.045207,..,6.677495612,..
IDA total,IDA,2022,YR2022,41.17383453,..,..,..,..,28.20568091,..,5.507642038,..
IDA total,IDA,2023,YR2023,..,..,..,..,..,..,..,5.836432888,..
Late-demographic dividend,LTE,2021,YR2021,176.3641406,..,..,..,..,98.96777637,..,10.93959458,..
Late-demographic dividend,LTE,2022,YR2022,182.5498343,..,..,..,..,100.7399817,..,10.29758337,..
Late-demographic dividend,LTE,2023,YR2023,189.7958004,..,..,..,..,106.3212891,..,10.81003335,..
Latin America & Caribbean,LCN,2021,YR2021,68.81175825,..,..,..,..,42.34577987,..,8.184538649,..
Latin America & Caribbean,LCN,2022,YR2022,67.56269911,..,..,..,..,39.90482066,..,6.242324154,..
Latin America & Caribbean,LCN,2023,YR2023,70.51515617,..,..,..,..,39.99252247,..,6.977478997,..
Latin America & Caribbean (excluding high income),LAC,2021,YR2021,67.12520661,..,..,..,..,42.3462575,..,8.446567714,..
Latin America & Caribbean (excluding high income),LAC,2022,YR2022,66.61470734,..,..,..,..,39.90016813,..,6.438641991,..
Latin America & Caribbean (excluding high income),LAC,2023,YR2023,69.99956221,..,..,..,..,40.00657972,..,7.170805103,..
Latin America & the Caribbean (IDA & IBRD countries),TLA,2021,YR2021,68.77373042,..,..,..,..,42.34577987,..,8.193892574,..
Latin America & the Caribbean (IDA & IBRD countries),TLA,2022,YR2022,67.53497501,..,..,..,..,39.90482066,..,6.247492973,..
Latin America & the Caribbean (IDA & IBRD countries),TLA,2023,YR2023,70.50606151,..,..,..,..,39.99252247,..,6.985402229,..
Least developed countries: UN classification,LDC,2021,YR2021,48.56452363,..,..,..,..,..,..,6.158113101,..
Least developed countries: UN classification,LDC,2022,YR2022,47.11710252,..,..,..,..,..,..,4.584631285,..
Least developed countries: UN classification,LDC,2023,YR2023,..,..,..,..,..,..,..,5.702281536,..
Low & middle income,LMY,2021,YR2021,141.8573759,..,..,..,..,74.28479159,..,10.35996441,..
Low & middle income,LMY,2022,YR2022,151.5025438,..,..,..,..,73.10024173,..,9.067089552,..
Low & middle income,LMY,2023,YR2023,159.3571302,..,..,..,..,76.60565091,..,9.696779874,..
Low income,LIC,2021,YR2021,..,..,..,..,..,..,..,4.293058972,..
Low income,LIC,2022,YR2022,..,..,..,..,..,..,..,2.808924836,..
Low income,LIC,2023,YR2023,..,..,..,..,..,..,..,2.674962939,..
Lower middle income,LMC,2021,YR2021,75.7526655,..,..,..,..,63.00876969,..,8.68285321,..
Lower middle income,LMC,2022,YR2022,..,..,..,..,..,55.09495639,..,6.433191178,..
Lower middle income,LMC,2023,YR2023,..,..,..,..,..,59.55003835,..,6.97472105,..
Middle East & North Africa,MEA,2021,YR2021,..,..,..,..,..,66.34825059,..,19.84997705,..
Middle East & North Africa,MEA,2022,YR2022,..,..,..,..,..,73.24060962,..,15.88206112,..
Middle East & North Africa,MEA,2023,YR2023,..,..,..,..,..,88.02187022,..,14.57814391,..
Middle East & North Africa (excluding high income),MNA,2021,YR2021,82.74845526,..,..,..,..,66.34825059,..,18.39807783,..
Middle East & North Africa (excluding high income),MNA,2022,YR2022,81.19595672,..,..,..,..,73.24060962,..,12.85441945,..
Middle East & North Africa (excluding high income),MNA,2023,YR2023,82.01289281,..,..,..,..,88.02187022,..,12.90263841,..
Middle East & North Africa (IDA & IBRD countries),TMN,2021,YR2021,82.70369557,..,..,..,..,66.34825059,..,18.44503673,..
Middle East & North Africa (IDA & IBRD countries),TMN,2022,YR2022,81.2046824,..,..,..,..,73.24060962,..,12.89358253,..
Middle East & North Africa (IDA & IBRD countries),TMN,2023,YR2023,81.81871767,..,..,..,..,88.02187022,..,12.9587186,..
Middle income,MIC,2021,YR2021,142.480496,..,..,..,..,75.01920775,..,10.37301372,..
Middle income,MIC,2022,YR2022,152.2155113,..,..,..,..,73.85773117,..,9.080524331,..
Middle income,MIC,2023,YR2023,160.1794356,..,..,..,..,77.3798702,..,9.709719231,..
North America,NAC,2021,YR2021,114.9809344,..,..,..,..,..,..,1.944102804,..
North America,NAC,2022,YR2022,103.8161168,..,..,..,..,..,..,1.651787795,..
North America,NAC,2023,YR2023,99.12791711,..,..,..,..,..,..,1.768428269,..
Not classified,INX,2021,YR2021,..,..,..,..,..,..,..,..,..
Not classified,INX,2022,YR2022,..,..,..,..,..,..,..,..,..
Not classified,INX,2023,YR2023,..,..,..,..,..,..,..,..,..
OECD members,OED,2021,YR2021,135.9794909,..,..,..,..,..,..,9.59832724,..
OECD members,OED,2022,YR2022,123.6905991,..,..,..,..,..,..,7.173175203,..
OECD members,OED,2023,YR2023,116.8863991,..,..,..,..,..,..,7.084345359,..
Other small states,OSS,2021,YR2021,..,..,..,..,..,39.83773917,..,5.310527316,..
Other small states,OSS,2022,YR2022,..,..,..,..,..,34.82489766,..,3.719454608,..
Other small states,OSS,2023,YR2023,..,..,..,..,..,30.02181758,..,3.91014394,..
Pacific island small states,PSS,2021,YR2021,88.48211393,..,..,..,..,85.09294442,..,10.17598287,..
Pacific island small states,PSS,2022,YR2022,81.35067041,..,..,..,..,77.09433148,..,8.278961208,..
Pacific island small states,PSS,2023,YR2023,79.1176412,..,..,..,..,74.85081036,..,..,..
Post-demographic dividend,PST,2021,YR2021,145.3979234,..,..,..,..,..,..,9.323680663,..
Post-demographic dividend,PST,2022,YR2022,133.3833113,..,..,..,..,..,..,7.048459994,..
Post-demographic dividend,PST,2023,YR2023,126.6782814,..,..,..,..,..,..,6.891992554,..
Pre-demographic dividend,PRE,2021,YR2021,31.97571183,..,..,..,..,40.90362026,..,9.415482815,..
Pre-demographic dividend,PRE,2022,YR2022,31.24149291,..,..,..,..,..,..,10.90407892,..
Pre-demographic dividend,PRE,2023,YR2023,..,..,..,..,..,..,..,13.22999672,..
Small states,SST,2021,YR2021,..,..,..,..,..,42.31059114,..,5.611968323,..
Small states,SST,2022,YR2022,..,..,..,..,..,38.66702456,..,4.144801252,..
Small states,SST,2023,YR2023,..,..,..,..,..,34.6426305,..,4.217021149,..
South Asia,SAS,2021,YR2021,77.07262842,..,..,..,..,79.41661149,..,9.325551789,..
South Asia,SAS,2022,YR2022,..,..,..,..,..,72.60830371,..,6.759951951,..
South Asia,SAS,2023,YR2023,..,..,..,..,..,75.54045177,..,7.748517089,..
South Asia (IDA & IBRD),TSA,2021,YR2021,77.07262842,..,..,..,..,79.41661149,..,9.325551789,..
South Asia (IDA & IBRD),TSA,2022,YR2022,..,..,..,..,..,72.60830371,..,6.759951951,..
South Asia (IDA & IBRD),TSA,2023,YR2023,..,..,..,..,..,75.54045177,..,7.748517089,..
Sub-Saharan Africa,SSF,2021,YR2021,41.09903498,..,..,..,..,28.57671415,..,5.593029275,..
Sub-Saharan Africa,SSF,2022,YR2022,40.04601548,..,..,..,..,26.38956143,..,4.423543804,..
Sub-Saharan Africa,SSF,2023,YR2023,..,..,..,..,..,..,..,4.883149072,..
Sub-Saharan Africa (excluding high income),SSA,2021,YR2021,41.05167025,..,..,..,..,28.57671415,..,5.59782017,..
Sub-Saharan Africa (excluding high income),SSA,2022,YR2022,39.99680601,..,..,..,..,26.38956143,..,4.428356419,..
Sub-Saharan Africa (excluding high income),SSA,2023,YR2023,..,..,..,..,..,..,..,4.893019417,..
Sub-Saharan Africa (IDA & IBRD countries),TSS,2021,YR2021,41.09903498,..,..,..,..,28.57671415,..,5.593029275,..
Sub-Saharan Africa (IDA & IBRD countries),TSS,2022,YR2022,40.04601548,..,..,..,..,26.38956143,..,4.423543804,..
Sub-Saharan Africa (IDA & IBRD countries),TSS,2023,YR2023,..,..,..,..,..,..,..,4.883149072,..
Upper middle income,UMC,2021,YR2021,158.9870896,..,..,..,..,78.66984397,..,10.76901608,..
Upper middle income,UMC,2022,YR2022,163.3946119,..,..,..,..,79.74424794,..,9.641055023,..
Upper middle income,UMC,2023,YR2023,168.2008433,..,..,..,..,82.43114871,..,10.25566062,..
World,WLD,2021,YR2021,142.0640363,..,..,..,..,..,..,10.81305673,..
World,WLD,2022,YR2022,139.1790611,..,..,..,..,..,..,9.124862706,..
World,WLD,2023,YR2023,138.3555173,..,..,..,..,..,..,9.321063182,..
